{
  "train": {
    "rmse": 0.06472794369983377,
    "r2": 0.10250942143034625,
    "mae": 0.054018969669431094
  },
  "test": {
    "rmse": 0.06526619917447632,
    "r2": 0.08756967267098104,
    "mae": 0.05448728971747406
  },
  "best_iteration": 903,
  "n_features": 25
}