dataset,stat,kind,season,level_id,pitch_tag,n_players,mu,var_obs,var_within,var_true,var_between,K,n_50,n_70,n_80
hitters,pull_FB_pct,rate,2022.0,1,,584,0.0902902734506362,0.0020604133639468,0.0008131602280531,0.0012472531358936,,64.85506791449689,64.85506791449689,151.32849180049274,259.42027165798754
hitters,pull_FB_pct,rate,2024.0,14,,264,0.0878692220907861,0.0030474161702604,0.0013568922434296,0.0016905239268308,,46.41028543156849,46.41028543156849,108.29066600699312,185.641141726274
hitters,pull_FB_pct,rate,2023.0,1,,576,0.0926096125499787,0.0020798358693549,0.0008263135930698,0.0012535222762851,,66.03755793025005,66.03755793025005,154.08763517058344,264.1502317210002
hitters,pull_FB_pct,rate,2021.0,14,,248,0.0710404877589652,0.0018141543772302,0.0011101702502437,0.0007039841269864,,92.74321710977922,92.74321710977922,216.40083992281816,370.9728684391169
hitters,pull_FB_pct,rate,2015.0,1,,608,0.0597064868316593,0.0014649954141922,0.0006581609821527,0.0008068344320395,,68.58258105069457,68.58258105069457,160.02602245162066,274.3303242027783
hitters,pull_FB_pct,rate,2022.0,11,,313,0.08586304260175,0.0019539753791864,0.001253479435778,0.0007004959434083,,111.0500143584128,111.0500143584128,259.1167001696299,444.2000574336512
hitters,pull_FB_pct,rate,2025.0,14,,249,0.092209053917969,0.0034115896733264,0.0013302163499132,0.0020813733234132,,39.21697758490183,39.21697758490183,91.5062810314376,156.8679103396073
hitters,pull_FB_pct,rate,2018.0,1,,604,0.0704649353953111,0.0016943952306689,0.0007869501370457,0.0009074450936231,,71.18026604070077,71.18026604070077,166.08728742830178,284.72106416280315
hitters,pull_FB_pct,rate,2024.0,1,,564,0.0938915391675623,0.0020836144834744,0.000820872503428,0.0012627419800464,,66.37395238667997,66.37395238667997,154.87255556891992,265.4958095467199
hitters,pull_FB_pct,rate,2023.0,14,,241,0.0890266545765676,0.0030476157657237,0.0013883618657003,0.0016592539000234,,47.87793806018977,47.87793806018977,111.71518880710948,191.5117522407591
hitters,pull_FB_pct,rate,2023.0,11,,707,0.0879525649207057,0.0020060709798207,0.0009392511236759,0.0010668198561448,,74.19255550272273,74.19255550272273,173.11596283968638,296.7702220108909
hitters,pull_FB_pct,rate,2020.0,1,,459,0.0908094034391579,0.0022443904896957,0.0012634996960479,0.0009808907936478,,83.17150637038802,83.17150637038802,194.06684819757203,332.68602548155206
hitters,pull_FB_pct,rate,2019.0,1,,609,0.0730341899407085,0.0015664129546389,0.0007791506433553,0.0007872623112835,,84.99445962303486,84.99445962303486,198.3204057870813,339.9778384921394
hitters,pull_FB_pct,rate,2017.0,1,,602,0.0696423804479944,0.001538441989495,0.0007775331894946,0.0007609088000003,,84.15122875895155,84.15122875895155,196.35286710422028,336.60491503580624
hitters,pull_FB_pct,rate,2025.0,1,,576,0.0971450111591175,0.002156703512638,0.0008943137606613,0.0012623897519766,,68.47763781247372,68.47763781247372,159.781154895772,273.91055124989487
hitters,pull_FB_pct,rate,2022.0,14,,257,0.0849808435280911,0.002395726514566,0.0013160211581334,0.0010797053564325,,71.01881448312034,71.01881448312034,165.71056712728077,284.0752579324813
hitters,pull_FB_pct,rate,2021.0,1,,607,0.086328218063359,0.0021213688140907,0.0009198343611727,0.0012015344529179,,64.64577206905055,64.64577206905055,150.84013482778462,258.5830882762022
hitters,pull_FB_pct,rate,2025.0,11,,715,0.0917709510842541,0.0024603660237875,0.0010173621888909,0.0014430038348965,,56.76079148626707,56.76079148626707,132.4418468012898,227.04316594506827
hitters,pull_FB_pct,rate,2016.0,1,,602,0.0672711107672517,0.0014740481866986,0.0007401785725007,0.0007338696141979,,84.49980433781688,84.49980433781688,197.16621012157276,337.99921735126753
hitters,pull_FB_pct,rate,2024.0,11,,681,0.0914111949586597,0.0020440719572772,0.0009342373928535,0.0011098345644237,,73.83564763367615,73.83564763367615,172.283177811911,295.3425905347046
hitters,pull_FB_pct,rate,2025.0,16,,15,0.1041969881969882,0.0063483897866254,0.0039598413754875,0.0023885484111378,,38.07811766025699,38.07811766025699,88.84894120726632,152.31247064102797
hitters,chase,rate,2024.0,1,,622,0.3346630789506271,0.0044268379511904,0.0011369387349581,0.0032898992162323,,66.68101023863937,66.68101023863937,155.58902389015853,266.7240409545575
hitters,chase,rate,2021.0,1,,726,0.3306229628349388,0.0057251730166266,0.0015657105197823,0.0041594624968443,,52.20673511279153,52.20673511279153,121.81571526318022,208.8269404511661
hitters,chase,rate,2015.0,1,,715,0.3349726739025591,0.0050490062844456,0.0016433852495343,0.0034056210349113,,64.41126548066735,64.41126548066735,150.29295278822383,257.6450619226694
hitters,chase,rate,2023.0,16,,17,0.2657908062808718,0.0054294508910066,0.0063320214827927,1e-8,,19514604.35774359,19514604.35774359,45534076.83473504,78058417.43097436
hitters,chase,rate,2018.0,1,,706,0.330071209009628,0.0058092611766586,0.0015246615310754,0.0042845996455831,,50.609070691237065,50.609070691237065,118.08783161288648,202.4362827649483
hitters,chase,rate,2025.0,14,,327,0.2914728693903384,0.0051592736919419,0.0019253133195393,0.0032339603724025,,62.85867852990391,62.85867852990391,146.67024990310912,251.43471411961565
hitters,chase,rate,2021.0,14,,323,0.3071370307402533,0.0064908423490805,0.0020210411044977,0.0044698012445827,,46.609247804077306,46.609247804077306,108.75491154284704,186.43699121630925
hitters,chase,rate,2016.0,1,,722,0.3339310695453139,0.0054341871319522,0.0017066739952796,0.0037275131366726,,58.67010770515428,58.67010770515428,136.89691797869332,234.68043082061712
hitters,chase,rate,2024.0,14,,343,0.3014942454109319,0.0058231925134243,0.0019612344146734,0.0038619580987508,,53.530748395002256,53.530748395002256,124.9050795883386,214.12299358000905
hitters,chase,rate,2017.0,1,,716,0.3335254703330199,0.0062742407719895,0.0016633903662273,0.0046108504057621,,47.20937818636834,47.20937818636834,110.1552157681928,188.83751274547336
hitters,chase,rate,2021.0,16,,11,0.2751585535676444,0.0030753270707208,0.0073527831800478,1e-8,,19944631.39662062,19944631.39662062,46537473.25878145,79778525.58648248
hitters,chase,rate,2022.0,16,,29,0.3127578067734655,0.0111528097235021,0.0067333676651229,0.0044194420583792,,47.63518024140449,47.63518024140449,111.14875389661049,190.540720965618
hitters,chase,rate,2023.0,14,,319,0.2989675909221231,0.0058739587300532,0.0019078329882446,0.0039661257418085,,51.84400549660163,51.84400549660163,120.96934615873714,207.37602198640656
hitters,chase,rate,2023.0,1,,624,0.3306582361280401,0.004591197521687,0.0009596210909949,0.003631576430692,,59.94415778729968,59.94415778729968,139.86970150369925,239.77663114919875
hitters,chase,rate,2022.0,14,,340,0.3299900680158833,0.0068176058342536,0.0020900652890539,0.0047275405451996,,45.767789913776,45.767789913776,106.79150979881064,183.07115965510403
hitters,chase,rate,2022.0,1,,651,0.3366307151574253,0.0047326196091374,0.0011806158908248,0.0035520037183125,,61.868874719566506,61.868874719566506,144.36070767898852,247.47549887826605
hitters,chase,rate,2020.0,1,,538,0.3151877963459351,0.0055863483395776,0.001629568634008,0.0039567797055696,,53.55053488995149,53.55053488995149,124.95124807655348,214.202139559806
hitters,chase,rate,2019.0,1,,724,0.3293531460076715,0.0055726248989255,0.0014810564764054,0.0040915684225201,,52.98410301702226,52.98410301702226,123.62957370638526,211.93641206808903
hitters,chase,rate,2023.0,11,,835,0.3040724200789531,0.0052820469160532,0.0015108455513518,0.0037712013647013,,55.11272455695066,55.11272455695066,128.59635729955156,220.45089822780267
hitters,chase,rate,2025.0,1,,633,0.3370345892328091,0.0045857845892314,0.0011570355319768,0.0034287490572546,,64.16728729993169,64.16728729993169,149.72367036650726,256.66914919972675
hitters,chase,rate,2024.0,11,,804,0.3085995818476889,0.0051334573734192,0.0014911471121337,0.0036423102612855,,57.57982012103931,57.57982012103931,134.35291361575838,230.31928048415725
hitters,chase,rate,2025.0,16,,158,0.2972531676081977,0.0120927499070497,0.0064519186443024,0.0056408312627472,,36.032435863602124,36.032435863602124,84.07568368173828,144.12974345440853
hitters,chase,rate,2025.0,11,,827,0.3094102555618734,0.0045459082944355,0.0014491261737195,0.0030967821207159,,67.99921950776661,67.99921950776661,158.6648455181221,271.99687803106644
hitters,chase,rate,2022.0,11,,442,0.3077104794988011,0.0056216733593962,0.0022899186149308,0.0033317547444654,,62.93770149477151,62.93770149477151,146.8546368211335,251.75080597908604
hitters,z_con,rate,2025.0,11,,773,0.8278987364400998,0.0040908234065329,0.0013548713519237,0.0027359520546092,,51.07782000453841,51.07782000453841,119.1815800105896,204.31128001815367
hitters,z_con,rate,2023.0,11,,764,0.8289868038968143,0.0035403719963243,0.0013189078609319,0.0022214641353924,,62.81722783776307,62.81722783776307,146.57353162144716,251.26891135105228
hitters,z_con,rate,2017.0,1,,657,0.8299465961378111,0.0052977384073942,0.0013819068471238,0.0039158315602703,,35.04221517825629,35.04221517825629,81.76516874926469,140.16886071302517
hitters,z_con,rate,2022.0,14,,296,0.7978185964285548,0.0071780004884268,0.0022055678213436,0.0049724326670832,,31.439671770546887,31.439671770546887,73.35923413127607,125.75868708218756
hitters,z_con,rate,2015.0,1,,658,0.8417068987650194,0.0050846219787953,0.0013343654584291,0.0037502565203661,,34.527275164468705,34.527275164468705,80.56364205042698,138.10910065787482
hitters,z_con,rate,2020.0,1,,498,0.8206012901381283,0.0052287450138968,0.001653595612546,0.0035751494013508,,40.17724778330785,40.17724778330785,93.74691149438496,160.7089911332314
hitters,z_con,rate,2022.0,11,,386,0.817446805134198,0.0056150191794084,0.0022578124260165,0.0033572067533918,,43.449906387005406,43.449906387005406,101.3831149030126,173.79962554802162
hitters,z_con,rate,2025.0,14,,282,0.8251896191814173,0.0040848299896392,0.0018369759432288,0.0022478540464104,,63.173077343254334,63.173077343254334,147.4038471342601,252.6923093730173
hitters,z_con,rate,2019.0,1,,680,0.8158035587320146,0.0061581087790689,0.0014379688953368,0.0047201398837321,,30.835520978963128,30.835520978963128,71.94954895091396,123.34208391585253
hitters,z_con,rate,2024.0,14,,304,0.8193378555181201,0.0050200765996358,0.0020423140963935,0.0029777625032422,,48.709583578917616,48.709583578917616,113.65569501747444,194.8383343156705
hitters,z_con,rate,2025.0,1,,601,0.8370313343709552,0.0037499036260835,0.0009970289738564,0.002752874652227,,48.55179471821457,48.55179471821457,113.28752100916734,194.20717887285832
hitters,z_con,rate,2024.0,1,,592,0.8369165754304967,0.0036304803316453,0.0009913574257668,0.0026391229058784,,50.71688703704203,50.71688703704203,118.3394030864314,202.8675481481681
hitters,z_con,rate,2018.0,1,,660,0.82648916167425,0.006294121742171,0.0013698664764969,0.004924255265674,,28.12213513968072,28.12213513968072,65.61831532592169,112.48854055872287
hitters,z_con,rate,2021.0,1,,676,0.8172761475812437,0.0063588588151286,0.0014617020357859,0.0048971567793426,,29.494397648434934,29.494397648434934,68.82026117968151,117.97759059373972
hitters,z_con,rate,2022.0,1,,616,0.8297050652981739,0.0038704331997707,0.0010405066779391,0.0028299265218316,,48.928706214348814,48.928706214348814,114.16698116681388,195.71482485739529
hitters,z_con,rate,2016.0,1,,663,0.8396473235247456,0.0052878115444274,0.0013967087500925,0.0038911027943349,,33.60193748119418,33.60193748119418,78.40452078945309,134.4077499247767
hitters,z_con,rate,2023.0,14,,279,0.8092277121260819,0.0065521925018691,0.0021159177930106,0.0044362747088585,,33.79906727710107,33.79906727710107,78.86449031323582,135.19626910840427
hitters,z_con,rate,2023.0,1,,606,0.8298894245258555,0.0035837415079001,0.0010268414584318,0.0025569000494682,,54.2125483416368,54.2125483416368,126.49594613048583,216.8501933665472
hitters,z_con,rate,2024.0,11,,733,0.8253983913316016,0.0040216652999343,0.0012732408907314,0.0027484244092029,,51.435819750488335,51.435819750488335,120.01691275113944,205.7432790019533
hitters,z_con,rate,2025.0,16,,43,0.8230325635497748,0.0064459896420153,0.0053973883702186,0.0010486012717966,,137.8992811699629,137.8992811699629,321.7649893965801,551.5971246798516
hitters,z_con,rate,2021.0,14,,280,0.7899347347037619,0.006806928378799,0.0021337398168247,0.0046731885619742,,34.508485782597,34.508485782597,80.51980015939299,138.03394313038802
hitters,secondary_whiff_pct,rate,2023.0,11,,737,0.3339924644350073,0.007538892790045,0.0022618719939912,0.0052770207960537,,41.15285607780463,41.15285607780463,96.0233308482108,164.61142431121854
hitters,secondary_whiff_pct,rate,2022.0,14,,279,0.3986492477064775,0.013371379195418,0.0038568200300055,0.0095145591654124,,24.195915106713645,24.195915106713645,56.457135248998505,96.7836604268546
hitters,secondary_whiff_pct,rate,2025.0,14,,268,0.3388162085506364,0.0092603532605456,0.0031528091818081,0.0061075440787375,,35.67919256676294,35.67919256676294,83.25144932244687,142.71677026705177
hitters,secondary_whiff_pct,rate,2021.0,1,,632,0.343871683993004,0.0105783082074258,0.0023278084404352,0.0082504997669906,,26.34670084393156,26.34670084393156,61.47563530250698,105.38680337572626
hitters,secondary_whiff_pct,rate,2024.0,1,,584,0.3224235737815014,0.007400344508603,0.0017288354367197,0.0056715090718832,,37.52001470552599,37.52001470552599,87.54670097956064,150.08005882210395
hitters,secondary_whiff_pct,rate,2016.0,1,,603,0.3417555387422656,0.0109290283640351,0.0025687047415149,0.0083603236225202,,25.90789264129401,25.90789264129401,60.45174949635269,103.63157056517603
hitters,secondary_whiff_pct,rate,2017.0,1,,608,0.3500466205888947,0.0104896768287182,0.0025599033237042,0.0079297735050139,,27.69110748993428,27.69110748993428,64.61258414317999,110.76442995973711
hitters,secondary_whiff_pct,rate,2024.0,11,,710,0.3330413670859835,0.0079652449082043,0.0020669608952533,0.005898284012951,,36.65922671878048,36.65922671878048,85.53819567715443,146.6369068751219
hitters,secondary_whiff_pct,rate,2023.0,14,,257,0.3747467542435538,0.0124556426182794,0.0035577278817829,0.0088979147364964,,25.333318689423205,25.333318689423205,59.11107694198748,101.33327475769283
hitters,secondary_whiff_pct,rate,2025.0,16,,26,0.3935664235875242,0.010240691306789,0.0090109873541616,0.0012297039526273,,193.0889051402305,193.0889051402305,450.540778660538,772.3556205609223
hitters,secondary_whiff_pct,rate,2022.0,11,,366,0.3475560368057987,0.0102866973823202,0.003743497419354,0.0065431999629661,,33.65595417671614,33.65595417671614,78.530559745671,134.62381670686457
hitters,secondary_whiff_pct,rate,2025.0,11,,752,0.3275450744978629,0.0078985135841906,0.002252070958527,0.0056464426256635,,38.0085073509742,38.0085073509742,88.68651715227314,152.0340294038968
hitters,secondary_whiff_pct,rate,2019.0,1,,643,0.3489206585915874,0.0112073634528474,0.0024005103473757,0.0088068531054716,,24.795256248620444,24.795256248620444,57.8555979134477,99.1810249944818
hitters,secondary_whiff_pct,rate,2020.0,1,,484,0.3412680458870263,0.0086924553199624,0.0028605010452715,0.0058319542746908,,37.54697004725635,37.54697004725635,87.6095967769315,150.1878801890254
hitters,secondary_whiff_pct,rate,2021.0,14,,259,0.3903942911724476,0.0115464068173542,0.0037093293054351,0.0078370775119191,,29.366751921295187,29.366751921295187,68.52242114968877,117.46700768518076
hitters,secondary_whiff_pct,rate,2015.0,1,,599,0.3425885920759929,0.0121045857401262,0.0025357604873003,0.0095688252528258,,22.53702180827987,22.53702180827987,52.5863842193197,90.1480872331195
hitters,secondary_whiff_pct,rate,2022.0,1,,603,0.3242644839331791,0.0070744833609654,0.00177217361015,0.0053023097508153,,40.32482610225394,40.32482610225394,94.09126090525918,161.29930440901575
hitters,secondary_whiff_pct,rate,2024.0,14,,286,0.3603947649627103,0.0102273939285493,0.0035818176023906,0.0066455763261586,,33.686288598151705,33.686288598151705,78.60134006235397,134.74515439260682
hitters,secondary_whiff_pct,rate,2018.0,1,,613,0.3495382601886119,0.0117386176354671,0.0025453346518483,0.0091932829836187,,23.73123749786215,23.73123749786215,55.37288749501168,94.9249499914486
hitters,secondary_whiff_pct,rate,2025.0,1,,597,0.3257147521391795,0.0078431826191192,0.0018229953304847,0.0060201872886345,,35.48136542076028,35.48136542076028,82.78985264844064,141.92546168304114
hitters,secondary_whiff_pct,rate,2023.0,1,,600,0.3304813740030051,0.007438481874654,0.0017874633173269,0.0056510185573271,,38.154611367042975,38.154611367042975,89.02742652310027,152.6184454681719
hitters,whiffs_vs_95,rate,2022.0,11,,187,0.2429212414109339,0.0100670396504234,0.0044615083304286,0.0056055313199947,,31.80875645566406,31.80875645566406,74.2204317298828,127.23502582265624
hitters,whiffs_vs_95,rate,2025.0,1,,530,0.2247423066330272,0.0075746498488607,0.0023609578174064,0.0052136920314542,,32.41839164859428,32.41839164859428,75.64291384671999,129.67356659437712
hitters,whiffs_vs_95,rate,2025.0,11,,563,0.2390299363282885,0.0089791966863162,0.0037720520023325,0.0052071446839836,,33.931740311856856,33.931740311856856,79.174060727666,135.72696124742745
hitters,whiffs_vs_95,rate,2023.0,14,,85,0.2688403368226264,0.0111097683630751,0.0064039672690304,0.0047058010940446,,40.7708284288686,40.7708284288686,95.13193300069338,163.0833137154744
hitters,whiffs_vs_95,rate,2022.0,14,,106,0.2990293554364864,0.0130827844141489,0.0066211893255842,0.0064615950885646,,31.439482380237905,31.439482380237905,73.3587922205551,125.75792952095163
hitters,whiffs_vs_95,rate,2022.0,1,,519,0.2338851486610632,0.0079225975899165,0.0024968330958192,0.0054257644940973,,32.02444956683779,32.02444956683779,74.72371565595483,128.09779826735115
hitters,whiffs_vs_95,rate,2018.0,1,,483,0.2260353624138235,0.0087805249734677,0.0025899871890497,0.0061905377844179,,27.25980285470827,27.25980285470827,63.606206660985954,109.03921141883308
hitters,whiffs_vs_95,rate,2019.0,1,,492,0.2440290160472701,0.0097830970832605,0.0028803375499218,0.0069027595333387,,25.7253776527027,25.7253776527027,60.025881189639634,102.90151061081082
hitters,whiffs_vs_95,rate,2023.0,1,,520,0.2340124656042801,0.007097352577132,0.002505088831497,0.004592263745635,,38.03317437210898,38.03317437210898,88.74407353492094,152.13269748843595
hitters,whiffs_vs_95,rate,2023.0,11,,539,0.2478890772938762,0.008999517545236,0.0038253588012221,0.0051741587440139,,35.03292667971647,35.03292667971647,81.7434955860051,140.13170671886587
hitters,whiffs_vs_95,rate,2017.0,1,,471,0.2190339675983003,0.0089410410114521,0.002590940075291,0.006350100936161,,25.93785348550068,25.93785348550068,60.52165813283491,103.75141394200271
hitters,whiffs_vs_95,rate,2015.0,1,,462,0.2121937174314461,0.0078567362881317,0.0026366555876215,0.0052200807005102,,31.02393857584031,31.02393857584031,72.38919001029406,124.09575430336126
hitters,whiffs_vs_95,rate,2025.0,14,,121,0.2753916589563179,0.0123080699350307,0.0061484305987077,0.0061596393363229,,31.39655477178133,31.39655477178133,73.2586278008231,125.58621908712531
hitters,whiffs_vs_95,rate,2024.0,1,,511,0.2287522911773082,0.0066135813065462,0.0023061056629734,0.0043074756435727,,39.95778944721028,39.95778944721028,93.23484204349066,159.83115778884113
hitters,whiffs_vs_95,rate,2024.0,11,,531,0.2534155292236565,0.0100246688658515,0.0041900041804573,0.0058346646853941,,31.426216239223365,31.426216239223365,73.32783789152118,125.70486495689346
hitters,whiffs_vs_95,rate,2020.0,1,,349,0.239368585058996,0.0110375613165948,0.004595087713027,0.0064424736035678,,27.26108056461734,27.26108056461734,63.60918798410713,109.04432225846938
hitters,whiffs_vs_95,rate,2021.0,1,,513,0.2410905491191674,0.0088522303012919,0.002715045153882,0.0061371851474098,,28.8126733754815,28.8126733754815,67.22957120945684,115.250693501926
hitters,whiffs_vs_95,rate,2024.0,14,,118,0.2513820483091533,0.0097634748897579,0.0057418446776992,0.0040216302120587,,45.79423621116875,45.79423621116875,106.85321782606042,183.176944844675
hitters,whiffs_vs_95,rate,2021.0,14,,105,0.3091952813803066,0.0113961148204864,0.006929496729474,0.0044666180910124,,46.819973635588646,46.819973635588646,109.24660514970682,187.27989454235455
hitters,whiffs_vs_95,rate,2016.0,1,,471,0.2159165935273523,0.0081212758308812,0.0026360145114103,0.0054852613194709,,29.863911180666232,29.863911180666232,69.68245942155454,119.45564472266494
hitters,damage_rate,rate,2024.0,14,,264,0.0553463217854165,0.0025833633485346,0.0008851418025629,0.0016982215459716,,29.786976277777946,29.786976277777946,69.50294464814854,119.14790511111178
hitters,damage_rate,rate,2022.0,11,,313,0.0911408730539898,0.0045000927136154,0.0013228464299321,0.0031772462836832,,25.07107127273712,25.07107127273712,58.49916630305328,100.28428509094849
hitters,damage_rate,rate,2016.0,1,,602,0.0781300348578771,0.0038071141528538,0.0008496502025854,0.0029574639502684,,23.35388350361715,23.35388350361715,54.49239484177335,93.4155340144686
hitters,damage_rate,rate,2025.0,14,,249,0.066208596599257,0.0041406289876888,0.0009824877005475,0.0031581412871413,,18.576394060436577,18.576394060436577,43.34491947435201,74.30557624174631
hitters,damage_rate,rate,2023.0,14,,241,0.0627997730999317,0.0034837188791091,0.0010075518672471,0.0024761670118619,,22.768978956823823,22.768978956823823,53.12761756592226,91.07591582729532
hitters,damage_rate,rate,2021.0,14,,248,0.069022932510756,0.0035221059609608,0.001080983971639,0.0024411219893218,,25.323456008941225,25.323456008941225,59.08806402086286,101.29382403576491
hitters,damage_rate,rate,2024.0,1,,564,0.1116141134225721,0.0049430337121133,0.0009567309612948,0.0039863027508185,,23.87427807311052,23.87427807311052,55.70664883725788,95.49711229244208
hitters,damage_rate,rate,2021.0,1,,607,0.1079012578814107,0.0051332209136214,0.0011225509836138,0.0040106699300076,,23.00062286572596,23.00062286572596,53.66812002002724,92.00249146290383
hitters,damage_rate,rate,2022.0,1,,584,0.1052392878884491,0.0044849038205804,0.0009322172386986,0.0035526865818817,,25.50500628268365,25.50500628268365,59.51168132626184,102.0200251307346
hitters,damage_rate,rate,2015.0,1,,608,0.0723756491180307,0.0037938667851099,0.000787067151034,0.0030067996340759,,21.328529567420723,21.328529567420723,49.76656899064835,85.3141182696829
hitters,damage_rate,rate,2024.0,11,,681,0.0860537691326621,0.0038069638496079,0.0008846694322422,0.0029222944173657,,25.913276596415702,25.913276596415702,60.46431205830331,103.65310638566284
hitters,damage_rate,rate,2025.0,11,,715,0.101005406950617,0.004888775628173,0.0011083493583812,0.0037804262697918,,23.01933227555253,23.01933227555253,53.71177530962257,92.07732910221011
hitters,damage_rate,rate,2022.0,14,,257,0.0528334922182952,0.0032378154830153,0.000846929574066,0.0023908859089493,,19.930364820421616,19.930364820421616,46.50418458098377,79.72145928168646
hitters,damage_rate,rate,2017.0,1,,602,0.0789629166917145,0.0040203911769165,0.0008727617574472,0.0031476294194693,,22.105570823998736,22.105570823998736,51.57966525599705,88.42228329599494
hitters,damage_rate,rate,2019.0,1,,609,0.0955596494304532,0.0045429314197698,0.0009946859382053,0.0035482454815644,,23.35795473572329,23.35795473572329,54.50189438335433,93.43181894289314
hitters,damage_rate,rate,2023.0,11,,707,0.0949170275527233,0.0042601470835805,0.0010058849530456,0.0032542621305349,,25.398545042576924,25.398545042576924,59.26327176601283,101.59418017030772
hitters,damage_rate,rate,2020.0,1,,459,0.1079777540256044,0.0051508818248851,0.0014740063649625,0.0036768754599225,,25.195763144835563,25.195763144835563,58.79011400461631,100.78305257934224
hitters,damage_rate,rate,2018.0,1,,604,0.0827124952538868,0.0041550165223521,0.0009115594137025,0.0032434571086495,,22.39205848612309,22.39205848612309,52.24813646762055,89.56823394449238
hitters,damage_rate,rate,2025.0,1,,576,0.1207851479369342,0.0048913553926317,0.0010828292032347,0.0038085261893969,,26.8837772654523,26.8837772654523,62.728813619388696,107.5351090618092
hitters,damage_rate,rate,2023.0,1,,576,0.1154759227587215,0.0049789699298972,0.0010043746808499,0.0039745952490472,,24.69852466014664,24.69852466014664,57.629890873675485,98.79409864058655
hitters,damage_rate,rate,2025.0,16,,15,0.0770018226539965,0.0060946393488802,0.0030151710429126,0.0030794683059676,,22.07948480074605,22.07948480074605,51.518797868407454,88.31793920298422
hitters,selection_skill,rate,2023.0,14,,325,0.5745279713915789,0.0037332513477178,0.0020449888225168,0.001688262525201,,143.79121453645877,143.79121453645877,335.51283391840377,575.1648581458351
hitters,selection_skill,rate,2015.0,1,,728,0.5410887384347369,0.003312854791697,0.0017521003359278,0.0015607544557692,,158.0972331720549,158.0972331720549,368.8935440681281,632.3889326882196
hitters,selection_skill,rate,2025.0,1,,642,0.523399460400587,0.002449640495907,0.001234047635906,0.001215592860001,,204.21053838104652,204.21053838104652,476.491256222442,816.8421535241862
hitters,selection_skill,rate,2018.0,1,,716,0.5370249718940897,0.0030707297343682,0.0016127573868677,0.0014579723475004,,169.53077301670805,169.53077301670805,395.57180370565214,678.1230920668322
hitters,selection_skill,rate,2023.0,11,,848,0.5433311264934833,0.003088364721756,0.0016166211722504,0.0014717435495056,,167.59079393292035,167.59079393292035,391.0451858434808,670.3631757316815
hitters,selection_skill,rate,2019.0,1,,736,0.5352642947660601,0.0031989102416506,0.0015757870967997,0.0016231231448508,,152.25789069288658,152.25789069288658,355.2684116167353,609.0315627715463
hitters,selection_skill,rate,2021.0,14,,325,0.5676553389780951,0.0037707567551596,0.0020678533848462,0.0017029033703133,,143.12018872368256,143.12018872368256,333.947107021926,572.4807548947302
hitters,selection_skill,rate,2022.0,16,,32,0.614761375071571,0.0124067898322567,0.0074863262087286,0.0049204636235281,,47.13160809872396,47.13160809872396,109.9737522303559,188.52643239489583
hitters,selection_skill,rate,2025.0,16,,183,0.5908116022957194,0.0092258430059546,0.0070876756004319,0.0021381674055227,,112.06563380587252,112.06563380587252,261.4864788803692,448.2625352234901
hitters,selection_skill,rate,2017.0,1,,728,0.5349185826445699,0.0039378126951478,0.0017434929693396,0.0021943197258081,,112.37486039983064,112.37486039983064,262.20800759960485,449.49944159932267
hitters,selection_skill,rate,2021.0,16,,20,0.5833336370645286,0.0080295604035486,0.0093762764994712,1e-8,,24305549.49335974,24305549.49335974,56712948.81783939,97222197.97343896
hitters,selection_skill,rate,2020.0,1,,542,0.5537427353585753,0.0029179941181958,0.0016770350523028,0.001240959065893,,198.12962900056868,198.12962900056868,462.3024676679936,792.5185160022749
hitters,selection_skill,rate,2025.0,11,,846,0.5357143291293269,0.0028693877817562,0.0015947639848299,0.0012746237969263,,194.1356057329405,194.1356057329405,452.98308004352776,776.542422931762
hitters,selection_skill,rate,2023.0,1,,631,0.5325476420883117,0.0020995567056184,0.0010112232208281,0.0010883334847902,,227.73563523818905,227.73563523818905,531.3831488891077,910.9425409527564
hitters,selection_skill,rate,2022.0,1,,656,0.5343697373702668,0.0022070241211498,0.0011924631758646,0.0010145609452852,,244.24768305875224,244.24768305875224,569.9112604704219,976.9907322350087
hitters,selection_skill,rate,2022.0,11,,449,0.5449347372969598,0.0038951485586428,0.0023674667861311,0.0015276817725117,,161.32495133874178,161.32495133874178,376.4248864570641,645.2998053549672
hitters,selection_skill,rate,2024.0,11,,821,0.5354144847524043,0.0029667441214573,0.0016208987637163,0.001345845357741,,183.8249598952666,183.8249598952666,428.9249064222888,735.2998395810664
hitters,selection_skill,rate,2021.0,1,,741,0.5321920491897809,0.0033961651712717,0.0016487980948927,0.0017473670763789,,141.47931950559826,141.47931950559826,330.11841217972926,565.917278022393
hitters,selection_skill,rate,2023.0,16,,26,0.6284833569595173,0.0096980844802012,0.008324161415262,0.0013739230649391,,168.9454889017055,168.9454889017055,394.2061407706461,675.7819556068221
hitters,selection_skill,rate,2024.0,1,,625,0.5285225086714679,0.0019902194010823,0.0011376218886735,0.0008525975124088,,291.2674097360063,291.2674097360063,679.6239560506813,1165.0696389440254
hitters,selection_skill,rate,2024.0,16,,11,0.6447962382445142,0.0202490063358408,0.0100713254523832,0.0101776808834575,,21.503559702142145,21.503559702142145,50.17497263833167,86.01423880856858
hitters,selection_skill,rate,2024.0,14,,347,0.5660847085370777,0.0035040440295046,0.0020400781581141,0.0014639658713905,,166.78588633644523,166.78588633644523,389.1670681183722,667.1435453457809
hitters,selection_skill,rate,2016.0,1,,736,0.5397588137777176,0.0036608224129947,0.0018070576128854,0.0018537648001093,,133.00795867541598,133.00795867541598,310.3519035759706,532.0318347016639
hitters,selection_skill,rate,2025.0,14,,333,0.5660957806792533,0.0032518107516315,0.0020892114927947,0.0011625992588368,,210.2777433061036,210.2777433061036,490.6480677142417,841.1109732244144
hitters,selection_skill,rate,2022.0,14,,345,0.5563604177813275,0.0033345846351075,0.002195546139277,0.0011390384958304,,215.694610595712,215.694610595712,503.287424723328,862.778442382848
hitters,hittable_pitches_taken,rate,2025.0,1,,626,0.293651930204898,0.0021900740315285,0.0011238711583782,0.0010662028731502,,193.5412822598927,193.5412822598927,451.596325273083,774.1651290395708
hitters,hittable_pitches_taken,rate,2017.0,1,,711,0.3085912503629677,0.0066344551113556,0.001632603978957,0.0050018511323985,,41.65674545577119,41.65674545577119,97.19907273013276,166.62698182308475
hitters,hittable_pitches_taken,rate,2022.0,1,,647,0.2761253162175881,0.0022522403378941,0.0011510211415279,0.0011012191963662,,180.50802911980057,180.50802911980057,421.1854012795346,722.0321164792023
hitters,hittable_pitches_taken,rate,2025.0,14,,323,0.2549680076381029,0.0025460502490002,0.0018422089050933,0.0007038413439068,,268.88940670172303,268.88940670172303,627.4086156373538,1075.557626806892
hitters,hittable_pitches_taken,rate,2021.0,14,,315,0.2502547473848693,0.0026428160358577,0.0017859774904185,0.0008568385454392,,217.97627014436287,217.97627014436287,508.61129700351336,871.9050805774515
hitters,hittable_pitches_taken,rate,2016.0,1,,720,0.3036310235873851,0.00608270896985,0.0017017408952974,0.0043809680745525,,47.26312849227034,47.26312849227034,110.28063314863078,189.0525139690814
hitters,hittable_pitches_taken,rate,2020.0,1,,529,0.2742370610071672,0.0023736613252307,0.001527648157517,0.0008460131677137,,234.25768034459807,234.25768034459807,546.6012541373955,937.0307213783924
hitters,hittable_pitches_taken,rate,2024.0,1,,611,0.283712513773676,0.0021259954066263,0.0010225380210122,0.001103457385614,,183.16635381782493,183.16635381782493,427.38815890825816,732.6654152712997
hitters,hittable_pitches_taken,rate,2023.0,14,,317,0.2464844208240291,0.0026058284857293,0.0018196277873616,0.0007862006983677,,235.2371993572151,235.2371993572151,548.8867985001685,940.9487974288604
hitters,hittable_pitches_taken,rate,2022.0,11,,434,0.2737671786824881,0.0032341975171098,0.0022125511182538,0.001021646398856,,193.60618740627584,193.60618740627584,451.7477706146436,774.4247496251035
hitters,hittable_pitches_taken,rate,2022.0,16,,26,0.2159257001725043,0.0095345931249104,0.0059232950089966,0.0036112981159137,,45.88114543395423,45.88114543395423,107.05600601255988,183.52458173581687
hitters,hittable_pitches_taken,rate,2023.0,1,,625,0.2844620610710569,0.0019047168450805,0.0010095202636508,0.0008951965814297,,226.37284871796612,226.37284871796612,528.2033136752544,905.4913948718648
hitters,hittable_pitches_taken,rate,2018.0,1,,706,0.3082320293887989,0.0066607895045021,0.0015376210750225,0.0051231684294795,,40.61976097071664,40.61976097071664,94.77944226500549,162.4790438828665
hitters,hittable_pitches_taken,rate,2025.0,16,,134,0.2175368520126394,0.0054261180807843,0.0053184614587169,0.0001076566220673,,1580.0877841081974,1580.0877841081974,3686.871496252461,6320.351136432791
hitters,hittable_pitches_taken,rate,2025.0,11,,818,0.2876552700557916,0.0020756586723854,0.0014238495739528,0.0006518090984325,,313.37075081906124,313.37075081906124,731.1984185778095,1253.483003276245
hitters,hittable_pitches_taken,rate,2024.0,11,,794,0.2870439986703959,0.002109422653798,0.0014407543788863,0.0006686682749116,,305.0557068073095,305.0557068073095,711.7966492170555,1220.222827229238
hitters,hittable_pitches_taken,rate,2023.0,16,,16,0.2056917780708103,0.0064783659459367,0.0058620754820992,0.0006162904638375,,264.1066016623311,264.1066016623311,616.2487372121059,1056.4264066493247
hitters,hittable_pitches_taken,rate,2015.0,1,,718,0.3032331868567287,0.0063867382756783,0.0016725405959859,0.0047141976796923,,43.81840508207705,43.81840508207705,102.24294519151312,175.2736203283082
hitters,hittable_pitches_taken,rate,2024.0,14,,336,0.254423283977344,0.0027485562241122,0.001830978758173,0.0009175774659392,,205.7314026215327,205.7314026215327,480.0399394502429,822.925610486131
hitters,hittable_pitches_taken,rate,2023.0,11,,825,0.2898505726471018,0.0023219690420717,0.0014849897825359,0.0008369792595358,,244.92869636625989,244.92869636625989,571.5002915212731,979.7147854650397
hitters,hittable_pitches_taken,rate,2022.0,14,,331,0.2484014230464099,0.0030106819067784,0.0018728961407332,0.0011377857660452,,163.08902417883738,163.08902417883738,380.5410564172872,652.3560967153496
hitters,hittable_pitches_taken,rate,2021.0,1,,734,0.3011731658625485,0.0075866477692791,0.0016485882135227,0.0059380595557564,,34.443883317547574,34.443883317547574,80.36906107427767,137.7755332701903
hitters,hittable_pitches_taken,rate,2019.0,1,,726,0.2988699509682495,0.006983967703019,0.001506653943621,0.005477313759398,,37.257202815329656,37.257202815329656,86.9334732357692,149.02881126131862
hitters,pred_whiff_loc_mean,mean,2022.0,16,,19,0.2771872199607315,0.0015485869404224,0.0516419353308663,,1e-08,5164193.533086632,5164193.533086632,12049784.910535475,20656774.13234653
hitters,pred_whiff_loc_mean,mean,2023.0,1,,622,0.2892262270126018,0.0008692842158386,0.0454327819553474,,0.0006364730647315,71.38209685984037,71.38209685984037,166.5582260062942,285.5283874393615
hitters,pred_whiff_loc_mean,mean,2020.0,1,,525,0.2828203779177128,0.0009220617940738,0.0453701637894025,,0.0005406610039217,83.91610169829535,83.91610169829535,195.80423729602248,335.6644067931814
hitters,pred_whiff_loc_mean,mean,2025.0,1,,631,0.290417121299223,0.0008146904887234,0.0448206793229236,,0.0005476256670092,81.84546858021403,81.84546858021403,190.9727600204994,327.3818743208562
hitters,pred_whiff_loc_mean,mean,2019.0,1,,713,0.2649493260272701,0.0011670191215325,0.0525601729359754,,0.000788414332813,66.66567406054457,66.66567406054457,155.553239474604,266.6626962421783
hitters,pred_whiff_loc_mean,mean,2024.0,14,,333,0.2616890192988664,0.001044386263446,0.0406179355090509,,0.0005959807601334,68.15309859995249,68.15309859995249,159.02389673322244,272.61239439981
hitters,pred_whiff_loc_mean,mean,2023.0,16,,11,0.2573061315752566,0.0025110415046194,0.0404026792336155,,0.0007535282427941,53.61800253670519,53.61800253670519,125.10867258564544,214.4720101468208
hitters,pred_whiff_loc_mean,mean,2017.0,1,,699,0.255355662929872,0.0010317224241187,0.0496686319796856,,0.0006463140683528,76.84906520179369,76.84906520179369,179.3144854708519,307.3962608071748
hitters,pred_whiff_loc_mean,mean,2025.0,11,,817,0.2641769304081696,0.0007702742362186,0.0402263625742517,,0.0004591805599516,87.60467250287111,87.60467250287111,204.41090250669927,350.4186900114845
hitters,pred_whiff_loc_mean,mean,2021.0,1,,722,0.2810183567785402,0.0009966140728351,0.0447922362886482,,0.0006344482611242,70.60029798060445,70.60029798060445,164.7340286214104,282.4011919224178
hitters,pred_whiff_loc_mean,mean,2016.0,1,,708,0.2490121166636799,0.0013875343156213,0.045975254041826,,0.0010108121816996,45.48347840893531,45.48347840893531,106.12811628751572,181.93391363574125
hitters,pred_whiff_loc_mean,mean,2018.0,1,,685,0.2556689154147297,0.0010939961090314,0.0508560812878579,,0.0007419805174247,68.54099278019825,68.54099278019825,159.9289831537959,274.163971120793
hitters,pred_whiff_loc_mean,mean,2022.0,1,,642,0.286151438338162,0.0008518133708739,0.0450838905659175,,0.0005908781397938,76.29981129720888,76.29981129720888,178.03289302682072,305.1992451888355
hitters,pred_whiff_loc_mean,mean,2023.0,14,,307,0.2591790745941822,0.0009628913921964,0.0407652875837124,,0.0005172069011754,78.81814316682006,78.81814316682006,183.90900072258012,315.2725726672803
hitters,pred_whiff_loc_mean,mean,2015.0,1,,695,0.2436496383842182,0.0010393825554851,0.0441095454653914,,0.0007035213004731,62.69823733229492,62.69823733229492,146.2958871086881,250.7929493291797
hitters,pred_whiff_loc_mean,mean,2025.0,16,,102,0.2643319260573257,0.0019664292645763,0.043051020939842,,0.0005409654672426,79.58182831756898,79.58182831756898,185.69093274099427,318.3273132702759
hitters,pred_whiff_loc_mean,mean,2021.0,14,,308,0.2605996332958501,0.0008998832381961,0.0423266844371104,,0.0004558829786143,92.8455029528942,92.8455029528942,216.6395068900865,371.3820118115768
hitters,pred_whiff_loc_mean,mean,2024.0,11,,789,0.2606834987055794,0.000754703363768,0.0402822228575556,,0.0004371254309368,92.15254937519164,92.15254937519164,215.0226152087805,368.6101975007666
hitters,pred_whiff_loc_mean,mean,2025.0,14,,316,0.2665464194611004,0.0010779159557165,0.0405790015461849,,0.0006230560835389,65.12897091975029,65.12897091975029,151.96759881275068,260.51588367900115
hitters,pred_whiff_loc_mean,mean,2022.0,14,,325,0.2664624826877355,0.0010615369386133,0.0441919255038817,,0.0005957008728379,74.18475869163598,74.18475869163598,173.09777028048396,296.7390347665439
hitters,pred_whiff_loc_mean,mean,2023.0,11,,810,0.2583447301278481,0.0008174471639821,0.0407316314312248,,0.0005046951393436,80.70541650985331,80.70541650985331,188.31263852299105,322.8216660394133
hitters,pred_whiff_loc_mean,mean,2024.0,1,,615,0.2917091040538383,0.0008644731830915,0.0450498859996603,,0.0006133088857737,73.45382896715697,73.45382896715697,171.3922675900329,293.81531586862786
hitters,pred_whiff_loc_mean,mean,2022.0,11,,428,0.2612832433064405,0.0010201743272369,0.0411606928205191,,0.0005175126212908,79.535630875733,79.535630875733,185.5831387100437,318.142523502932
hitters,LA_lte_0,rate,2022.0,11,,313,0.3285722287667016,0.0071777432423626,0.0035231393924451,0.0036546038499175,,59.36564517244798,59.36564517244798,138.51983873571194,237.4625806897919
hitters,LA_lte_0,rate,2021.0,14,,248,0.3373716464074726,0.0076091774635736,0.0037606720312651,0.0038485054323084,,57.088009108952,57.088009108952,133.20535458755467,228.352036435808
hitters,LA_lte_0,rate,2018.0,1,,604,0.3023707663237043,0.0056873951615861,0.0025343865305112,0.0031530086310749,,65.90203252777049,65.90203252777049,153.77140923146447,263.60813011108195
hitters,LA_lte_0,rate,2025.0,16,,15,0.3973956456855008,0.0145618771592781,0.0101593395246557,0.0044025376346223,,53.394162265065056,53.394162265065056,124.58637861848514,213.57664906026025
hitters,LA_lte_0,rate,2023.0,11,,707,0.3262284576222401,0.00554843093664,0.0025736547966322,0.0029747761400078,,72.88907289644776,72.88907289644776,170.07450342504478,291.55629158579103
hitters,LA_lte_0,rate,2017.0,1,,602,0.2893598399158264,0.0066791439891067,0.0024676491538546,0.0042114948352521,,47.82606556667033,47.82606556667033,111.59415298889743,191.3042622666813
hitters,LA_lte_0,rate,2016.0,1,,602,0.2895984974994177,0.0056281939103579,0.0024269043332873,0.0032012895770705,,63.26510404402613,63.26510404402613,147.61857610272764,253.06041617610447
hitters,LA_lte_0,rate,2019.0,1,,609,0.293467631003095,0.0049355019735067,0.0023862930178813,0.0025492089556254,,80.33675354425924,80.33675354425924,187.45242493660487,321.3470141770369
hitters,LA_lte_0,rate,2024.0,11,,681,0.3192744437157618,0.0058413866536023,0.0024447062940254,0.0033966803595769,,62.98549474723745,62.98549474723745,146.96615441022072,251.94197898894984
hitters,LA_lte_0,rate,2025.0,11,,715,0.3183077651416158,0.0060765839802306,0.0026485644904804,0.0034280194897501,,62.29833667543648,62.29833667543648,145.36278557601844,249.19334670174592
hitters,LA_lte_0,rate,2025.0,1,,576,0.3199824663122728,0.0052721665595554,0.0022186954913187,0.0030534710682367,,70.26109358902133,70.26109358902133,163.94255170771643,281.0443743560853
hitters,LA_lte_0,rate,2022.0,14,,257,0.3503466627132553,0.0087070350337254,0.0038520445951843,0.004854990438541,,45.880396886494346,45.880396886494346,107.05425940182012,183.52158754597735
hitters,LA_lte_0,rate,2025.0,14,,249,0.3414919036463695,0.0083339981946357,0.0035735873241482,0.0047604108704874,,46.23860807571873,46.23860807571873,107.89008551001038,184.9544323028749
hitters,LA_lte_0,rate,2021.0,1,,607,0.3422216586778013,0.010510005713154,0.00262514744649,0.0078848582666639,,27.549149191600765,27.549149191600765,64.28134811373512,110.19659676640308
hitters,LA_lte_0,rate,2023.0,1,,576,0.325210534301299,0.00555430264871,0.0021578813156743,0.0033964213330356,,63.61172544945205,63.61172544945205,148.4273593820548,254.4469017978082
hitters,LA_lte_0,rate,2023.0,14,,241,0.3398497391508203,0.0083472151344881,0.0038406673432951,0.0045065477911929,,48.7835381638216,48.7835381638216,113.82825571558374,195.1341526552864
hitters,LA_lte_0,rate,2024.0,14,,264,0.3479834656137722,0.007091668862526,0.0038412156182694,0.0032504532442566,,68.80287246835692,68.80287246835692,160.5400357594995,275.2114898734277
hitters,LA_lte_0,rate,2022.0,1,,584,0.3262450691715979,0.00625380322745,0.0021760969265835,0.0040777063008665,,52.90511424672864,52.90511424672864,123.44526657570016,211.62045698691455
hitters,LA_lte_0,rate,2015.0,1,,608,0.2938632429496561,0.0054285034469405,0.0024326591382335,0.002995844308707,,68.265160672627,68.265160672627,159.28537490279635,273.060642690508
hitters,LA_lte_0,rate,2020.0,1,,459,0.3221949751787514,0.0068941280483644,0.0033420499072008,0.0035520781411636,,60.48101603327188,60.48101603327188,141.1223707443011,241.92406413308757
hitters,LA_lte_0,rate,2024.0,1,,564,0.3210717627551857,0.0063444830677895,0.0021032701022685,0.004241212965521,,50.39677910271696,50.39677910271696,117.59248457300625,201.58711641086785
hitters,LD_pct,rate,2024.0,14,,264,0.2630652713836765,0.003159732425831,0.0032820410586122,1e-8,,19386192.437550917,19386192.437550917,45234449.02095213,77544769.75020365
hitters,LD_pct,rate,2024.0,11,,681,0.2725025161821064,0.0025381951700056,0.0022299364711173,0.0003082586988883,,642.1120859571785,642.1120859571785,1498.2615339000831,2568.448343828714
hitters,LD_pct,rate,2021.0,1,,607,0.2613105196102172,0.0032970347266551,0.0022510515881772,0.0010459831384778,,183.5415330806973,183.5415330806973,428.2635771882937,734.1661323227893
hitters,LD_pct,rate,2023.0,1,,576,0.2694611878116091,0.0024877338989089,0.0019356827045747,0.0005520511943342,,355.58261062576094,355.58261062576094,829.6927581267754,1422.3304425030435
hitters,LD_pct,rate,2022.0,11,,313,0.2656493279643582,0.003423371603364,0.0031153861908069,0.0003079854125571,,632.4058515848134,632.4058515848134,1475.613653697898,2529.623406339253
hitters,LD_pct,rate,2018.0,1,,604,0.2597121558493295,0.0035056100327114,0.0023099430643036,0.0011956669684078,,159.79874834163866,159.79874834163866,372.8637461304902,639.1949933665546
hitters,LD_pct,rate,2025.0,1,,576,0.266849111453977,0.0022561174794672,0.0019948513311751,0.0002612661482921,,747.8174968287857,747.8174968287857,1744.9074926004998,2991.2699873151428
hitters,LD_pct,rate,2015.0,1,,608,0.2499792629156847,0.0031514824644278,0.0021979835054483,0.0009534989589795,,195.633283405445,195.633283405445,456.4776612793717,782.53313362178
hitters,LD_pct,rate,2020.0,1,,459,0.2665840968571013,0.0036520477856907,0.0029920851213322,0.0006599626643585,,295.25466214822075,295.25466214822075,688.9275450125151,1181.018648592883
hitters,LD_pct,rate,2025.0,14,,249,0.2572022492164209,0.0037337413184693,0.0030360450437805,0.0006976962746887,,272.8286832614272,272.8286832614272,636.6002609433302,1091.3147330457089
hitters,LD_pct,rate,2024.0,1,,564,0.2670787677928988,0.0020216486113378,0.0018887119634047,0.0001329366479331,,1471.488607397087,1471.488607397087,3433.4734172598696,5885.954429588348
hitters,LD_pct,rate,2023.0,11,,707,0.2684849342071949,0.0026981469300545,0.0022996353898487,0.0003985115402058,,491.8358516531819,491.8358516531819,1147.6169871907578,1967.343406612728
hitters,LD_pct,rate,2022.0,1,,584,0.2681981331552492,0.0022423290572799,0.0019430393059526,0.0002992897513273,,654.7788686610228,654.7788686610228,1527.817360209053,2619.115474644091
hitters,LD_pct,rate,2017.0,1,,602,0.2642042987727206,0.0033971958841171,0.0023328807304793,0.0010643151536377,,181.653029620309,181.653029620309,423.8570691140544,726.6121184812362
hitters,LD_pct,rate,2019.0,1,,609,0.2663238059699651,0.0023164849771359,0.002248774547066,0.0000677104300698,,2884.750927030177,2884.750927030177,6731.085496403747,11539.00370812071
hitters,LD_pct,rate,2025.0,16,,15,0.2156333634159721,0.0053780699973483,0.0071753844396754,1e-8,,16913560.59978874,16913560.59978874,39464974.73284039,67654242.39915496
hitters,LD_pct,rate,2016.0,1,,602,0.2568350142519749,0.0031863878567055,0.0022516036906219,0.0009347841660836,,203.187016245515,203.187016245515,474.1030379062016,812.74806498206
hitters,LD_pct,rate,2023.0,14,,241,0.2671298874107775,0.003535580535195,0.0033514013833888,0.0001841791518062,,1061.940668054938,1061.940668054938,2477.8615587948552,4247.762672219752
hitters,LD_pct,rate,2022.0,14,,257,0.2534416617595216,0.0038696833540446,0.0032022365156494,0.0006674468383952,,282.4817321166969,282.4817321166969,659.1240416056261,1129.9269284667876
hitters,LD_pct,rate,2025.0,11,,715,0.2696378791152172,0.0029432450307439,0.0024037766672907,0.0005394683634532,,364.0506806383746,364.0506806383746,849.4515881562073,1456.2027225534985
hitters,LD_pct,rate,2021.0,14,,248,0.2726971794714649,0.0037913439032224,0.0033364358745735,0.0004549080286489,,434.9857713850582,434.9857713850582,1014.966799898469,1739.943085540233
hitters,LA_gte_20,rate,2024.0,1,,564,0.4085204200059449,0.006548315017411,0.0023314311235577,0.0042168838938533,,56.30095789365244,56.30095789365244,131.36890175185567,225.20383157460972
hitters,LA_gte_20,rate,2015.0,1,,608,0.2927738250108448,0.0077441625416371,0.0024273798761102,0.0053167826655268,,37.94409935954111,37.94409935954111,88.53623183892927,151.77639743816445
hitters,LA_gte_20,rate,2023.0,1,,576,0.4014912559019283,0.0061071456656913,0.0023628777161038,0.0037442679495875,,63.17703822791052,63.17703822791052,147.41308919845787,252.7081529116421
hitters,LA_gte_20,rate,2024.0,14,,264,0.3851500172587261,0.0072528201106093,0.0040091338391844,0.0032436862714248,,72.0062841004358,72.0062841004358,168.01466290101686,288.0251364017432
hitters,LA_gte_20,rate,2018.0,1,,604,0.334762852163131,0.008638469431981,0.0026756058221368,0.0059628636098442,,36.34727130217784,36.34727130217784,84.81029970508162,145.38908520871135
hitters,LA_gte_20,rate,2021.0,1,,607,0.3932902468052476,0.0091813079318849,0.0027826641517531,0.0063986437801318,,36.29118806613721,36.29118806613721,84.67943882098682,145.16475226454884
hitters,LA_gte_20,rate,2023.0,14,,241,0.3801927049897459,0.0098661493681283,0.0040340141342462,0.005832135233882,,39.40479217514149,39.40479217514149,91.94451507533014,157.61916870056595
hitters,LA_gte_20,rate,2016.0,1,,602,0.3103057324293347,0.0076159509444818,0.0025246367306616,0.0050913142138201,,41.035528718673866,41.035528718673866,95.74956701023902,164.1421148746955
hitters,LA_gte_20,rate,2025.0,1,,576,0.4102760541635442,0.0063158051240411,0.0024670408535404,0.0038487642705006,,61.86423291704069,61.86423291704069,144.34987680642828,247.4569316681628
hitters,LA_gte_20,rate,2022.0,11,,313,0.3961145496231275,0.0075646093495828,0.0038201026511582,0.0037445066984246,,62.88233016130817,62.88233016130817,146.72543704305238,251.5293206452327
hitters,LA_gte_20,rate,2024.0,11,,681,0.4006012531100998,0.006698839224791,0.0027009628599491,0.0039978763648418,,59.06185964838237,59.06185964838237,137.81100584622553,236.24743859352947
hitters,LA_gte_20,rate,2017.0,1,,602,0.3260378934388856,0.0088328086969117,0.0026369322249982,0.0061958764719135,,34.46506882067566,34.46506882067566,80.41849391490987,137.86027528270264
hitters,LA_gte_20,rate,2019.0,1,,609,0.3426758331883909,0.0071773683167749,0.0025923556200106,0.0045850126967643,,48.12725905775427,48.12725905775427,112.29693780142664,192.5090362310171
hitters,LA_gte_20,rate,2025.0,16,,15,0.3760979750255113,0.0107665033270149,0.0099546843878204,0.0008118189391945,,288.04017494349523,288.04017494349523,672.0937415348222,1152.160699773981
hitters,LA_gte_20,rate,2025.0,11,,715,0.4012685919332074,0.0075116006217973,0.0029325280883909,0.0045790725334063,,51.46741721350887,51.46741721350887,120.09064016485402,205.86966885403547
hitters,LA_gte_20,rate,2025.0,14,,249,0.3955002873714291,0.0091646575188187,0.0037993190969813,0.0053653384218373,,43.560061502826,43.560061502826,101.640143506594,174.24024601130398
hitters,LA_gte_20,rate,2020.0,1,,459,0.4045825064242083,0.0073022645679933,0.0036865325650225,0.0036157320029707,,65.62426908902242,65.62426908902242,153.1232945410523,262.4970763560897
hitters,LA_gte_20,rate,2021.0,14,,248,0.3470764323729986,0.0070950383524759,0.0038121882115985,0.0032828501408774,,68.02976765295196,68.02976765295196,158.73612452355457,272.11907061180784
hitters,LA_gte_20,rate,2022.0,1,,584,0.4023251194543391,0.0065177272935367,0.0023805344721862,0.0041371928213504,,57.1214432330716,57.1214432330716,133.28336754383372,228.4857729322864
hitters,LA_gte_20,rate,2023.0,11,,707,0.3964068818116511,0.006114118062407,0.0028015685462856,0.0033125495161214,,71.23090996815219,71.23090996815219,166.20545659235512,284.9236398726088
hitters,LA_gte_20,rate,2022.0,14,,257,0.379892798477757,0.0092632634595996,0.003986938012537,0.0052763254470626,,43.64740897922422,43.64740897922422,101.8439542848565,174.5896359168969
hitters,bat_speed,mean,2024.0,1,,612,69.2387745728316,7.959848643797857,56.94712222450091,,7.629291326683098,7.4642741751558175,7.4642741751558175,17.41663974203024,29.857096700623277
hitters,bat_speed,mean,2025.0,1,,630,69.45982777691798,7.622213297111483,62.95037323691793,,7.236316419790189,8.699228942609329,8.699228942609329,20.298200866088436,34.79691577043732
hitters,swing_length,mean,2025.0,1,,630,7.197214664249961,0.1779516763229265,0.7359559412204617,,0.1734401367567644,4.243285060669547,4.243285060669547,9.900998474895609,16.973140242678188
hitters,swing_length,mean,2024.0,1,,612,7.198441924231522,0.166070311510642,0.7085846054050673,,0.1619572096346759,4.375134685287609,4.375134685287609,10.20864759900442,17.500538741150436
hitters,attack_angle,mean,2025.0,1,,576,9.23392487834623,13.636524834100245,116.70504375730204,,12.862407651194076,9.073343570048316,9.073343570048316,21.171134996779408,36.29337428019327
hitters,swing_path_tilt,mean,2025.0,1,,576,31.985514993360336,14.982823073412067,33.26715305949267,,14.762157993947312,2.253542678051045,2.253542678051045,5.258266248785771,9.01417071220418
pitchers,SwStr,rate,2023.0,14,,418,0.1320386851463853,0.0018662284934362,0.0009941661504768,0.0008720623429593,,130.417749770369,130.417749770369,304.3080827975276,521.6709990814761
pitchers,SwStr,rate,2023.0,11,,1199,0.1218103916659828,0.0015753679442673,0.0006662847196162,0.000909083224651,,116.67087682122784,116.67087682122784,272.2320459161983,466.6835072849114
pitchers,SwStr,rate,2019.0,1,,797,0.1150810628126943,0.0012487211423024,0.0004622843391492,0.0007864368031531,,128.49217456035953,128.49217456035953,299.81507397417226,513.9686982414381
pitchers,SwStr,rate,2020.0,1,,707,0.1183544060639573,0.0015160749353368,0.0006823024823923,0.0008337724529444,,124.15002176038035,124.15002176038035,289.68338410755416,496.6000870415215
pitchers,SwStr,rate,2022.0,11,,599,0.1284174243165524,0.0019092693920032,0.0010979862775886,0.0008112831144146,,136.96218294178917,136.96218294178917,319.5784268641748,547.8487317671567
pitchers,SwStr,rate,2015.0,1,,718,0.105450535367823,0.0010481501033136,0.0003878144830876,0.0006603356202259,,141.85269046395513,141.85269046395513,330.989611082562,567.4107618558205
pitchers,SwStr,rate,2025.0,16,,232,0.1307836523685753,0.0034378354841381,0.0026372641342749,0.0008005713498631,,140.99769784559345,140.99769784559345,328.9946283063847,563.9907913823738
pitchers,SwStr,rate,2018.0,1,,766,0.1121387163566986,0.0010283721086916,0.0004132637651703,0.0006151083435213,,160.86355737039722,160.86355737039722,375.3483005309269,643.4542294815889
pitchers,SwStr,rate,2024.0,14,,428,0.132353645080968,0.0020943534775325,0.0010718769300381,0.0010224765474943,,111.31177673087902,111.31177673087902,259.7274790387177,445.2471069235161
pitchers,SwStr,rate,2023.0,16,,43,0.1198853667024146,0.0028699895747199,0.0027970713644868,0.000072918210233,,1446.0029532510007,1446.0029532510007,3374.0068909190013,5784.011813004003
pitchers,SwStr,rate,2016.0,1,,723,0.1069959041728919,0.0009271990561052,0.0003648142981769,0.0005623847579283,,168.89752890012036,168.89752890012036,394.09423410028086,675.5901156004815
pitchers,SwStr,rate,2017.0,1,,733,0.1111521817867604,0.0010757573425976,0.0003780422447628,0.0006977150978347,,140.60131345502396,140.60131345502396,328.0697313950559,562.4052538200958
pitchers,SwStr,rate,2024.0,1,,816,0.1156587565599838,0.0012365763975871,0.0004751750376446,0.0007614013599425,,133.3336300301556,133.3336300301556,311.1118034036964,533.3345201206224
pitchers,SwStr,rate,2021.0,16,,45,0.1202012912931527,0.0030144120410193,0.0030708681143411,1e-8,,10575293.08646114,10575293.08646114,24675683.868409324,42301172.34584457
pitchers,SwStr,rate,2025.0,11,,1222,0.1223398849637443,0.001445444001942,0.0006678568924334,0.0007775871095086,,137.08464183344918,137.08464183344918,319.86416427804807,548.3385673337967
pitchers,SwStr,rate,2021.0,1,,861,0.115663645092568,0.0011418134838128,0.0005350713929946,0.0006067420908181,,167.58162280868927,167.58162280868927,391.0237865536083,670.3264912347571
pitchers,SwStr,rate,2024.0,16,,28,0.1479951932583814,0.0124758891184353,0.0036834417838218,0.0087924473346135,,13.341014649516554,13.341014649516554,31.12903418220529,53.364058598066215
pitchers,SwStr,rate,2025.0,1,,842,0.1136596561308327,0.00144626818532,0.0005265126542095,0.0009197555311105,,108.53034289167596,108.53034289167596,253.2374667472439,434.1213715667039
pitchers,SwStr,rate,2022.0,1,,835,0.1144740424943281,0.0013806998048031,0.0005202215555032,0.0008604782492998,,116.80627362959416,116.80627362959416,272.5479718023864,467.2250945183768
pitchers,SwStr,rate,2022.0,14,,442,0.1481347936216894,0.0027122226476648,0.0011537231954396,0.0015584994522252,,79.96947121808367,79.96947121808367,186.5954328421952,319.8778848723347
pitchers,SwStr,rate,2022.0,16,,51,0.1307906367283337,0.0039182482887744,0.0029363566160833,0.000981891672691,,114.78104717086984,114.78104717086984,267.8224433986963,459.1241886834794
pitchers,SwStr,rate,2024.0,11,,1190,0.1220383919544386,0.0016176359374941,0.000672969270976,0.0009446666665181,,112.42098397366874,112.42098397366874,262.3156292718937,449.68393589467496
pitchers,SwStr,rate,2025.0,14,,454,0.1274279769517084,0.0021961556269837,0.0010647971946997,0.0011313584322839,,97.28015991115753,97.28015991115753,226.9870397927009,389.12063964463016
pitchers,SwStr,rate,2021.0,14,,406,0.1416194438479506,0.0018875407994647,0.0009408663162416,0.000946674483223,,127.4109576485761,127.4109576485761,297.2922345133442,509.64383059430446
pitchers,SwStr,rate,2023.0,1,,834,0.1156380584283952,0.0013204896957947,0.0005183329429933,0.0008021567528014,,126.48867040532318,126.48867040532318,295.14023094575407,505.9546816212927
pitchers,Ball_pct,rate,2017.0,1,,733,0.3708796096324946,0.0014782561265222,0.0008928153516732,0.000585440774849,,397.5508608475408,397.5508608475408,927.6186753109286,1590.203443390163
pitchers,Ball_pct,rate,2023.0,1,,834,0.3697614800833393,0.0021054026614796,0.001181148726284,0.0009242539351956,,251.1362572079161,251.1362572079161,585.9846001518041,1004.5450288316642
pitchers,Ball_pct,rate,2025.0,16,,232,0.3955893311655933,0.0083900424500787,0.0055468825911905,0.0028431598588881,,83.09601432930043,83.09601432930043,193.890700101701,332.3840573172017
pitchers,Ball_pct,rate,2024.0,11,,1190,0.388290171071627,0.0028902873717266,0.0014918497581612,0.0013984376135654,,168.84734379048464,168.84734379048464,393.9771355111308,675.3893751619386
pitchers,Ball_pct,rate,2024.0,16,,28,0.4101874855023788,0.0120396244080288,0.0070674141962513,0.0049722102117774,,47.65717697666023,47.65717697666023,111.2000796122072,190.62870790664093
pitchers,Ball_pct,rate,2022.0,14,,442,0.3793905879139046,0.003866677658744,0.0021526755462325,0.0017140021125114,,136.37052480713797,136.37052480713797,318.19789121665525,545.482099228552
pitchers,Ball_pct,rate,2022.0,16,,51,0.3991583732668918,0.0076275082407865,0.0061945962620048,0.0014329119787816,,166.3731323830053,166.3731323830053,388.2039755603457,665.4925295320213
pitchers,Ball_pct,rate,2019.0,1,,797,0.3747062652897501,0.0018298854964454,0.0010635964028774,0.0007662890935679,,304.76120945609006,304.76120945609006,711.1094887308768,1219.0448378243602
pitchers,Ball_pct,rate,2022.0,1,,835,0.3674029462630753,0.0019858005124322,0.0011927511035649,0.0007930494088673,,292.0687782394731,292.0687782394731,681.493815892104,1168.2751129578924
pitchers,Ball_pct,rate,2018.0,1,,766,0.3718391580356999,0.0018297504521418,0.0009695107128907,0.000860239739251,,270.5229114971572,270.5229114971572,631.2201268267002,1082.091645988629
pitchers,Ball_pct,rate,2025.0,11,,1222,0.3873486423104476,0.0025851115739204,0.0014760613903901,0.0011090501835302,,212.9755938322895,212.9755938322895,496.94305227534215,851.9023753291581
pitchers,Ball_pct,rate,2023.0,14,,418,0.3972679434832163,0.0046721957499227,0.002077137395272,0.0025950583546506,,91.27003475074552,91.27003475074552,212.96341441840624,365.0801390029821
pitchers,Ball_pct,rate,2015.0,1,,718,0.3675084163280547,0.0012755070358736,0.0009556369093602,0.0003198701265133,,725.6886182519746,725.6886182519746,1693.2734425879407,2902.7544730078985
pitchers,Ball_pct,rate,2021.0,14,,406,0.3968258064724709,0.0042390137316326,0.0018525409827375,0.0023864727488951,,99.29659291134205,99.29659291134205,231.6920501264648,397.1863716453682
pitchers,Ball_pct,rate,2025.0,1,,842,0.3690458700982933,0.0018901508987214,0.0012169706237187,0.0006731802750026,,344.8969677338718,344.8969677338718,804.7595913790342,1379.5878709354872
pitchers,Ball_pct,rate,2020.0,1,,707,0.3797439064370758,0.002176883604536,0.0015401404697728,0.0006367431347631,,368.9112862026872,368.9112862026872,860.7930011396035,1475.645144810749
pitchers,Ball_pct,rate,2016.0,1,,723,0.3735831970993374,0.0014565590002597,0.0008935152732057,0.000563043727054,,414.631647596552,414.631647596552,967.4738443919546,1658.526590386208
pitchers,Ball_pct,rate,2024.0,14,,428,0.3895847293283017,0.0043975953837787,0.0022196964413661,0.0021778989424126,,108.19169084083212,108.19169084083212,252.44727862860827,432.76676336332855
pitchers,Ball_pct,rate,2021.0,1,,861,0.370676551287277,0.0019001582753636,0.0012202994240051,0.0006798588513584,,342.1233485405539,342.1233485405539,798.2878132612924,1368.4933941622155
pitchers,Ball_pct,rate,2023.0,16,,43,0.4325031716032576,0.009541399073207,0.0065065513925986,0.0030348476806084,,79.87528732485605,79.87528732485605,186.3756704246641,319.5011492994242
pitchers,Ball_pct,rate,2023.0,11,,1199,0.3976495820410706,0.0027970484552344,0.0014918905614012,0.0013051578938331,,182.5213908411951,182.5213908411951,425.8832452961219,730.0855633647805
pitchers,Ball_pct,rate,2022.0,11,,599,0.3779845830972065,0.0030110370207836,0.0023064266821346,0.000704610338649,,332.6769631975957,332.6769631975957,776.2462474610566,1330.707852790383
pitchers,Ball_pct,rate,2021.0,16,,45,0.3963881388778157,0.0113741533102944,0.0069477971058662,0.0044263562044281,,53.054525027929984,53.054525027929984,123.7938917318366,212.21810011172
pitchers,Ball_pct,rate,2024.0,1,,816,0.3639649698174439,0.0017321757129589,0.0010754639097582,0.0006567118032006,,351.5054208482171,351.5054208482171,820.1793153125066,1406.021683392869
pitchers,Ball_pct,rate,2025.0,14,,454,0.3923973187835699,0.0041691135255005,0.0022832135786315,0.001885899946869,,125.42328316031092,125.42328316031092,292.6543273740588,501.6931326412438
pitchers,Z_Contact,rate,2025.0,1,,757,0.8460659352400514,0.0023338157865148,0.0012329206382342,0.0011008951482805,,117.3022458313476,117.3022458313476,273.7052402731444,469.2089833253904
pitchers,Z_Contact,rate,2024.0,14,,318,0.8097434546071296,0.0038743790432585,0.0021298584079649,0.0017445206352936,,87.31021497324356,87.31021497324356,203.72383493756828,349.24085989297424
pitchers,Z_Contact,rate,2024.0,11,,1019,0.823641685952625,0.0032459201485989,0.0017025275799013,0.0015433925686976,,93.11478457247875,93.11478457247875,217.26783066911707,372.459138289915
pitchers,Z_Contact,rate,2021.0,14,,332,0.7877259061085001,0.0055808046651145,0.0025391633438891,0.0030416413212253,,53.97485906282921,53.97485906282921,125.94133781326816,215.89943625131684
pitchers,Z_Contact,rate,2017.0,1,,692,0.8441621475076561,0.0026116663084363,0.0011584361086143,0.0014532301998219,,89.52414148772382,89.52414148772382,208.8896634713556,358.0965659508953
pitchers,Z_Contact,rate,2015.0,1,,664,0.8575175150949406,0.0024946454868311,0.0010546994966657,0.0014399459901653,,83.85125639074087,83.85125639074087,195.65293157839537,335.40502556296354
pitchers,Z_Contact,rate,2016.0,1,,670,0.8537822762068141,0.0023501417298065,0.0010763847733985,0.0012737569564079,,97.00778744633716,97.00778744633716,226.35150404145327,388.0311497853487
pitchers,Z_Contact,rate,2024.0,1,,746,0.8450089743706299,0.0024120180320173,0.0012063318580163,0.001205686174001,,107.6259512863983,107.6259512863983,251.1272196682627,430.5038051455932
pitchers,Z_Contact,rate,2022.0,14,,326,0.7940417563601441,0.0039531390863669,0.0023667519163497,0.0015863871700172,,102.08923862191082,102.08923862191082,238.20822345112524,408.35695448764335
pitchers,Z_Contact,rate,2023.0,14,,318,0.8073063742728547,0.0037970229581446,0.0024413520107398,0.0013556709474047,,113.74966888467728,113.74966888467728,265.41589406424697,454.9986755387091
pitchers,Z_Contact,rate,2022.0,1,,747,0.8385210344127202,0.0026580184888711,0.0012543564733674,0.0014036620155036,,95.46446777400156,95.46446777400156,222.7504248060036,381.8578710960062
pitchers,Z_Contact,rate,2020.0,1,,617,0.827958796201259,0.0044894822028375,0.0020563807763425,0.0024331014264949,,57.543810152385376,57.543810152385376,134.26889035556587,230.1752406095415
pitchers,Z_Contact,rate,2025.0,14,,340,0.8163936170339845,0.0037738282255178,0.0021580619724362,0.0016157662530815,,91.77027466954296,91.77027466954296,214.13064089560024,367.0810986781719
pitchers,Z_Contact,rate,2019.0,1,,727,0.8352078673947293,0.0026246249127159,0.0011799357474759,0.00144468916524,,94.27010304241404,94.27010304241404,219.96357376563276,377.0804121696562
pitchers,Z_Contact,rate,2025.0,16,,62,0.8238905725325417,0.0063512815641592,0.0054627013891089,0.0008885801750502,,162.28846973919718,162.28846973919718,378.6730960581268,649.1538789567887
pitchers,Z_Contact,rate,2023.0,1,,745,0.8397421933452138,0.0023515523519251,0.001213990392581,0.0011375619593441,,117.30146125717172,117.30146125717172,273.7034096000673,469.2058450286869
pitchers,Z_Contact,rate,2021.0,1,,768,0.8383695110531719,0.0027331225694067,0.0012563766170096,0.001476745952397,,90.75990885208124,90.75990885208124,211.77312065485623,363.039635408325
pitchers,Z_Contact,rate,2022.0,11,,451,0.8238145785805006,0.0039128579051444,0.0023235515335949,0.0015893063715495,,90.3254494520285,90.3254494520285,210.75938205473315,361.301797808114
pitchers,Z_Contact,rate,2025.0,11,,1064,0.8249538195765016,0.0033932984748563,0.0016653479995262,0.00172795047533,,82.57011222503859,82.57011222503859,192.66359519175668,330.2804489001544
pitchers,Z_Contact,rate,2023.0,11,,1020,0.8228936321182273,0.0029998341140855,0.0016121768112941,0.0013876573027914,,104.02571639577708,104.02571639577708,242.72667159014645,416.1028655831083
pitchers,Z_Contact,rate,2018.0,1,,712,0.8448043758540874,0.002509264375846,0.0011735854456728,0.0013356789301732,,97.15977435151216,97.15977435151216,226.7061401535284,388.6390974060487
pitchers,Chase,rate,2024.0,14,,402,0.297491917929312,0.0051045570819602,0.0024877617164678,0.0026167953654923,,78.86504388230111,78.86504388230111,184.01843572536924,315.46017552920443
pitchers,Chase,rate,2023.0,16,,30,0.2556575196373649,0.0073101569915195,0.0057656468958191,0.0015445100957003,,122.20848715718296,122.20848715718296,285.1531367000936,488.8339486287319
pitchers,Chase,rate,2024.0,16,,20,0.3674563645126787,0.022819294971065,0.0082820887269099,0.0145372062441551,,14.988779466154725,14.988779466154725,34.97381875436103,59.9551178646189
pitchers,Chase,rate,2023.0,11,,1161,0.2994922505709578,0.0031364988405855,0.0017858740414936,0.0013506247990918,,154.3330299872811,154.3330299872811,360.1104033036558,617.3321199491243
pitchers,Chase,rate,2022.0,14,,414,0.325704946145013,0.0046264616622124,0.0025586938145869,0.0020677678476254,,105.21174637853429,105.21174637853429,245.49407488324667,420.8469855141372
pitchers,Chase,rate,2022.0,16,,37,0.3256705194966661,0.0096996431629927,0.0065978022331841,0.0031018409298086,,69.79964356553388,69.79964356553388,162.86583498624574,279.19857426213554
pitchers,Chase,rate,2024.0,1,,798,0.3207421352577578,0.0025868627771137,0.0013906087034738,0.0011962540736398,,181.1240342907587,181.1240342907587,422.6227466784369,724.4961371630347
pitchers,Chase,rate,2019.0,1,,776,0.3081807940725227,0.0025866528810018,0.001259311720751,0.0013273411602508,,159.62591790422525,159.62591790422525,372.4604751098589,638.503671616901
pitchers,Chase,rate,2020.0,1,,684,0.298985160221628,0.0032819765200377,0.0019143254950894,0.0013676510249483,,152.25037627693982,152.25037627693982,355.25087797952625,609.0015051077593
pitchers,Chase,rate,2025.0,1,,810,0.3195418316538888,0.0029310237883786,0.0013951173239763,0.0015359064644023,,140.56776764513106,140.56776764513106,327.9914578386391,562.2710705805242
pitchers,Chase,rate,2023.0,14,,402,0.3037778732424572,0.0047687403661074,0.0025494171433702,0.0022193232227372,,94.29791551042877,94.29791551042877,220.02846952433373,377.191662041715
pitchers,Chase,rate,2015.0,1,,703,0.3214590059709903,0.0022184459373643,0.0012003701340198,0.0010180758033444,,213.2503659693865,213.2503659693865,497.584187261902,853.0014638775463
pitchers,Chase,rate,2021.0,1,,830,0.312233591933631,0.0024993634632707,0.0013919583829682,0.0011074050803024,,192.91619184480984,192.91619184480984,450.1377809712229,771.6647673792393
pitchers,Chase,rate,2024.0,11,,1152,0.3019475880184348,0.0033133024850782,0.001820848251655,0.0014924542334232,,140.22727343191784,140.22727343191784,327.19697134114165,560.9090937276713
pitchers,Chase,rate,2017.0,1,,719,0.3166058669531988,0.0022590246035562,0.0011369717343284,0.0011220528692277,,191.8310134913015,191.8310134913015,447.6056981463702,767.3240539652061
pitchers,Chase,rate,2021.0,16,,28,0.2970597945129669,0.0098681924086185,0.0069736404630662,0.0028945519455522,,71.14079309156736,71.14079309156736,165.99518388032385,284.56317236626944
pitchers,Chase,rate,2025.0,11,,1178,0.3022154031287199,0.0031660236130277,0.0017352398457214,0.0014307837673063,,146.3886257722097,146.3886257722097,341.573460135156,585.5545030888388
pitchers,Chase,rate,2023.0,1,,810,0.3157471052692832,0.0025085256409563,0.0014200889913889,0.0010884366495673,,197.4965049359809,197.4965049359809,460.8251781839554,789.9860197439237
pitchers,Chase,rate,2016.0,1,,715,0.3156718096457674,0.0020145360899692,0.0012174578909746,0.0007970781989945,,270.01872628459967,270.01872628459967,630.0436946640659,1080.074905138399
pitchers,Chase,rate,2025.0,14,,416,0.2883192212613392,0.0041553428671011,0.0023140266627283,0.0018413162043727,,110.4372683112778,110.4372683112778,257.6869593929815,441.7490732451112
pitchers,Chase,rate,2022.0,1,,811,0.3192282331312788,0.0027538810644024,0.0014744469172736,0.0012794341471287,,168.85756460453092,168.85756460453092,394.0009840772388,675.4302584181237
pitchers,Chase,rate,2022.0,11,,564,0.312098121966167,0.0045529426378659,0.0028348680450268,0.001718074592839,,123.96132887722192,123.96132887722192,289.2431007135178,495.84531550888767
pitchers,Chase,rate,2018.0,1,,751,0.3156203772245533,0.0022638240400407,0.0012326663624862,0.0010311576775545,,208.4773276745222,208.4773276745222,486.4470979072185,833.9093106980888
pitchers,Chase,rate,2021.0,14,,387,0.3022623811290407,0.0043108237198498,0.0021536121813653,0.0021572115384844,,96.76502226175224,96.76502226175224,225.7850519440886,387.060089047009
pitchers,Chase,rate,2025.0,16,,184,0.2923959352786125,0.0091326163360091,0.0060996758575857,0.0030329404784234,,67.21780835564205,67.21780835564205,156.84155282983144,268.8712334225682
pitchers,CSW,rate,2018.0,1,,766,0.2763538361053985,0.0016338383303348,0.0008300770200369,0.0008037613102979,,247.80818573004217,247.80818573004217,578.2191000367651,991.2327429201688
pitchers,CSW,rate,2025.0,14,,454,0.2902066946377954,0.0033486268778684,0.0019726050986674,0.001376021779201,,148.6973173962465,148.6973173962465,346.96040725790846,594.789269584986
pitchers,CSW,rate,2024.0,16,,28,0.2882614180799395,0.0122911553687574,0.0059933712840465,0.0062977840847108,,31.57761304084164,31.57761304084164,73.68109709529716,126.31045216336658
pitchers,CSW,rate,2025.0,1,,842,0.2745101338715068,0.0019668203358676,0.0010408584925534,0.0009259618433141,,214.0783228394666,214.0783228394666,499.5160866254221,856.3132913578664
pitchers,CSW,rate,2020.0,1,,707,0.2835178851988139,0.0021422024926291,0.0013282636696572,0.0008139388229719,,248.5709606644686,248.5709606644686,579.9989082170935,994.2838426578744
pitchers,CSW,rate,2015.0,1,,718,0.2725318041872665,0.0014393034231462,0.0008150834542534,0.0006242199688927,,316.6095443491942,316.6095443491942,738.7556034814531,1266.4381773967768
pitchers,CSW,rate,2024.0,11,,1190,0.2765895737409726,0.00240582461943,0.001256735262473,0.001149089356957,,173.12726018855696,173.12726018855696,403.9636071066329,692.5090407542278
pitchers,CSW,rate,2017.0,1,,733,0.2761214277359958,0.0014632884884146,0.0007648226874216,0.000698465800993,,285.1677473641012,285.1677473641012,665.3914105162362,1140.6709894564049
pitchers,CSW,rate,2023.0,1,,834,0.2785541051742061,0.002035503364795,0.0010185709965663,0.0010169323682287,,196.61561529881808,196.61561529881808,458.7697690305755,786.4624611952723
pitchers,CSW,rate,2022.0,11,,599,0.2823712556957419,0.0029550503628621,0.0019878551213579,0.0009671952415042,,208.5106768074984,208.5106768074984,486.5249125508295,834.0427072299934
pitchers,CSW,rate,2021.0,1,,861,0.2777300558393029,0.0015317323632434,0.0010493486375378,0.0004823837257055,,414.8433654232764,414.8433654232764,967.9678526543116,1659.3734616931056
pitchers,CSW,rate,2022.0,1,,835,0.2765740141795476,0.0018855226312463,0.0010267991614803,0.0008587234697659,,231.9979742077877,231.9979742077877,541.328606484838,927.9918968311508
pitchers,CSW,rate,2023.0,11,,1199,0.2757372314581285,0.002310262636531,0.0012438808770089,0.0010663817595221,,186.2745936084199,186.2745936084199,434.6407184196465,745.0983744336797
pitchers,CSW,rate,2025.0,11,,1222,0.2788452143846991,0.0022206806623848,0.0012507792487063,0.0009699014136785,,206.3309286526152,206.3309286526152,481.43883352276873,825.3237146104607
pitchers,CSW,rate,2021.0,14,,406,0.2906134900664947,0.0033188336251497,0.001595599384698,0.0017232342404517,,118.633932879505,118.633932879505,276.8125100521784,474.53573151802
pitchers,CSW,rate,2024.0,14,,428,0.2957987892720528,0.0034666261086364,0.0019442827816294,0.0015223433270069,,135.8297557074541,135.8297557074541,316.9360966507262,543.3190228298165
pitchers,CSW,rate,2016.0,1,,723,0.2721755742074758,0.0014885152286209,0.0007563573326752,0.0007321578959456,,269.56463108471735,269.56463108471735,628.9841391976738,1078.2585243388694
pitchers,CSW,rate,2022.0,14,,442,0.2959361010616345,0.0038395290353766,0.0019049504828699,0.0019345785525066,,106.70197202904944,106.70197202904944,248.97126806778203,426.8078881161978
pitchers,CSW,rate,2021.0,16,,45,0.2726255255350875,0.0089174049349712,0.0057582866944634,0.0031591182405078,,61.77094849413536,61.77094849413536,144.1322131529825,247.0837939765414
pitchers,CSW,rate,2024.0,1,,816,0.2773224335140012,0.0015958712567362,0.0009310752770851,0.000664795979651,,300.4679804307154,300.4679804307154,701.0919543383359,1201.8719217228615
pitchers,CSW,rate,2023.0,16,,43,0.2655760226645995,0.007190774370395,0.0051705154346765,0.0020202589357185,,95.54475245811996,95.54475245811996,222.93775573561325,382.1790098324799
pitchers,CSW,rate,2023.0,14,,418,0.2855048180660536,0.0029430784252382,0.0017695798252765,0.0011734985999616,,172.83217750219956,172.83217750219956,403.2750808384656,691.3287100087983
pitchers,CSW,rate,2022.0,16,,51,0.2840097866970421,0.0060822663917925,0.0052522832680483,0.0008299831237442,,244.0028463711336,244.0028463711336,569.3399748659782,976.0113854845343
pitchers,CSW,rate,2025.0,16,,232,0.2891656525889786,0.0055658189031566,0.004768561539571,0.0007972573635855,,256.8199805234072,256.8199805234072,599.2466212212835,1027.2799220936288
pitchers,CSW,rate,2019.0,1,,797,0.2766374762070189,0.0018065490246654,0.0009083826834796,0.0008981663411857,,221.79746388698172,221.79746388698172,517.5274157362907,887.1898555479271
pitchers,pWhiff,mean,2023.0,16,,16,0.2406419603572054,0.0031792189298936,0.0321091375707722,,0.0020859837086068,15.392803615046857,15.392803615046857,35.91654176844266,61.57121446018742
pitchers,pWhiff,mean,2022.0,11,,535,0.2624180382839985,0.0024711843027054,0.0352508238799222,,0.0019691674416878,17.901384683523005,17.901384683523005,41.76989759488701,71.60553873409202
pitchers,pWhiff,mean,2022.0,1,,791,0.2799139382727307,0.0033037765749711,0.0400900436994183,,0.0030016110661551,13.356175339122329,13.356175339122329,31.164409124618764,53.42470135648931
pitchers,pWhiff,mean,2023.0,1,,784,0.2834969423243902,0.003316239863004,0.0406865456986772,,0.0030263670748766,13.444022054176973,13.444022054176973,31.3693847930796,53.7760882167079
pitchers,pWhiff,mean,2017.0,1,,706,0.2917285791174637,0.0028518187501275,0.0396992084601794,,0.002617360623751,15.167649463330308,15.167649463330308,35.39118208110405,60.67059785332123
pitchers,pWhiff,mean,2025.0,16,,131,0.2497009858558514,0.0024091598172227,0.0337580155036276,,0.0013150971635087,25.66959798891072,25.66959798891072,59.89572864079168,102.6783919556429
pitchers,pWhiff,mean,2023.0,11,,1104,0.2641647628548154,0.0025953490366252,0.0365228577929575,,0.002258260600795,16.173004028011167,16.173004028011167,37.73700939869272,64.69201611204467
pitchers,pWhiff,mean,2024.0,11,,1102,0.2637041674697194,0.0024819337144845,0.0364005933913,,0.0021396967060633,17.012034129954277,17.012034129954277,39.69474630322664,68.0481365198171
pitchers,pWhiff,mean,2025.0,14,,388,0.2663085037787249,0.0017717986215882,0.0361772885411506,,0.0013143695248031,27.52444260039286,27.52444260039286,64.22369940091667,110.09777040157144
pitchers,pWhiff,mean,2025.0,1,,789,0.2881905112834912,0.0033146706823277,0.0406774194010079,,0.0030279463499587,13.433996081721164,13.433996081721164,31.345990857349385,53.73598432688466
pitchers,pWhiff,mean,2019.0,1,,758,0.2973199974920798,0.0031819840798618,0.0423251916433649,,0.0029010017053324,14.589854106450575,14.589854106450575,34.04299291505135,58.35941642580231
pitchers,pWhiff,mean,2018.0,1,,737,0.2881015718835823,0.0030567672056783,0.040502046030051,,0.0027926774744152,14.502944361139113,14.502944361139113,33.84020350932459,58.01177744455645
pitchers,pWhiff,mean,2025.0,11,,1131,0.269395514961074,0.0024230365977144,0.0365232551736862,,0.0020986598058283,17.40313273845238,17.40313273845238,40.60730972305556,69.61253095380953
pitchers,pWhiff,mean,2024.0,16,,10,0.2581460184552295,0.0079708445733265,0.0471942988494566,,0.0062045578063146,7.606391998060654,7.606391998060654,17.74824799547486,30.425567992242616
pitchers,pWhiff,mean,2021.0,14,,370,0.2567295147194519,0.0021553878643973,0.0381626736303275,,0.0016952144022776,22.512004132959856,22.512004132959856,52.52800964357299,90.04801653183944
pitchers,pWhiff,mean,2022.0,14,,395,0.2638039393480583,0.002172903443355,0.0384306154967855,,0.0016522040957405,23.260210766853923,23.260210766853923,54.27382512265915,93.04084306741572
pitchers,pWhiff,mean,2021.0,1,,814,0.2763614429991064,0.0024255287349342,0.0410760949171358,,0.0021182607157351,19.391425527560777,19.391425527560777,45.24665956430848,77.56570211024311
pitchers,pWhiff,mean,2015.0,1,,688,0.3597339342495635,0.0112463880999686,0.0379729578306753,,0.0110111411329997,3.448594234876587,3.448594234876587,8.046719881378703,13.79437693950635
pitchers,pWhiff,mean,2023.0,14,,375,0.2529515661482186,0.002050923397964,0.0354373350099841,,0.0015611980618629,22.69880797039816,22.69880797039816,52.96388526426237,90.79523188159264
pitchers,pWhiff,mean,2024.0,1,,782,0.2862631994947279,0.0030671688548168,0.0404514962952259,,0.0027784407594659,14.55906380490974,14.55906380490974,33.971148878122726,58.23625521963897
pitchers,pWhiff,mean,2024.0,14,,368,0.2624931729540435,0.0017132509316983,0.0353688544370063,,0.0012680616083865,27.89206313249064,27.89206313249064,65.08148064247817,111.56825252996256
pitchers,pWhiff,mean,2016.0,1,,701,0.3657256900308758,0.0105809324881336,0.0371028711863402,,0.0103351572898693,3.589966765451078,3.589966765451078,8.37658911938585,14.359867061804312
pitchers,pWhiff,mean,2020.0,1,,656,0.2830529750361601,0.0030575150622862,0.0422936650370353,,0.0026125758970293,16.188492393704404,16.188492393704404,37.77314891864361,64.75396957481762
pitchers,pWhiff,mean,2022.0,16,,25,0.2454187893103073,0.0037578094585221,0.0424669213684186,,0.0023851637365186,17.804614718150255,17.804614718150255,41.54410100901726,71.21845887260102
pitchers,pWhiff,mean,2021.0,16,,16,0.2598077213229482,0.0017897862396854,0.0385074291804638,,0.0003599776896667,106.97171043048492,106.97171043048492,249.6006576711315,427.8868417219397
pitchers,FA_pct,rate,2022.0,14,,442,0.5502878875354803,0.0153601488800155,0.0022625501052573,0.0130975987747582,,17.894389164229608,17.894389164229608,41.75357471653575,71.57755665691843
pitchers,FA_pct,rate,2016.0,1,,723,0.5781026831218403,0.0133084555949042,0.0009312429455481,0.012377212649356,,18.70556520266769,18.70556520266769,43.646318806224606,74.82226081067076
pitchers,FA_pct,rate,2025.0,1,,842,0.5049287053672709,0.0227789169543987,0.0013064709723824,0.0214724459820163,,10.641696901823082,10.641696901823082,24.830626104253856,42.566787607292326
pitchers,FA_pct,rate,2021.0,1,,861,0.5423213035252383,0.0200520856020686,0.0012984186388585,0.01875366696321,,12.235219957507356,12.235219957507356,28.548846567517163,48.94087983002943
pitchers,FA_pct,rate,2020.0,1,,707,0.5313869099249884,0.0164125009255837,0.0016282599745661,0.0147842409510176,,15.843263222669592,15.843263222669592,36.96761418622905,63.373052890678366
pitchers,FA_pct,rate,2023.0,11,,1199,0.5124490006188999,0.0169408576766016,0.0015561731633364,0.0153846845132651,,15.239853483389066,15.239853483389066,35.55965812790782,60.95941393355627
pitchers,FA_pct,rate,2015.0,1,,718,0.5999145660353088,0.0136649364612034,0.000986763375252,0.0126781730859513,,17.931519381127398,17.931519381127398,41.84021188929726,71.72607752450959
pitchers,FA_pct,rate,2025.0,16,,232,0.5695254092646023,0.018590211961386,0.0056876505824936,0.0129025613788923,,18.001360293287412,18.001360293287412,42.003174017670624,72.00544117314965
pitchers,FA_pct,rate,2024.0,1,,816,0.5005705438081994,0.018966662038128,0.0011614343387993,0.0178052276993287,,13.040801875798996,13.040801875798996,30.42853771019766,52.16320750319599
pitchers,FA_pct,rate,2024.0,11,,1190,0.504153934830889,0.017103800268174,0.0015701215145316,0.0155336787536423,,15.092951887961831,15.092951887961831,35.216887738577604,60.371807551847326
pitchers,FA_pct,rate,2019.0,1,,797,0.5625820362780743,0.0172673252324558,0.0011170800687177,0.016150245163738,,14.237136417459306,14.237136417459306,33.219984974071714,56.94854566983722
pitchers,FA_pct,rate,2018.0,1,,766,0.5787701589367874,0.0149804443932465,0.0010119333068039,0.0139685110864425,,16.453203176227806,16.453203176227806,38.39080741119822,65.81281270491122
pitchers,FA_pct,rate,2024.0,14,,428,0.5411639291385796,0.0175296723777392,0.0023176756825519,0.0152119966951872,,15.323007157662108,15.323007157662108,35.753683367878246,61.29202863064844
pitchers,FA_pct,rate,2022.0,1,,835,0.5151174114915642,0.0210873320053964,0.0012818076130746,0.0198055243923218,,11.611201749680797,11.611201749680797,27.09280408258852,46.44480699872318
pitchers,FA_pct,rate,2021.0,16,,45,0.660375141862834,0.0163468239663109,0.0065126673875963,0.0098341565787146,,21.80620733230084,21.80620733230084,50.88115044203529,87.22482932920336
pitchers,FA_pct,rate,2025.0,14,,454,0.5229686596194927,0.018469425613535,0.0023890398921343,0.0160803857214007,,14.514083119490818,14.514083119490818,33.86619394547858,58.05633247796328
pitchers,FA_pct,rate,2017.0,1,,733,0.5827559611429413,0.0140855592144111,0.0009304044868829,0.0131551547275282,,17.483359255858378,17.483359255858378,40.79450493033622,69.93343702343351
pitchers,FA_pct,rate,2023.0,14,,418,0.5547074502555027,0.014744109546988,0.0021427269897181,0.0126013825572699,,18.60158687064378,18.60158687064378,43.403702698168814,74.40634748257511
pitchers,FA_pct,rate,2025.0,11,,1222,0.4925562229317916,0.0164087586337842,0.0015546503301019,0.0148541083036823,,15.826630388913866,15.826630388913866,36.92880424079902,63.306521555655465
pitchers,FA_pct,rate,2021.0,14,,406,0.5752177550377627,0.0177543573059827,0.0018911405341584,0.0158632167718243,,14.403073212809597,14.403073212809597,33.60717082988905,57.61229285123839
pitchers,FA_pct,rate,2023.0,16,,43,0.5849666277973902,0.0149241650288895,0.0064359437343713,0.0084882212945181,,27.602066762506787,27.602066762506787,64.40482244584918,110.40826705002716
pitchers,FA_pct,rate,2024.0,16,,28,0.5723012943527165,0.0185032211970274,0.0071503420780914,0.011352879118936,,20.560391885671848,20.560391885671848,47.97424773323431,82.24156754268739
pitchers,FA_pct,rate,2022.0,11,,599,0.5126551653726573,0.0148847153095039,0.002450902997241,0.0124338123122628,,19.09358356993907,19.09358356993907,44.551694996524496,76.37433427975628
pitchers,FA_pct,rate,2023.0,1,,834,0.5107004269380654,0.0213147658004356,0.0012665403596891,0.0200482254407465,,11.464220417008562,11.464220417008562,26.74984763968665,45.85688166803425
pitchers,FA_pct,rate,2022.0,16,,51,0.6002792194576032,0.0204537498722302,0.0061975178284415,0.0142562320437887,,15.830820192037706,15.830820192037706,36.93858044808798,63.32328076815082
pitchers,LA_lte_0,rate,2022.0,14,,273,0.3455945079666261,0.0078238018105669,0.0040628644149162,0.0037609373956507,,59.1336635625654,59.1336635625654,137.97854831265258,236.5346542502616
pitchers,LA_lte_0,rate,2021.0,1,,730,0.3195337082277976,0.0070078467999497,0.0026612425056116,0.0043466042943381,,49.02339822311773,49.02339822311773,114.38792918727468,196.09359289247087
pitchers,LA_lte_0,rate,2024.0,14,,278,0.3492489415594472,0.0075462115276387,0.0040544109567836,0.003491800570855,,64.08794353149362,64.08794353149362,149.53853490681846,256.3517741259745
pitchers,LA_lte_0,rate,2024.0,1,,704,0.3104790147788327,0.0065700509092987,0.0025444810823237,0.004025569826975,,52.18049502613346,52.18049502613346,121.7544883943114,208.72198010453383
pitchers,LA_lte_0,rate,2025.0,1,,719,0.3056197636636638,0.006304525053027,0.0026076055444148,0.0036969195086121,,56.40355537291632,56.40355537291632,131.60829587013808,225.6142214916653
pitchers,LA_lte_0,rate,2020.0,1,,554,0.3135898602116989,0.0088341790009805,0.0041189976406112,0.0047151813603693,,44.650685166274215,44.650685166274215,104.18493205463984,178.60274066509686
pitchers,LA_lte_0,rate,2019.0,1,,693,0.2827150180143011,0.005851394063733,0.0023604860722908,0.0034909079914421,,57.09011211426892,57.09011211426892,133.2102615999608,228.36044845707568
pitchers,LA_lte_0,rate,2017.0,1,,658,0.2719918118348941,0.0047957928625257,0.0021671854696429,0.0026286073928827,,74.32972275197993,74.32972275197993,173.43601975461982,297.3188910079198
pitchers,LA_lte_0,rate,2024.0,11,,912,0.3186081431467018,0.0070731682409994,0.0032076019962923,0.003865566244707,,55.16175755998823,55.16175755998823,128.71076763997254,220.64703023995293
pitchers,LA_lte_0,rate,2023.0,11,,929,0.319065439352609,0.0075185527116811,0.0031400321304945,0.0043785205811865,,48.62011271497988,48.62011271497988,113.4469296682864,194.48045085991956
pitchers,LA_lte_0,rate,2016.0,1,,643,0.2809548580098203,0.0051543153278386,0.0021822690739081,0.0029720462539305,,66.97310960532067,66.97310960532067,156.27058907908156,267.8924384212827
pitchers,LA_lte_0,rate,2018.0,1,,676,0.2842159846983798,0.005313984363261,0.0023306115783641,0.0029833727848969,,67.19035816448795,67.19035816448795,156.77750238380523,268.7614326579518
pitchers,LA_lte_0,rate,2015.0,1,,638,0.2836375256148441,0.0043892227567232,0.0021573847367712,0.0022318380199519,,90.04033440666427,90.04033440666427,210.09411361555,360.1613376266571
pitchers,LA_lte_0,rate,2025.0,16,,20,0.3518120915742398,0.0142310714419359,0.0091057332957123,0.0051253381462236,,43.49274121833702,43.49274121833702,101.48306284278635,173.97096487334807
pitchers,LA_lte_0,rate,2021.0,14,,275,0.3393696539524153,0.0075636538753056,0.0041545293053104,0.0034091245699952,,64.76406562020935,64.76406562020935,151.1161531138218,259.0562624808374
pitchers,LA_lte_0,rate,2023.0,1,,707,0.3169852710302885,0.0067401817582625,0.0025119301942529,0.0042282515640095,,50.20452406924316,50.20452406924316,117.1438894949007,200.81809627697268
pitchers,LA_lte_0,rate,2022.0,1,,708,0.3196430526404275,0.0071961944007902,0.0025785782470603,0.0046176161537298,,46.09602623931283,46.09602623931283,107.5573945583966,184.3841049572513
pitchers,LA_lte_0,rate,2023.0,14,,258,0.3437077257139609,0.0074725962043371,0.0038591128650839,0.0036134833392532,,61.42528436428717,61.42528436428717,143.3256635166701,245.70113745714872
pitchers,LA_lte_0,rate,2025.0,14,,289,0.3329397133112821,0.0071561490371273,0.0039992618647233,0.003156887172404,,69.35121893265351,69.35121893265351,161.8195108428582,277.40487573061404
pitchers,LA_lte_0,rate,2022.0,11,,363,0.3262050041650963,0.0079560057057018,0.003760084007477,0.0041959216982248,,51.38307938771478,51.38307938771478,119.89385190466784,205.53231755085915
pitchers,LA_lte_0,rate,2025.0,11,,961,0.3212126432064861,0.006968994810053,0.0033006525335576,0.0036683422764954,,58.43695124847684,58.43695124847684,136.35288624644596,233.74780499390735
pitchers,LD_pct,rate,2015.0,1,,638,0.2630504032855258,0.0020746324970679,0.0020582960631855,0.0000163364338823,,11865.414054211557,11865.414054211557,27685.96612649363,47461.65621684623
pitchers,LD_pct,rate,2016.0,1,,643,0.2645383381829077,0.0020290469206393,0.0021016686956239,1e-8,,19455779.58143333,19455779.58143333,45396819.02334443,77823118.3257333
pitchers,LD_pct,rate,2022.0,14,,273,0.251671975772832,0.0035221729107997,0.0033833383365149,0.0001388345742848,,1355.5294765629862,1355.5294765629862,3162.902111980301,5422.117906251946
pitchers,LD_pct,rate,2022.0,11,,363,0.2629714746114759,0.0034739888739087,0.0033156760034604,0.0001583128704482,,1223.2686119158657,1223.2686119158657,2854.2934278036864,4893.074447663463
pitchers,LD_pct,rate,2020.0,1,,554,0.2682460403528028,0.0040461034065554,0.003756161374377,0.0002899420321784,,675.9977457668766,675.9977457668766,1577.328073456045,2703.9909830675065
pitchers,LD_pct,rate,2023.0,1,,707,0.2730820013651068,0.0024915246577294,0.0023031218393634,0.0001884028183659,,1052.6372205957134,1052.6372205957134,2456.153514723331,4210.548882382854
pitchers,LD_pct,rate,2018.0,1,,676,0.2740252547560676,0.0021881814001062,0.0022790376909277,1e-8,,19893540.451193985,19893540.451193985,46418261.05278596,79574161.80477594
pitchers,LD_pct,rate,2025.0,11,,961,0.2709294346670608,0.0030277301756157,0.0029901927743286,0.0000375374012871,,5261.129751264933,5261.129751264933,12275.969419618175,21044.51900505973
pitchers,LD_pct,rate,2024.0,11,,912,0.2724094771575442,0.0028948705898311,0.0029284371704222,1e-8,,19820254.391229764,19820254.391229764,46247260.24620278,79281017.56491905
pitchers,LD_pct,rate,2025.0,16,,20,0.2328518863915283,0.0039352191544199,0.0071328357054808,1e-8,,17863187.539543513,17863187.539543513,41680770.92560153,71452750.15817405
pitchers,LD_pct,rate,2022.0,1,,708,0.2700785416187001,0.0026078800055785,0.0023374613164831,0.0002704186890954,,728.0033230886191,728.0033230886191,1698.6744205401112,2912.013292354477
pitchers,LD_pct,rate,2023.0,14,,258,0.2636032161228014,0.0032881409290677,0.0033209587561449,1e-8,,19411655.057251707,19411655.057251707,45293861.80025398,77646620.22900683
pitchers,LD_pct,rate,2024.0,14,,278,0.2606922212394538,0.0036441779791123,0.0034381999789793,0.0002059780001329,,934.6911267238238,934.6911267238238,2180.945962355589,3738.764506895295
pitchers,LD_pct,rate,2025.0,1,,719,0.2751775895960382,0.0024846049265191,0.0024507995034703,0.0000338054230488,,5899.085423932714,5899.085423932714,13764.532655843,23596.34169573086
pitchers,LD_pct,rate,2024.0,1,,704,0.2720225223128114,0.0025868662778564,0.002353652230166,0.0002332140476904,,848.1181025692314,848.1181025692314,1978.9422393282064,3392.472410276925
pitchers,LD_pct,rate,2017.0,1,,658,0.275175614542296,0.0026462657817347,0.0021829647718285,0.0004633010099061,,429.506283040382,429.506283040382,1002.1813270942246,1718.0251321615278
pitchers,LD_pct,rate,2021.0,14,,275,0.2711561991333287,0.0032195076495711,0.003662218936661,1e-8,,19763050.480489533,19763050.480489533,46113784.45447557,79052201.92195815
pitchers,LD_pct,rate,2025.0,14,,289,0.2584322332136661,0.0037454022306678,0.0034510136713584,0.0002943885593094,,649.9934166580051,649.9934166580051,1516.6513055353453,2599.9736666320205
pitchers,LD_pct,rate,2023.0,11,,929,0.2689157688344418,0.0032647737338785,0.0028414017012861,0.0004233720325924,,463.36718293077706,463.36718293077706,1081.1900935051465,1853.468731723108
pitchers,LD_pct,rate,2021.0,1,,730,0.2691157869740488,0.0023774461660989,0.0024074036356464,1e-8,,19669247.01753872,19669247.01753872,45894909.70759034,78676988.07015488
pitchers,LD_pct,rate,2019.0,1,,693,0.2735981365089113,0.0023043311342622,0.0023134009515709,1e-8,,19874218.620776247,19874218.620776247,46373176.781811245,79496874.48310499
pitchers,LA_gte_20,rate,2019.0,1,,693,0.3605465075364081,0.0065387270264585,0.0026836821770607,0.0038550448493978,,58.80545815847516,58.80545815847516,137.21273570310868,235.22183263390065
pitchers,LA_gte_20,rate,2025.0,16,,20,0.3994829241517221,0.0153537741269216,0.0095791466065808,0.0057746275203407,,40.54316735025616,40.54316735025616,94.60072381726438,162.17266940102465
pitchers,LA_gte_20,rate,2021.0,14,,275,0.3501186249492001,0.0074574276287482,0.0042163786626742,0.003241048966074,,69.20429984077008,69.20429984077008,161.4766996284635,276.8171993630803
pitchers,LA_gte_20,rate,2021.0,1,,730,0.4084572264217903,0.0083518112921809,0.0029572898505925,0.0053945214415883,,43.78987120949661,43.78987120949661,102.17636615549208,175.15948483798644
pitchers,LA_gte_20,rate,2015.0,1,,638,0.3112049008995612,0.0058396242622578,0.0022759753912492,0.0035636488710086,,59.150822461637055,59.150822461637055,138.01858574381978,236.60328984654825
pitchers,LA_gte_20,rate,2024.0,14,,278,0.3851914302158766,0.0073320142771271,0.0042246848168207,0.0031073294603063,,75.21302965433797,75.21302965433797,175.49706919345527,300.8521186173519
pitchers,LA_gte_20,rate,2025.0,14,,289,0.4023410610279652,0.0081908188953212,0.0043300900806215,0.0038607288146997,,61.28428443958435,61.28428443958435,142.99666369236346,245.1371377583374
pitchers,LA_gte_20,rate,2017.0,1,,658,0.3526249008165697,0.0061913944112312,0.0024984631808545,0.0036929312303767,,60.81555136010036,60.81555136010036,141.9029531735675,243.26220544040143
pitchers,LA_gte_20,rate,2025.0,1,,719,0.416275654404987,0.0076285088994059,0.0029857395990397,0.0046427693003661,,51.33734830105025,51.33734830105025,119.78714603578392,205.34939320420105
pitchers,LA_gte_20,rate,2023.0,14,,258,0.3784741087135089,0.0083870096209822,0.0040243550937731,0.0043626545272091,,52.91934114423314,52.91934114423314,123.47846266987732,211.67736457693255
pitchers,LA_gte_20,rate,2016.0,1,,643,0.3265303852201251,0.0054955900907457,0.0023755118579918,0.0031200782327539,,69.48165986338796,69.48165986338796,162.1238730145719,277.92663945355184
pitchers,LA_gte_20,rate,2022.0,14,,273,0.38596034328389,0.0086023237386059,0.0042575295007905,0.0043447942378154,,53.5468769575689,53.5468769575689,124.94271290099408,214.1875078302756
pitchers,LA_gte_20,rate,2024.0,11,,912,0.4010135010234278,0.0076817027414609,0.0035489729763102,0.0041327297651506,,57.12179519838562,57.12179519838562,133.2841887962331,228.4871807935425
pitchers,LA_gte_20,rate,2023.0,1,,707,0.4058136827666798,0.0079341710748436,0.0027976137063346,0.0051365573685089,,45.9436862760124,45.9436862760124,107.20193464402892,183.77474510404963
pitchers,LA_gte_20,rate,2018.0,1,,676,0.3571176356320103,0.0064694519279714,0.0026301602769088,0.0038392916510625,,58.79869486838092,58.79869486838092,137.1969546928888,235.1947794735237
pitchers,LA_gte_20,rate,2022.0,1,,708,0.4070676126194385,0.0083389982304344,0.0028618702791889,0.0054771279512454,,43.067542975851794,43.067542975851794,100.49093361032084,172.27017190340715
pitchers,LA_gte_20,rate,2023.0,11,,929,0.4024259346251753,0.0082940539805544,0.0034755749018171,0.0048184790787372,,48.90771939374101,48.90771939374101,114.11801191872902,195.63087757496405
pitchers,LA_gte_20,rate,2025.0,11,,961,0.3959951827958278,0.0074740092605931,0.0036207933352852,0.0038532159253078,,61.07360361701488,61.07360361701488,142.50507510636805,244.29441446805956
pitchers,LA_gte_20,rate,2022.0,11,,363,0.4000973291042214,0.0083228694530085,0.0041060628760818,0.0042168065769266,,55.919721587710406,55.919721587710406,130.4793503713243,223.67888635084165
pitchers,LA_gte_20,rate,2024.0,1,,704,0.4141716290534079,0.0077528453006524,0.0028838338345407,0.0048690114661116,,48.83218717585345,48.83218717585345,113.94177007699138,195.3287487034138
pitchers,LA_gte_20,rate,2020.0,1,,554,0.4110115819653772,0.0100843636754829,0.0046324064350321,0.0054519572404508,,43.40259722867483,43.40259722867483,101.27272686690792,173.6103889146993
pitchers,BB_rpm,mean,2022.0,16,,10,2477.830885225885,33700.07099156189,11829.035958735,,33279.983965134576,0.3554399536708781,0.3554399536708781,0.8293598918987157,1.4217598146835129
pitchers,BB_rpm,mean,2023.0,1,,743,2409.660419303914,53689.6519934526,35361.80438754505,,53407.88866328569,0.6621082628913938,0.6621082628913938,1.5449192800799187,2.648433051565575
pitchers,BB_rpm,mean,2021.0,1,,763,2403.706158457644,51252.46731092261,25974.023862033508,,51031.83062985558,0.5089769177678236,0.5089769177678236,1.1876128081249218,2.0359076710712944
pitchers,BB_rpm,mean,2016.0,1,,655,993.5181871221528,131140.54408548214,141494.7626605387,,129877.63230879212,1.089446736479813,1.089446736479813,2.542042385119564,4.357786945919252
pitchers,BB_rpm,mean,2022.0,1,,754,2408.7505803642894,51637.03645245967,23440.977630069883,,51439.16124829591,0.4557029520158912,0.4557029520158912,1.0633068880370795,1.822811808063565
pitchers,BB_rpm,mean,2025.0,14,,362,2422.355765946866,49736.78282234226,43774.2930233797,,49126.029662535446,0.8910610795148973,0.8910610795148973,2.079142518868094,3.5642443180595897
pitchers,BB_rpm,mean,2025.0,11,,1101,2395.9018840120293,44608.3747266485,50744.05787944868,,44087.35456222173,1.1509889487207077,1.1509889487207077,2.685640880348318,4.603955794882831
pitchers,BB_rpm,mean,2024.0,11,,1052,2377.6155675728537,42234.763440209244,38055.48649663996,,41844.748853188124,0.9094447341566618,0.9094447341566618,2.122037713032211,3.637778936626648
pitchers,BB_rpm,mean,2022.0,11,,467,2379.547949166786,50693.88993585913,21850.89819907433,,50366.30070155553,0.433839648628383,0.433839648628383,1.012292513466227,1.735358594513532
pitchers,BB_rpm,mean,2023.0,14,,334,2406.924083253172,54758.84912448104,20365.995598308586,,54447.40698608047,0.3740489533967185,0.3740489533967185,0.87278089125901,1.4961958135868745
pitchers,BB_rpm,mean,2025.0,1,,748,2476.6760435011915,49936.999694324026,26466.90624158972,,49732.63861242942,0.5321838329924241,0.5321838329924241,1.2417622769823229,2.128735331969697
pitchers,BB_rpm,mean,2019.0,1,,709,2437.601501595084,57916.39846803831,25620.0873616726,,57701.180993107,0.4440132233122436,0.4440132233122436,1.036030854395235,1.7760528932489743
pitchers,BB_rpm,mean,2023.0,11,,1064,2371.6400813852674,44313.34755812586,25635.063344154867,,44043.50105872387,0.5820396364488656,0.5820396364488656,1.358092485047353,2.3281585457954623
pitchers,BB_rpm,mean,2024.0,14,,336,2412.762162524652,49293.45616552275,27238.029498125023,,48919.00600717406,0.5567985067834477,0.5567985067834477,1.2991965158280443,2.227194027133791
pitchers,BB_rpm,mean,2015.0,1,,648,972.4027397285256,123403.68812317633,142560.00106984103,,122128.92930923543,1.1672910085772823,1.1672910085772823,2.7236790200136585,4.669164034309129
pitchers,BB_rpm,mean,2022.0,14,,340,2416.041606408908,51729.37915200705,17757.773570066525,,51467.44950464859,0.3450292124629689,0.3450292124629689,0.8050681624135942,1.380116849851876
pitchers,BB_rpm,mean,2018.0,1,,695,2401.124631410343,56684.98140361458,25447.813611552927,,56462.06240714739,0.4507064128839111,0.4507064128839111,1.051648296729126,1.8028256515356444
pitchers,BB_rpm,mean,2017.0,1,,664,2384.039918545106,50350.842284656064,26211.092025785318,,50131.71616481061,0.5228444990715058,0.5228444990715058,1.2199704978335133,2.091377996286023
pitchers,BB_rpm,mean,2020.0,1,,613,2438.8401218030367,58661.69548330413,35967.8502500506,,58191.10629317496,0.618098753250016,0.618098753250016,1.4422304242500372,2.472395013000064
pitchers,BB_rpm,mean,2024.0,1,,747,2439.5143680286537,52890.54078891479,29512.1135849688,,52655.18267731902,0.5604787997000152,0.5604787997000152,1.3077838659667025,2.241915198800061
pitchers,BB_rpm,mean,2025.0,16,,69,2439.856686359121,43669.09665719805,31321.415815524408,,42597.39523772883,0.7352894617317539,0.7352894617317539,1.7156754107074257,2.941157846927016
pitchers,BB_rpm,mean,2021.0,14,,336,2401.385177537144,60510.27343053006,17224.17812289731,,60257.51755969775,0.2858428096682399,0.2858428096682399,0.6669665558925598,1.1433712386729598
pitchers,FA_spin_eff,mean,2016.0,1,,708,0.7644902731838095,0.0065283620423383,0.0126771485841702,,0.0064564603128431,1.9634827707301263,1.9634827707301263,4.581459798370295,7.853931082920505
pitchers,FA_spin_eff,mean,2023.0,16,,28,0.7375896315668633,0.03563231787743,0.0147932569817033,,0.0351315462243891,0.4210818643511214,0.4210818643511214,0.9825243501526169,1.684327457404486
pitchers,FA_spin_eff,mean,2020.0,1,,680,0.734191005578399,0.0209324254393273,0.0159316446866323,,0.0207701283717969,0.7670460384956178,0.7670460384956178,1.7897740898231085,3.068184153982472
pitchers,FA_spin_eff,mean,2015.0,1,,702,0.7526159632006528,0.0076431132625962,0.012606951394035,,0.0075723533960352,1.6648656942815003,1.6648656942815003,3.884686619990168,6.659462777126002
pitchers,FA_spin_eff,mean,2021.0,16,,28,0.7483001771754257,0.0359426507723267,0.0176511340304273,,0.0353592511644196,0.4991942263808124,0.4991942263808124,1.1647865282218957,1.9967769055232496
pitchers,FA_spin_eff,mean,2022.0,16,,33,0.754730684422883,0.0268417490468993,0.0148804543201594,,0.0264042096394571,0.5635637090959476,0.5635637090959476,1.3149819878905442,2.25425483638379
pitchers,FA_spin_eff,mean,2023.0,11,,1133,0.7091237275378459,0.0190147544951445,0.0172952015685425,,0.0188553091996097,0.9172589738756672,0.9172589738756672,2.140270939043224,3.66903589550267
pitchers,FA_spin_eff,mean,2017.0,1,,723,0.7238210569467939,0.0177240130998627,0.0262898948232139,,0.0175740450265625,1.4959501232344443,1.4959501232344443,3.490550287547037,5.983800492937778
pitchers,FA_spin_eff,mean,2025.0,14,,402,0.7669099076250282,0.0217718582741736,0.0175492772210855,,0.0215604117326326,0.8139583528696711,0.8139583528696711,1.8992361566958995,3.255833411478685
pitchers,FA_spin_eff,mean,2025.0,11,,1147,0.7030471314946792,0.01798199253907,0.0177697212082141,,0.0178218332790771,0.9970759421858052,0.9970759421858052,2.326510531766879,3.9883037687432217
pitchers,FA_spin_eff,mean,2022.0,1,,799,0.7409093228758942,0.0211569419080128,0.0170954186973245,,0.0210317112901739,0.8128401184981837,0.8128401184981837,1.8966269431624287,3.251360473992735
pitchers,FA_spin_eff,mean,2024.0,11,,1128,0.7035443923481959,0.0203109524499261,0.0174590604178588,,0.0201457005819175,0.8666395267251137,0.8666395267251137,2.022158895691932,3.4665581069004547
pitchers,FA_spin_eff,mean,2019.0,1,,784,0.6922449518275025,0.0208715899281807,0.0164488997656436,,0.0207631187850312,0.7922171970379589,0.7922171970379589,1.8485067930885704,3.168868788151836
pitchers,FA_spin_eff,mean,2023.0,14,,390,0.7499447095024085,0.0227595925046812,0.0173074140352698,,0.0225423537683182,0.7677731532895309,0.7677731532895309,1.791470691008905,3.071092613158124
pitchers,FA_spin_eff,mean,2023.0,1,,798,0.7281549581009504,0.019911667689137,0.0164915269489163,,0.0197957754809576,0.833083147703924,0.833083147703924,1.9438606779758223,3.3323325908156964
pitchers,FA_spin_eff,mean,2021.0,14,,390,0.7560771216092854,0.0233974512085794,0.0168113415774383,,0.0232036845120915,0.7245117286730003,0.7245117286730003,1.6905273669036671,2.898046914692001
pitchers,FA_spin_eff,mean,2021.0,1,,829,0.7374183139626787,0.019623773851042,0.0162331864334882,,0.0195079688513894,0.8321310412760947,0.8321310412760947,1.941639096310888,3.328524165104379
pitchers,FA_spin_eff,mean,2025.0,16,,151,0.7005186738718173,0.0269569667800488,0.0181437261153331,,0.0263995080677729,0.6872751593989723,0.6872751593989723,1.603642038597602,2.7491006375958893
pitchers,FA_spin_eff,mean,2025.0,1,,814,0.7179000037634404,0.0199925150651241,0.0170119064122567,,0.0198601990129037,0.8565828772009575,0.8565828772009575,1.9986933801355675,3.4263315088038304
pitchers,FA_spin_eff,mean,2024.0,16,,14,0.739247655352694,0.0131316297295696,0.0177650672724383,,0.0125624427674546,1.4141411508327069,1.4141411508327069,3.299662685276316,5.656564603330828
pitchers,FA_spin_eff,mean,2024.0,14,,384,0.7524162707652734,0.0226290045160152,0.0175829158420789,,0.0224159987979856,0.7843913626395702,0.7843913626395702,1.830246512825664,3.1375654505582813
pitchers,FA_spin_eff,mean,2022.0,14,,404,0.7670866916337813,0.0238933532373154,0.0179421873413861,,0.023661572955805,0.7582837952023955,0.7582837952023955,1.7693288554722562,3.0331351808095826
pitchers,FA_spin_eff,mean,2022.0,11,,538,0.7102770125032924,0.0209039603149454,0.0183785476037208,,0.0206512063776759,0.8899503141660554,0.8899503141660554,2.076550733054129,3.5598012566642216
pitchers,FA_spin_eff,mean,2018.0,1,,756,0.7019756074348186,0.0188167428888902,0.0170700594023721,,0.0187100816536455,0.9123455321236472,0.9123455321236472,2.128806241621844,3.649382128494589
pitchers,FA_spin_eff,mean,2024.0,1,,787,0.717762849058602,0.0192151904915513,0.0168405132907355,,0.0190951965105873,0.8819240630175404,0.8819240630175404,2.0578228137075945,3.5276962520701622
pitchers,fastball_velo,mean,2025.0,14,,404,92.64519468568692,14.657372043810362,0.0591386402202696,,14.656662206083327,0.0040349323323917,0.0040349323323917,0.009414842108914,0.0161397293295669
pitchers,fastball_velo,mean,2015.0,1,,702,92.48575601159376,8.730615296911273,0.4100862261562309,,8.728317123679108,0.046983424220885,0.046983424220885,0.1096279898487318,0.1879336968835403
pitchers,fastball_velo,mean,2024.0,14,,387,92.4527643426883,8.354107479603266,0.0439900426713222,,8.353572632579427,0.0052660154650189,0.0052660154650189,0.0122873694183775,0.0210640618600757
pitchers,fastball_velo,mean,2022.0,11,,538,92.8246248557852,10.59622021201374,0.0559152668006493,,10.595459284924113,0.0052772857973423,0.0052772857973423,0.0123136668604655,0.0211091431893694
pitchers,fastball_velo,mean,2016.0,1,,708,92.7155963528893,7.878648315781789,0.2134200366084079,,7.877437851055724,0.0270925700264084,0.0270925700264084,0.0632159967282864,0.1083702801056339
pitchers,fastball_velo,mean,2024.0,16,,14,92.79374322125236,4.760697133627246,0.0721419854954823,,4.7583857279379,0.015161020905034,0.015161020905034,0.0353757154450795,0.0606440836201363
pitchers,fastball_velo,mean,2023.0,1,,798,92.93092412393104,40.25302575502924,0.038071589090288,,40.252759079778734,0.0009458131556853,0.0009458131556853,0.0022068973632658,0.0037832526227414
pitchers,fastball_velo,mean,2024.0,1,,787,93.33325139347512,32.28053310541418,0.0353073432605497,,32.28028212256143,0.0010937743086164,0.0010937743086164,0.0025521400534384,0.0043750972344659
pitchers,fastball_velo,mean,2021.0,1,,829,92.9775582381139,19.20002436745469,0.0366148540427763,,19.199763344448805,0.001907047153962,0.001907047153962,0.0044497766925781,0.0076281886158482
pitchers,fastball_velo,mean,2022.0,1,,799,93.07280539132464,28.9647451605749,0.0481352364108891,,28.964393151184645,0.0016618762271192,0.0016618762271192,0.0038777111966115,0.0066475049084769
pitchers,fastball_velo,mean,2025.0,11,,1148,92.89595151042184,24.69339488829228,0.0497198986770092,,24.69295102538275,0.0020135259907129,0.0020135259907129,0.0046982273116634,0.0080541039628516
pitchers,fastball_velo,mean,2025.0,16,,160,92.36955130642254,4.71305872669022,0.0839636466810468,,4.710539673248434,0.0178246342256458,0.0178246342256458,0.0415908131931737,0.0712985369025835
pitchers,fastball_velo,mean,2017.0,1,,723,92.72250772573491,11.126933260264158,0.1689182812482892,,11.125969781118975,0.0151823422651162,0.0151823422651162,0.0354254652852713,0.0607293690604651
pitchers,fastball_velo,mean,2024.0,11,,1129,92.3862484741208,32.41544926248733,0.0455807294027145,,32.415020801760896,0.0014061607327501,0.0014061607327501,0.0032810417097502,0.0056246429310004
pitchers,fastball_velo,mean,2023.0,16,,28,91.2774198814532,3.6559665348827854,0.0837740360502871,,3.65313067104518,0.0229321214032343,0.0229321214032343,0.0535082832742135,0.0917284856129375
pitchers,fastball_velo,mean,2021.0,14,,390,91.8443628108104,11.486213246585187,0.0452383732644393,,11.485693017132146,0.0039386716323483,0.0039386716323483,0.0091902338088127,0.0157546865293932
pitchers,fastball_velo,mean,2018.0,1,,756,92.8328466379208,12.468345263272846,0.0359184675874344,,12.468120915845896,0.0028808244506022,0.0028808244506022,0.0067219237180719,0.011523297802409
pitchers,fastball_velo,mean,2023.0,14,,390,92.15806550689167,6.958142193291304,0.0336543501142637,,6.957720145810842,0.0048369795578119,0.0048369795578119,0.0112862856348946,0.0193479182312479
pitchers,fastball_velo,mean,2020.0,1,,680,93.15130744173231,9.14782769823444,0.0525249087970878,,9.14729349088372,0.0057421256735049,0.0057421256735049,0.0133982932381781,0.0229685026940196
pitchers,fastball_velo,mean,2023.0,11,,1133,92.58806054613622,21.93181781370694,0.0410277010110981,,21.9314448691404,0.0018707249456613,0.0018707249456613,0.0043650248732098,0.0074828997826455
pitchers,fastball_velo,mean,2025.0,1,,814,92.7915791405362,62.15830679045561,0.038979487826425,,62.158003859323046,0.0006271032756239,0.0006271032756239,0.0014632409764557,0.0025084131024956
pitchers,fastball_velo,mean,2022.0,14,,405,92.12803956070948,5.398290475570594,0.0434265748790533,,5.397737543814983,0.0080453290895578,0.0080453290895578,0.0187724345423017,0.0321813163582314
pitchers,fastball_velo,mean,2022.0,16,,33,91.40558751924524,5.655197019529861,0.0960803232444175,,5.652371909032914,0.0169982309711209,0.0169982309711209,0.0396625389326156,0.0679929238844839
pitchers,fastball_velo,mean,2019.0,1,,784,92.63459612566864,18.514364956921305,0.032077856083133,,18.51415348171628,0.0017326126260545,0.0017326126260545,0.0040427627941272,0.0069304505042181
pitchers,fastball_velo,mean,2021.0,16,,28,90.6090389951606,17.26508450408634,0.1145725933122634,,17.261297687562255,0.0066375422859904,0.0066375422859904,0.015487598667311,0.0265501691439617
pitchers,fastball_vaa,mean,2024.0,14,,387,4.996921821108859,0.3478896998178747,0.0188530660213893,,0.3476604773475273,0.0542283844434334,0.0542283844434334,0.126532897034678,0.2169135377737338
pitchers,fastball_vaa,mean,2025.0,14,,404,5.01567924906454,1.004256533360637,0.0121600171146231,,1.00411057736846,0.0121102370482857,0.0121102370482857,0.0282572197793335,0.0484409481931431
pitchers,fastball_vaa,mean,2020.0,1,,680,5.088648508971911,0.4139813413781841,0.041681258365146,,0.4135574199451736,0.1007871128770264,0.1007871128770264,0.235169930046395,0.4031484515081058
pitchers,fastball_vaa,mean,2019.0,1,,784,5.213421551909762,0.5171310311145013,0.016737302415813,,0.5170206894367169,0.0323725969922943,0.0323725969922943,0.0755360596486867,0.1294903879691773
pitchers,fastball_vaa,mean,2023.0,1,,798,5.04629417659191,1.4857696223040973,0.0166653639874149,,1.4856528885343143,0.0112175354795401,0.0112175354795401,0.0261742494522603,0.0448701419181605
pitchers,fastball_vaa,mean,2023.0,14,,390,5.114152713347651,0.2509446547354916,0.0243870551878724,,0.2506388251722115,0.097299591039482,0.097299591039482,0.2270323790921247,0.3891983641579282
pitchers,fastball_vaa,mean,2022.0,16,,33,5.432291417683896,0.2365629259098974,0.0394254181938229,,0.235403675409641,0.1674800451828811,0.1674800451828811,0.3907867720933893,0.6699201807315247
pitchers,fastball_vaa,mean,2025.0,1,,814,5.054213867003981,3.185990724759273,0.0197640285372322,,3.185837127575658,0.0062037159295309,0.0062037159295309,0.0144753371689055,0.0248148637181238
pitchers,fastball_vaa,mean,2018.0,1,,756,5.231982949658959,0.4316521410014705,0.0189069239942631,,0.431534047997103,0.0438132844488555,0.0438132844488555,0.1022309970473295,0.1752531377954221
pitchers,fastball_vaa,mean,2021.0,14,,390,5.217321312374244,0.3546326499089197,0.0251665293871584,,0.3543432414073914,0.0710230263944114,0.0710230263944114,0.1657203949202934,0.2840921055776459
pitchers,fastball_vaa,mean,2016.0,1,,708,5.4344316764087885,0.3598589016341791,0.0398766425193342,,0.3596327313554619,0.1108815717886368,0.1108815717886368,0.2587236675068193,0.4435262871545475
pitchers,fastball_vaa,mean,2022.0,11,,538,5.140454229908325,0.4397676213613719,0.0313620745388021,,0.4393408282247391,0.0713843843412598,0.0713843843412598,0.1665635634629395,0.2855375373650392
pitchers,fastball_vaa,mean,2022.0,14,,405,5.152829169782334,0.2791416584543481,0.0184485847413874,,0.2789067606209821,0.0661460650875291,0.0661460650875291,0.154340818537568,0.2645842603501167
pitchers,fastball_vaa,mean,2015.0,1,,702,5.455768030029255,0.3938259290081797,0.0314707227813068,,0.3936495632390322,0.0799460375933331,0.0799460375933331,0.1865407543844439,0.3197841503733325
pitchers,fastball_vaa,mean,2022.0,1,,799,5.005169725289751,1.0217666772239766,0.0408110316422195,,1.0214682291963924,0.0399533049347275,0.0399533049347275,0.0932243781810308,0.15981321973891
pitchers,fastball_vaa,mean,2025.0,11,,1148,5.068561558530218,0.9584705161879824,0.0208468311678916,,0.9582844109186054,0.0217543256786448,0.0217543256786448,0.0507600932501712,0.0870173027145792
pitchers,fastball_vaa,mean,2024.0,1,,787,4.920979275260203,1.3264238514235882,0.0336671315906506,,1.3261845280435145,0.0253864608421566,0.0253864608421566,0.0592350752983654,0.1015458433686265
pitchers,fastball_vaa,mean,2023.0,11,,1133,5.202305135950987,0.8419157658794155,0.0187721198947692,,0.8417451260447519,0.022301429867467,0.022301429867467,0.0520366696907564,0.0892057194698682
pitchers,fastball_vaa,mean,2023.0,16,,28,5.333019757735301,0.234836373374512,0.0281882043504679,,0.2338821647302425,0.1205231035165932,0.1205231035165932,0.2812205748720509,0.482092414066373
pitchers,fastball_vaa,mean,2021.0,1,,829,5.06075633288335,0.6183339572989065,0.0323737410834553,,0.6181031686905594,0.0523759506880356,0.0523759506880356,0.1222105516054164,0.2095038027521425
pitchers,fastball_vaa,mean,2025.0,16,,160,5.164839624121536,0.3219610098906346,0.0450159806188995,,0.3206104532462313,0.1404070895477848,0.1404070895477848,0.3276165422781647,0.5616283581911395
pitchers,fastball_vaa,mean,2024.0,16,,14,5.23477148784166,0.2105988217672443,0.0855300696610059,,0.2078584662271693,0.4114822514254954,0.4114822514254954,0.960125253326156,1.6459290057019818
pitchers,fastball_vaa,mean,2021.0,16,,28,5.592580802808316,0.5114280676550073,0.0753162376718936,,0.5089387395783481,0.1479868436313033,0.1479868436313033,0.3453026351397077,0.5919473745252133
pitchers,fastball_vaa,mean,2024.0,11,,1129,5.191897708649019,1.4400014695570866,0.0195861176240361,,1.4398173592478576,0.0136031959180348,0.0136031959180348,0.0317407904754146,0.0544127836721393
pitchers,fastball_vaa,mean,2017.0,1,,723,5.138762043127701,0.3585094955991493,0.0240717777279087,,0.3583721945583329,0.0671697695675733,0.0671697695675733,0.1567294623243378,0.2686790782702934
pitchers,stuff_raw,mean,2023.0,11,,1199,0.0184084601768483,0.0000350525847753,0.0001947296850244,,3.38397004559e-05,5.754474253631884,5.754474253631884,13.427106591807728,23.01789701452753
pitchers,stuff_raw,mean,2022.0,1,,835,0.0163902688163692,0.0000564067202338,0.0002095417613032,,5.53313683071e-05,3.787033787779946,3.787033787779946,8.83641217148654,15.14813515111978
pitchers,stuff_raw,mean,2021.0,1,,861,0.0171221882371941,0.0000374287342879,0.0002214817128328,,3.62701296783e-05,6.106449433657907,6.106449433657907,14.24838201186845,24.42579773463163
pitchers,stuff_raw,mean,2021.0,14,,406,0.0205785154933082,0.0000294579645504,0.0002499674254772,,2.7523287046e-05,9.082033881306277,9.082033881306277,21.19141238971464,36.3281355252251
pitchers,stuff_raw,mean,2018.0,1,,766,0.0182782761329818,0.0000281898057551,0.0002007599184245,,2.73565014226e-05,7.338654724990111,7.338654724990111,17.12352769164359,29.35461889996045
pitchers,stuff_raw,mean,2025.0,11,,1222,0.0173808450523129,0.0000409050842313,0.0001958338122201,,3.96870018532e-05,4.934457204509009,4.934457204509009,11.513733477187689,19.73782881803604
pitchers,stuff_raw,mean,2022.0,16,,51,0.0238075105405919,0.0000269626557948,0.0002434435182502,,2.06747508953e-05,11.774919053814711,11.774919053814711,27.474811125567665,47.09967621525885
pitchers,stuff_raw,mean,2021.0,16,,45,0.0242361496147859,0.0000281492732608,0.0002795003497262,,2.00331045291e-05,13.951923892722087,13.951923892722087,32.55448908301821,55.80769557088836
pitchers,stuff_raw,mean,2024.0,1,,816,0.0154259513603946,0.0000530246061638,0.0002057995735539,,5.20685141523e-05,3.9524764035253366,3.9524764035253366,9.222444941559118,15.809905614101346
pitchers,stuff_raw,mean,2016.0,1,,723,0.0268196462359685,0.0000343207022176,0.0000679113078854,,3.40614076955e-05,1.9937904062127596,1.9937904062127596,4.652177614496439,7.975161624851038
pitchers,stuff_raw,mean,2015.0,1,,718,0.0272780897393824,0.0000395063997891,0.0000657924773655,,3.92359123423e-05,1.6768433161825853,1.6768433161825853,3.912634404426032,6.707373264730342
pitchers,stuff_raw,mean,2024.0,11,,1190,0.0181094048680189,0.0000393671006493,0.0001922572240286,,3.81595484881e-05,5.038246825386632,5.038246825386632,11.755909259235471,20.152987301546528
pitchers,stuff_raw,mean,2023.0,16,,43,0.0235244397222546,0.0000239456724182,0.0002544269151618,,1.72009950272e-05,14.79140682029704,14.79140682029704,34.513282580693094,59.165627281188165
pitchers,stuff_raw,mean,2017.0,1,,733,0.0178962697701667,0.0000274133836974,0.0002283053194696,,2.65397870447e-05,8.602379479714818,8.602379479714818,20.07221878600124,34.40951791885928
pitchers,stuff_raw,mean,2025.0,1,,842,0.0152096009691112,0.0000732669228471,0.0002070480838325,,7.2184808454e-05,2.8683055100761785,2.8683055100761785,6.692712856844416,11.473222040304714
pitchers,stuff_raw,mean,2024.0,14,,428,0.0188664454797743,0.0000216512869747,0.0002288214637499,,1.95154749363e-05,11.725129134504616,11.725129134504616,27.35863464717744,46.90051653801847
pitchers,stuff_raw,mean,2025.0,16,,232,0.0213403103245754,0.0000261408216152,0.0002267156130335,,2.08812095779e-05,10.857398475275325,10.857398475275325,25.333929775642424,43.429593901101306
pitchers,stuff_raw,mean,2019.0,1,,797,0.0180515331686956,0.0000308958662836,0.0002020094831541,,2.99788573104e-05,6.738398367289672,6.738398367289672,15.7229295236759,26.953593469158687
pitchers,stuff_raw,mean,2024.0,16,,28,0.0243557336573422,0.0000384507786996,0.0002772920993823,,3.03504684884e-05,9.136336708870632,9.136336708870632,21.31811898736481,36.545346835482526
pitchers,stuff_raw,mean,2020.0,1,,707,0.0168797023440411,0.0000290547909036,0.0002121057863601,,2.76678722286e-05,7.666140157347697,7.666140157347697,17.887660367144626,30.664560629390788
pitchers,stuff_raw,mean,2022.0,14,,442,0.0193483864375434,0.0000222140897538,0.0002307872694608,,2.01040748836e-05,11.479626433786798,11.479626433786798,26.7857950121692,45.91850573514719
pitchers,stuff_raw,mean,2025.0,14,,454,0.0178720592502292,0.0000334417168376,0.0002349981293664,,3.11912882768e-05,7.534095010141208,7.534095010141208,17.57955502366282,30.136380040564838
pitchers,stuff_raw,mean,2023.0,14,,418,0.019526249727226,0.0000228806592051,0.0002322072620676,,2.08663171966e-05,11.12832992424075,11.12832992424075,25.96610315656175,44.51331969696301
pitchers,stuff_raw,mean,2023.0,1,,834,0.0160627869597045,0.0000629956136302,0.0002066112962904,,6.19484078315e-05,3.335215601544677,3.335215601544677,7.78216973693758,13.340862406178708
pitchers,stuff_raw,mean,2022.0,11,,599,0.0183481776764747,0.0000237476817224,0.0001914424587139,,2.18696510484e-05,8.753795764264895,8.753795764264895,20.42552344995142,35.01518305705958
pitchers,rel_z,mean,2017.0,1,,733,5.920734170624429,0.2297312360773508,0.0247155668997444,,0.2296366634385502,0.1076290106712783,0.1076290106712783,0.2511343582329827,0.4305160426851133
pitchers,rel_z,mean,2021.0,14,,406,5.867008331357916,0.1682910035359656,0.0240570794872578,,0.1681045212665099,0.1431078670937005,0.1431078670937005,0.333918356551968,0.5724314683748023
pitchers,rel_z,mean,2022.0,1,,835,5.797925157948885,0.3090795391266301,0.0193110433819988,,0.3089803177955963,0.0624992670075959,0.0624992670075959,0.1458316230177238,0.2499970680303836
pitchers,rel_z,mean,2025.0,16,,227,5.723808534220628,0.1640598090510343,0.0195534298385925,,0.1636050202640919,0.1195160747942168,0.1195160747942168,0.278870841186506,0.4780642991768675
pitchers,rel_z,mean,2023.0,11,,1199,5.814973806173462,0.261616047739681,0.0203693614540896,,0.2614885964395267,0.0778977046473244,0.0778977046473244,0.181761310843757,0.3115908185892978
pitchers,rel_z,mean,2022.0,14,,440,5.797474175926166,0.1648800305872471,0.0263114458176316,,0.1646389641954747,0.1598129941244786,0.1598129941244786,0.3728969862904502,0.6392519764979148
pitchers,rel_z,mean,2024.0,16,,28,5.83537313546089,0.0600119387394499,0.0243882684907353,,0.0592995039433322,0.4112727235297151,0.4112727235297151,0.9596363549026686,1.6450908941188604
pitchers,rel_z,mean,2023.0,16,,43,5.706596387268259,0.1491371409070803,0.0208769723563406,,0.1485837071504571,0.140506471111267,0.140506471111267,0.3278484325929564,0.5620258844450681
pitchers,rel_z,mean,2025.0,11,,1221,5.778858388156931,0.2500610562696031,0.0191310286552167,,0.2499416667601328,0.0765419743862741,0.0765419743862741,0.1785979402346395,0.3061678975450964
pitchers,rel_z,mean,2019.0,1,,797,5.855435081245716,0.3054316306282432,0.0191419634580567,,0.3053447369241389,0.0626896787247145,0.0626896787247145,0.1462759170243338,0.2507587148988581
pitchers,rel_z,mean,2021.0,16,,45,5.9331120010453855,0.0947187605294857,0.0125858104651792,,0.0943532920731508,0.1333902632186022,0.1333902632186022,0.3112439475100719,0.5335610528744092
pitchers,rel_z,mean,2022.0,16,,51,5.749702967279321,0.2579765699817009,0.0192004322248538,,0.2574806418389967,0.07457039134173,0.07457039134173,0.1739975797973701,0.2982815653669203
pitchers,rel_z,mean,2023.0,1,,834,5.790103108426216,0.303921624823377,0.0188038472739227,,0.3038258936316039,0.0618902064243507,0.0618902064243507,0.1444104816568183,0.2475608256974029
pitchers,rel_z,mean,2024.0,14,,428,5.745529688820158,0.1915768494265723,0.0219180084410795,,0.1913718918604132,0.1145309701858752,0.1145309701858752,0.2672389304337088,0.4581238807435009
pitchers,rel_z,mean,2024.0,11,,1189,5.800349527697731,0.2488885341302568,0.0197829475830855,,0.2487644860369795,0.0795248063670341,0.0795248063670341,0.1855578815230797,0.3180992254681367
pitchers,rel_z,mean,2020.0,1,,707,5.83265919189831,0.2891962686320222,0.0154872034310606,,0.2890947262549602,0.0535713799822211,0.0535713799822211,0.1249998866251826,0.2142855199288846
pitchers,rel_z,mean,2022.0,11,,598,5.7778505522249946,0.2481205859801932,0.0223217859311612,,0.2479014731434835,0.0900429741223907,0.0900429741223907,0.2101002729522451,0.360171896489563
pitchers,rel_z,mean,2024.0,1,,816,5.779309729161092,0.2817857441224063,0.0177977388379004,,0.2817028638862728,0.0631791192761377,0.0631791192761377,0.1474179449776546,0.2527164771045508
pitchers,rel_z,mean,2016.0,1,,19,5.989309934773634,0.0697408986889953,0.0145913150336375,,0.0693596216305107,0.2103718949242214,0.2103718949242214,0.4908677548231834,0.8414875796968859
pitchers,rel_z,mean,2018.0,1,,766,5.893389867926125,0.2827724340920739,0.0199908306383579,,0.282689457141732,0.0707165765589027,0.0707165765589027,0.1650053453041064,0.282866306235611
pitchers,rel_z,mean,2023.0,14,,418,5.778740250664102,0.1657804528299846,0.0207058200393374,,0.1656007966627802,0.125034543653202,0.125034543653202,0.291747268524138,0.5001381746128081
pitchers,rel_z,mean,2025.0,1,,842,5.791900969423032,0.2899649343175511,0.0189000278854716,,0.2898660897453153,0.0652026178780613,0.0652026178780613,0.1521394417154764,0.2608104715122454
pitchers,rel_z,mean,2025.0,14,,452,5.759755381407807,0.1807635681096896,0.0197353139538614,,0.1805758270478842,0.1092910068667615,0.1092910068667615,0.255012349355777,0.4371640274670463
pitchers,rel_z,mean,2021.0,1,,861,5.826083308500791,0.3061404257505078,0.0181601308611341,,0.3060453937483892,0.0593380303448194,0.0593380303448194,0.1384554041379119,0.2373521213792777
pitchers,rel_x,mean,2018.0,1,,766,-0.8550271537879562,3.7111577332574126,0.0678614949375757,,3.7108760571231176,0.0182871898422244,0.0182871898422244,0.042670109631857,0.0731487593688977
pitchers,rel_x,mean,2023.0,1,,834,-0.8651336427123703,3.491951860124252,0.0544408133682371,,3.4916746996118886,0.0155916051899933,0.0155916051899933,0.0363804121099844,0.0623664207599733
pitchers,rel_x,mean,2019.0,1,,797,-0.8056832293558829,3.7861038716708495,0.0590190100821123,,3.7858359586947423,0.0155894261468372,0.0155894261468372,0.0363753276759535,0.0623577045873488
pitchers,rel_x,mean,2025.0,11,,1221,-0.9273769296539878,3.2160418661377608,0.0712929125187306,,3.215596954052388,0.0221709727734644,0.0221709727734644,0.0517322698047503,0.0886838910938576
pitchers,rel_x,mean,2021.0,1,,861,-0.8040323786479806,3.416315269175283,0.0568855431480424,,3.4160175870110794,0.0166525908310137,0.0166525908310137,0.0388560452723654,0.066610363324055
pitchers,rel_x,mean,2016.0,1,,19,-1.1126900037335732,2.194709894706381,0.032366220930932,,2.1938641520517708,0.0147530652254206,0.0147530652254206,0.0344238188593149,0.0590122609016827
pitchers,rel_x,mean,2025.0,14,,452,-1.012647646200322,2.391799395806045,0.0889243745267782,,2.390953462646174,0.0371920139459183,0.0371920139459183,0.0867813658738094,0.1487680557836734
pitchers,rel_x,mean,2023.0,16,,43,-1.1819344573842323,2.4390483825600304,0.040005112364289,,2.437987875354196,0.0164090694497309,0.0164090694497309,0.0382878287160389,0.0656362777989238
pitchers,rel_x,mean,2021.0,16,,45,-1.287525876363413,1.768639596294158,0.0368439245647014,,1.76756971745932,0.02084439680131,0.02084439680131,0.0486369258697233,0.08337758720524
pitchers,rel_x,mean,2022.0,14,,440,-0.9236029597129836,2.7430571583164864,0.0766439419775252,,2.742354943825052,0.0279482209806954,0.0279482209806954,0.0652125156216227,0.1117928839227818
pitchers,rel_x,mean,2017.0,1,,733,-0.8435542181533575,3.707678394569952,0.0688349809083264,,3.7074150016316993,0.0185668399351113,0.0185668399351113,0.0433226265152599,0.0742673597404455
pitchers,rel_x,mean,2023.0,14,,418,-0.975515377838492,2.590740882303577,0.0655548786092136,,2.5901720886885404,0.0253090823175403,0.0253090823175403,0.0590545254075941,0.1012363292701613
pitchers,rel_x,mean,2024.0,14,,428,-1.0313567101967522,2.4844974330945773,0.0682287344510125,,2.4838594191348333,0.0274688389871829,0.0274688389871829,0.0640939576367602,0.1098753559487318
pitchers,rel_x,mean,2020.0,1,,707,-0.7798066632136645,3.596035312868102,0.0462038706839839,,3.595732375615448,0.0128496411460754,0.0128496411460754,0.0299824960075094,0.0513985645843019
pitchers,rel_x,mean,2022.0,1,,835,-0.8512461329975264,3.2990360961881526,0.05544583006946,,3.2987512120961364,0.0168081272289182,0.0168081272289182,0.0392189635341424,0.0672325089156728
pitchers,rel_x,mean,2022.0,11,,598,-0.7508917617783641,3.4817520155835577,0.0668369133051931,,3.4810959378971047,0.019199963028186,0.019199963028186,0.0447999137324341,0.0767998521127442
pitchers,rel_x,mean,2023.0,11,,1199,-0.8688391689103879,3.33064491016205,0.0681076290349672,,3.3302187600399416,0.020451397923826,0.020451397923826,0.0477199284889273,0.081805591695304
pitchers,rel_x,mean,2022.0,16,,51,-1.175211318418301,2.1186469796127985,0.0519720004818311,,2.11730459432846,0.0245463031729334,0.0245463031729334,0.0572747074035113,0.0981852126917336
pitchers,rel_x,mean,2025.0,1,,842,-0.8671531745759016,3.487389737283812,0.0576934311780791,,3.48708800849483,0.0165448738424534,0.0165448738424534,0.0386047056323913,0.0661794953698137
pitchers,rel_x,mean,2024.0,16,,28,-1.5116589752218414,0.6872440546109362,0.1955750070203533,,0.6815308798398293,0.2869642635507822,0.2869642635507822,0.6695832816184919,1.1478570542031292
pitchers,rel_x,mean,2024.0,1,,816,-0.8522584239847039,3.5163063164620407,0.0570577860977842,,3.516040610642436,0.016227851841381,0.016227851841381,0.037864987629889,0.064911407365524
pitchers,rel_x,mean,2024.0,11,,1189,-0.8868667979512087,3.1266841360550472,0.0673340698939463,,3.126261920763425,0.0215382049235028,0.0215382049235028,0.0502558114881733,0.0861528196940115
pitchers,rel_x,mean,2025.0,16,,227,-1.1507318977756111,1.7771386329192636,0.0464284007842673,,1.7760587652824014,0.0261412525823068,0.0261412525823068,0.0609962560253827,0.1045650103292275
pitchers,rel_x,mean,2021.0,14,,406,-1.112106717703886,2.223369911740277,0.0789017436792333,,2.2227582923526,0.0354972216055586,0.0354972216055586,0.0828268504129701,0.1419888864222345
pitchers,ext,mean,2017.0,1,,733,6.0240920758143925,0.185498067310511,0.0955785134516288,,0.1851323418441913,0.5162712927386205,0.5162712927386205,1.2046330163901144,2.065085170954482
pitchers,ext,mean,2021.0,14,,406,6.243530671244314,0.2077650242423395,0.033757502777371,,0.2075033476023128,0.1626841357859367,0.1626841357859367,0.3795963168338523,0.6507365431437471
pitchers,ext,mean,2023.0,1,,834,6.342450243450239,0.2906594272904067,0.0400742203960912,,0.2904554077181345,0.1379703022605807,0.1379703022605807,0.3219307052746883,0.551881209042323
pitchers,ext,mean,2018.0,1,,766,5.952424676010267,0.1895650425732372,0.0846422582895618,,0.189213713677006,0.4473368057985951,0.4473368057985951,1.043785880196722,1.7893472231943806
pitchers,ext,mean,2025.0,16,,227,6.207976418859346,0.1937076759051631,0.0309845057169678,,0.1929870143186614,0.1605522828899047,0.1605522828899047,0.3746219934097777,0.6422091315596189
pitchers,ext,mean,2023.0,11,,1199,6.247917671403956,0.2201102601997638,0.0287754850782616,,0.2199302116992715,0.1308391641872682,0.1308391641872682,0.3052913831036258,0.5233566567490731
pitchers,ext,mean,2016.0,1,,19,5.878753582267025,0.1482255959726062,0.0834471016352714,,0.1460450889122612,0.5713790327136816,0.5713790327136816,1.3332177429985903,2.2855161308547265
pitchers,ext,mean,2022.0,14,,440,6.246939599135707,0.1650077153764624,0.0415745659770859,,0.164626807741091,0.2525382502858854,0.2525382502858854,0.5892559173337327,1.0101530011435418
pitchers,ext,mean,2024.0,11,,1189,6.249640228540839,0.2371938281179524,0.0252113037091747,,0.2370357417589291,0.1063607687266642,0.1063607687266642,0.2481751270288832,0.425443074906657
pitchers,ext,mean,2025.0,11,,1221,6.263712696588423,0.239727348841781,0.0254717167153661,,0.2395683894978367,0.1063233624801578,0.1063233624801578,0.248087845787035,0.4252934499206315
pitchers,ext,mean,2024.0,14,,428,6.235651234540684,0.1852906622690197,0.0298172691084575,,0.1850118378985295,0.1611641149406394,0.1611641149406394,0.3760496015281588,0.644656459762558
pitchers,ext,mean,2024.0,16,,28,6.267727323036644,0.1190076335264631,0.0486211732190578,,0.1175873024503772,0.4134899959932013,0.4134899959932013,0.9648099906508032,1.6539599839728054
pitchers,ext,mean,2022.0,11,,598,6.234495757536545,0.1735169917196014,0.0302523179504305,,0.1732200320039404,0.174646763428276,0.174646763428276,0.4075091146659775,0.6985870537131044
pitchers,ext,mean,2025.0,1,,842,6.325256791956146,0.3642324880340717,0.0306146011798333,,0.3640723778386727,0.0840893268574174,0.0840893268574174,0.1962084293339739,0.3363573074296696
pitchers,ext,mean,2022.0,1,,835,6.236714513591604,0.2769205286862016,0.0296682413176445,,0.2767680914338617,0.1071953098492723,0.1071953098492723,0.2501223896483021,0.4287812393970894
pitchers,ext,mean,2021.0,1,,861,6.248272490724244,0.2146788207276259,0.0308650801888824,,0.2145173036995642,0.1438815408201736,0.1438815408201736,0.3357235952470718,0.5755261632806946
pitchers,ext,mean,2025.0,14,,452,6.192698280044523,0.1907422073606983,0.0299833801956883,,0.1904569769535401,0.1574286260093398,0.1574286260093398,0.3673334606884597,0.6297145040373596
pitchers,ext,mean,2024.0,1,,816,6.361429384033554,0.275180761727479,0.0342202520310193,,0.2750214053848159,0.1244275949471555,0.1244275949471555,0.2903310548766963,0.4977103797886223
pitchers,ext,mean,2019.0,1,,797,5.937806622366867,0.206597462097197,0.0919416550958662,,0.2061800989050529,0.4459288533866009,0.4459288533866009,1.0405006579020688,1.783715413546404
pitchers,ext,mean,2022.0,16,,51,6.113372773235602,0.1887759546148113,0.0244068560261368,,0.1881455497032686,0.129723270439454,0.129723270439454,0.3026876310253926,0.5188930817578161
pitchers,ext,mean,2023.0,16,,43,6.209243220309678,0.2236083236732427,0.0183484903263684,,0.2231219181851115,0.0822352661523183,0.0822352661523183,0.1918822876887427,0.3289410646092732
pitchers,ext,mean,2021.0,16,,45,6.28670422307301,0.1859749727157112,0.0252868944587016,,0.185240688474828,0.1365083161097071,0.1365083161097071,0.3185194042559832,0.5460332644388284
pitchers,ext,mean,2020.0,1,,707,6.2903050304891766,0.1849254071625686,0.03360832169092,,0.1847050530561123,0.1819566987196071,0.1819566987196071,0.42456563034575,0.7278267948784288
pitchers,ext,mean,2023.0,14,,418,6.21251730444925,0.1738334846945216,0.0307640759120427,,0.1735665570405847,0.1772465642955009,0.1772465642955009,0.4135753166895021,0.7089862571820037
pitchers,arm_angle,mean,2025.0,1,,619,37.20859974979336,165.15250140418522,15.08596913468173,,164.99471275545068,0.0914330458397271,0.0914330458397271,0.2133437736260299,0.3657321833589084
pitchers,arm_angle,mean,2020.0,1,,694,39.4251170490398,168.5394504184364,11.220951431312198,,168.45518630192618,0.0666108991812257,0.0666108991812257,0.1554254314228599,0.2664435967249028
pitch_types,SwStr,rate,2022.0,1,SI,387,0.0653937502247596,0.0008309121906521,0.0005565409225115,0.0002743712681406,,221.7544016197085,221.7544016197085,517.426937112653,887.0176064788338
pitch_types,SwStr,rate,2019.0,1,SW,44,0.1639491457068944,0.0019801266228866,0.0011525006997709,0.0008276259231157,,164.61808843886476,164.61808843886476,384.1088730240178,658.472353755459
pitch_types,SwStr,rate,2020.0,1,SL,481,0.1554355787898607,0.0040481645061101,0.0019377885368433,0.0021103759692667,,61.20472633685812,61.20472633685812,142.81102811933562,244.8189053474325
pitch_types,SwStr,rate,2024.0,1,FA,671,0.1007557338378346,0.0017782689693564,0.0008499598054716,0.0009283091638847,,96.60112197694606,96.60112197694606,225.40261794620747,386.4044879077843
pitch_types,SwStr,rate,2017.0,1,SI,388,0.0638860891938654,0.0008738642911507,0.0004651107808122,0.0004087535103385,,145.30983046933284,145.30983046933284,339.05627109510993,581.2393218773313
pitch_types,SwStr,rate,2018.0,1,SL,562,0.1546539709984179,0.0029580083861623,0.0013023201234513,0.001655688262711,,77.96179685345389,77.96179685345389,181.9108593247257,311.8471874138156
pitch_types,SwStr,rate,2025.0,11,CH,612,0.1497472068908727,0.0051040179485609,0.0022126649026888,0.002891353045872,,43.03577802476602,43.03577802476602,100.4168153911207,172.1431120990641
pitch_types,SwStr,rate,2023.0,11,SW,410,0.1481133422734639,0.0026443760097814,0.0016844399934913,0.0009599360162901,,130.44186484602952,130.44186484602952,304.36435130740216,521.7674593841182
pitch_types,SwStr,rate,2023.0,1,SI,407,0.0651343021449378,0.0011461648819817,0.0005768449551418,0.0005693199268399,,105.95537246871788,105.95537246871788,247.22920242700835,423.8214898748715
pitch_types,SwStr,rate,2025.0,11,SI,565,0.0666127930792228,0.0012311864619437,0.0008670102223194,0.0003641762396242,,169.72922973106455,169.72922973106455,396.0348693724839,678.9169189242582
pitch_types,SwStr,rate,2021.0,1,HC,27,0.1060893525507652,0.000916624553558,0.0007360139756195,0.0001806105779384,,524.0766755113283,524.0766755113283,1222.8455761930993,2096.306702045313
pitch_types,SwStr,rate,2018.0,1,FS,61,0.1832994769414953,0.0038523412277482,0.0020188151901812,0.001833526037567,,80.6463882307965,80.6463882307965,188.1749058718585,322.585552923186
pitch_types,SwStr,rate,2023.0,11,FS,88,0.1696712706062472,0.0057343340185272,0.002498934087857,0.0032353999306701,,42.54420892502332,42.54420892502332,99.2698208250544,170.17683570009328
pitch_types,SwStr,rate,2025.0,16,SI,19,0.0799347541912296,0.0019441298992293,0.0027716771502408,1e-8,,7354517.926361738,7354517.926361738,17160541.82817739,29418071.70544695
pitch_types,SwStr,rate,2016.0,1,SW,16,0.1749761769222207,0.0036733938588655,0.0009498486578631,0.0027235452010024,,52.004266049548754,52.004266049548754,121.3432874489471,208.01706419819504
pitch_types,SwStr,rate,2023.0,1,SW,290,0.1434624085856918,0.0027044010706951,0.0014194592394789,0.0012849418312161,,94.63152426299348,94.63152426299348,220.80688994698477,378.52609705197386
pitch_types,SwStr,rate,2022.0,1,HC,29,0.0950973144342251,0.0015473408857196,0.00073926320913,0.0008080776765896,,105.49200901675904,105.49200901675904,246.1480210391044,421.9680360670361
pitch_types,SwStr,rate,2025.0,16,FA,137,0.1036709461341141,0.0036858511502638,0.0028059326589848,0.0008799184912789,,104.60441902602484,104.60441902602484,244.07697772739127,418.41767610409937
pitch_types,SwStr,rate,2022.0,1,CH,446,0.1362227849414458,0.0038191304712444,0.0015442845053619,0.0022748459658824,,50.72488140690373,50.72488140690373,118.3580566161087,202.8995256276149
pitch_types,SwStr,rate,2017.0,1,HC,37,0.102349188355435,0.0016019021659837,0.0006406874171667,0.0009612147488169,,94.5809636831868,94.5809636831868,220.6889152607692,378.3238547327472
pitch_types,SwStr,rate,2024.0,14,SL,259,0.1552906819211655,0.0051122814391437,0.0020280557810344,0.0030842256581093,,41.53109226451225,41.53109226451225,96.9058819505286,166.124369058049
pitch_types,SwStr,rate,2021.0,14,XX,11,0.1618457646013386,0.0039676858026858,0.0042229598621725,1e-8,,13565170.308194673,13565170.308194673,31652064.052454237,54260681.23277869
pitch_types,SwStr,rate,2024.0,11,FS,102,0.1823225866395864,0.0053005021445561,0.0023043350796222,0.0029961670649338,,48.75725912798112,48.75725912798112,113.76693796528926,195.0290365119245
pitch_types,SwStr,rate,2018.0,1,HC,36,0.1070765499914372,0.0012656868233468,0.0006196872540831,0.0006459995692636,,147.00499409364804,147.00499409364804,343.0116528851788,588.0199763745921
pitch_types,SwStr,rate,2025.0,14,SW,78,0.152311132459701,0.0037143381456076,0.0021614664471408,0.0015528716984667,,82.14431354246928,82.14431354246928,191.67006493242832,328.5772541698771
pitch_types,SwStr,rate,2025.0,11,FS,127,0.158252138076301,0.0052260246789147,0.0023874319752667,0.0028385927036479,,45.92761969668613,45.92761969668613,107.16444595893432,183.71047878674452
pitch_types,SwStr,rate,2023.0,1,FA,681,0.10094251784161,0.0019637756781611,0.0008434221134306,0.0011203535647304,,80.00400515549607,80.00400515549607,186.67601202949083,320.0160206219843
pitch_types,SwStr,rate,2025.0,1,SL,613,0.1364045766746422,0.0030169873973254,0.0012573463758338,0.0017596410214915,,65.94454533516341,65.94454533516341,153.87060578204796,263.77818134065365
pitch_types,SwStr,rate,2023.0,11,SI,502,0.0683543467988992,0.001224259755296,0.0007854837168198,0.0004387760384762,,144.13561472898277,144.13561472898277,336.31643436762647,576.5424589159311
pitch_types,SwStr,rate,2025.0,1,FA,699,0.0989227569020172,0.001828367152877,0.0008600893993477,0.0009682777535292,,91.05730973785816,91.05730973785816,212.4670560550024,364.2292389514327
pitch_types,SwStr,rate,2024.0,14,FS,11,0.1640982618680775,0.0031911469852691,0.0026323164797474,0.0005588305055216,,244.4590809997128,244.4590809997128,570.4045223326631,977.8363239988512
pitch_types,SwStr,rate,2020.0,1,FS,49,0.184218230988213,0.0043983704279391,0.0025110737467802,0.0018872966811588,,78.62811351287257,78.62811351287257,183.46559819670267,314.5124540514903
pitch_types,SwStr,rate,2024.0,1,SW,309,0.1409715226358854,0.002403735103454,0.0013477337095803,0.0010560013938737,,113.67650814113188,113.67650814113188,265.245185662641,454.7060325645276
pitch_types,SwStr,rate,2022.0,11,CH,252,0.1595019071272137,0.0057284678850677,0.0023699973288585,0.0033584705562092,,38.91729166782177,38.91729166782177,90.80701389158412,155.6691666712871
pitch_types,SwStr,rate,2023.0,11,FA,946,0.1029824890537345,0.0018914475026451,0.0009428097910341,0.0009486377116109,,96.37868827200292,96.37868827200292,224.8836059680069,385.5147530880117
pitch_types,SwStr,rate,2019.0,1,SL,586,0.1550242671008735,0.0034655052089329,0.0012043203071283,0.0022611849018046,,56.93057595872221,56.93057595872221,132.83801057035183,227.7223038348889
pitch_types,SwStr,rate,2019.0,1,SI,377,0.068496636619155,0.0010973573621021,0.0005941310979925,0.0005032262641096,,125.79156860762411,125.79156860762411,293.51366008445626,503.16627443049646
pitch_types,SwStr,rate,2021.0,14,FA,352,0.1203817378506724,0.0025224822090338,0.0012242238516579,0.0012982583573759,,80.56309908664863,80.56309908664863,187.98056453551348,322.25239634659454
pitch_types,SwStr,rate,2023.0,14,SI,93,0.0819672950066997,0.001801500287048,0.0012926569988082,0.0005088432882398,,146.88179247932177,146.88179247932177,342.72418245175083,587.5271699172871
pitch_types,SwStr,rate,2017.0,1,FA,636,0.0870371977179787,0.0012305487730753,0.0006094921604433,0.0006210566126319,,126.94602346254727,126.94602346254727,296.207388079277,507.7840938501892
pitch_types,SwStr,rate,2017.0,1,CU,361,0.1136556443138378,0.0028207186185376,0.0011451404874112,0.0016755781311264,,59.12136167098488,59.12136167098488,137.94984389896473,236.48544668393956
pitch_types,SwStr,rate,2020.0,1,SI,289,0.0689003854765871,0.0013042299187333,0.0008974662272224,0.0004067636915109,,156.71595080050176,156.71595080050176,365.6705518678375,626.863803202007
pitch_types,SwStr,rate,2025.0,1,CU,304,0.1213902102101618,0.0025114894380293,0.001184398627272,0.0013270908107572,,79.36724104391779,79.36724104391779,185.19022910247483,317.46896417567115
pitch_types,SwStr,rate,2021.0,16,FA,25,0.1037400992004097,0.0049044380123385,0.0031961002728627,0.0017083377394757,,53.42605924448482,53.42605924448482,124.66080490379792,213.70423697793927
pitch_types,SwStr,rate,2021.0,1,FA,716,0.0971707347651689,0.0016668614555349,0.0007861273867941,0.0008807340687407,,98.6084813612289,98.6084813612289,230.0864565095341,394.4339254449156
pitch_types,SwStr,rate,2023.0,1,CH,435,0.136765917349202,0.003715359176927,0.001636730382838,0.0020786287940889,,55.7975395782869,55.7975395782869,130.19425901600275,223.1901583131476
pitch_types,SwStr,rate,2023.0,1,SL,583,0.1424261577390241,0.0028965875739298,0.0011991299423632,0.0016974576315665,,70.95522589744888,70.95522589744888,165.56219376071408,283.82090358979553
pitch_types,SwStr,rate,2025.0,11,SW,435,0.1526282931270341,0.0029438481834174,0.0018468717688347,0.0010969764145826,,116.8994329731046,116.8994329731046,272.7653436039108,467.5977318924185
pitch_types,SwStr,rate,2021.0,1,CH,452,0.1402485796012262,0.0034259484332397,0.0016959327932707,0.0017300156399689,,68.69816499648921,68.69816499648921,160.29571832514148,274.79265998595685
pitch_types,SwStr,rate,2019.0,1,CU,374,0.1167257551262639,0.0026119995724242,0.0011945157495096,0.0014174838229146,,71.73511806609034,71.73511806609034,167.38194215421078,286.94047226436135
pitch_types,SwStr,rate,2015.0,1,HC,58,0.0916483343282637,0.001500019864749,0.0007380069860251,0.0007620128787238,,108.2487009964078,108.2487009964078,252.5803023249516,432.9948039856313
pitch_types,SwStr,rate,2024.0,11,CH,559,0.1474038391776824,0.0043309975582485,0.0020102082318238,0.0023207893264247,,53.15224292114912,53.15224292114912,124.02190014934796,212.6089716845965
pitch_types,SwStr,rate,2023.0,14,CH,187,0.1610422446970316,0.0056005039134781,0.0023733962380092,0.0032271076754689,,40.86648036165679,40.86648036165679,95.35512084386583,163.4659214466272
pitch_types,SwStr,rate,2023.0,14,FS,11,0.218622770110576,0.0052877558590657,0.0029821216227544,0.0023056342363112,,73.09104697068508,73.09104697068508,170.54577626493185,292.36418788274034
pitch_types,SwStr,rate,2016.0,1,FS,63,0.17279137135832,0.0027945438319218,0.0018664078788539,0.0009281359530678,,153.00169864120787,153.00169864120787,357.0039634961517,612.0067945648315
pitch_types,SwStr,rate,2025.0,14,CH,180,0.155055549334679,0.0043424578531859,0.0025592441495327,0.0017832137036531,,72.47034496583377,72.47034496583377,169.09747158694546,289.8813798633352
pitch_types,SwStr,rate,2024.0,14,FA,345,0.10760807224052,0.0018195580346473,0.0011564001148363,0.000663157919811,,143.80498861653567,143.80498861653567,335.5449734385832,575.2199544661427
pitch_types,SwStr,rate,2017.0,1,SW,23,0.1750599572580769,0.0034543923016184,0.0010564963578653,0.0023978959437531,,59.22528583823533,59.22528583823533,138.1923336225491,236.90114335294132
pitch_types,SwStr,rate,2021.0,14,SL,242,0.174691658633846,0.0043004422356187,0.0022311829928735,0.0020692592427452,,68.67444197389678,68.67444197389678,160.24036460575914,274.6977678955871
pitch_types,SwStr,rate,2022.0,14,FA,346,0.119866618629299,0.0024816600624093,0.0012436896449308,0.0012379704174785,,84.21900917677513,84.21900917677513,196.5110214124753,336.8760367071005
pitch_types,SwStr,rate,2015.0,1,SI,409,0.0575325012861641,0.0008529502767659,0.000506454834976,0.0003464954417898,,155.4883864036718,155.4883864036718,362.80623494190087,621.9535456146872
pitch_types,SwStr,rate,2023.0,14,FA,342,0.109017040697315,0.002230959438428,0.0012946664205697,0.0009362930178582,,102.74137549066435,102.74137549066435,239.72987614488352,410.9655019626575
pitch_types,SwStr,rate,2022.0,14,SI,90,0.0874828460818739,0.0015326257485156,0.0013319707802629,0.0002006549682527,,396.8451090368308,396.8451090368308,925.9719210859384,1587.3804361473233
pitch_types,SwStr,rate,2024.0,1,SI,428,0.0617512010564626,0.00091300742074,0.0005807188429194,0.0003322885778205,,173.36046283791032,173.36046283791032,404.5077466217907,693.4418513516413
pitch_types,SwStr,rate,2016.0,1,CH,412,0.1473344333833391,0.0038443429359142,0.0018563521841731,0.001987990751741,,62.19294896765718,62.19294896765718,145.1168809245334,248.77179587062872
pitch_types,SwStr,rate,2025.0,14,SL,307,0.1541305644557546,0.0032558035492167,0.0019355220358081,0.0013202815134086,,97.74737488348804,97.74737488348804,228.07720806147208,390.9894995339522
pitch_types,SwStr,rate,2025.0,1,HC,39,0.0905090405717463,0.0010847200547025,0.0008089940890685,0.0002757259656339,,297.54697927074216,297.54697927074216,694.276284965065,1190.1879170829689
pitch_types,SwStr,rate,2022.0,11,FS,21,0.17797120838934,0.0068693008198625,0.003208449458961,0.0036608513609015,,38.96268707772706,38.96268707772706,90.91293651469648,155.85074831090824
pitch_types,SwStr,rate,2025.0,16,CH,15,0.2442826922409913,0.0109477503995257,0.0069888549248387,0.003958895474687,,45.6313545515063,45.6313545515063,106.47316062018136,182.5254182060252
pitch_types,SwStr,rate,2022.0,11,SI,205,0.071146759074992,0.0016802927097888,0.0011346133648321,0.0005456793449566,,120.1057342721323,120.1057342721323,280.24671330164205,480.4229370885293
pitch_types,SwStr,rate,2022.0,16,FA,27,0.0992119057688366,0.0044143419813866,0.0026191269038274,0.0017952150775591,,48.781725120124,48.781725120124,113.82402528028932,195.126900480496
pitch_types,SwStr,rate,2019.0,1,FS,55,0.1811006590684787,0.0027234272468022,0.001966790005806,0.0007566372409962,,195.003054459994,195.003054459994,455.0071270733194,780.0122178399761
pitch_types,SwStr,rate,2016.0,1,SL,523,0.1495261970529111,0.0033350799218983,0.0012877380326048,0.0020473418892934,,61.11376522545249,61.11376522545249,142.59878552605582,244.45506090181
pitch_types,SwStr,rate,2025.0,14,SI,105,0.0778576429275826,0.0027253618520794,0.0012017070463876,0.0015236548056918,,46.12079802927666,46.12079802927666,107.61519540164556,184.48319211710665
pitch_types,SwStr,rate,2023.0,1,HC,34,0.1052770509845206,0.0010670666266944,0.0008585911432169,0.0002084754834775,,450.8219214522418,450.8219214522418,1051.9178167218977,1803.2876858089676
pitch_types,SwStr,rate,2018.0,1,CU,364,0.119181736935238,0.0029315877237129,0.0012554428828656,0.0016761448408473,,61.63029778695614,61.63029778695614,143.80402816956433,246.5211911478246
pitch_types,SwStr,rate,2021.0,14,CH,209,0.1696668539032013,0.0055760432012164,0.0028227260375389,0.0027533171636775,,50.167375284009104,50.167375284009104,117.05720899602125,200.6695011360364
pitch_types,SwStr,rate,2024.0,14,CH,206,0.1599127877158339,0.004556159780122,0.0025625360108168,0.0019936237693051,,66.38517573333556,66.38517573333556,154.89874337778298,265.54070293334223
pitch_types,SwStr,rate,2022.0,11,XX,10,0.1089770162300692,0.0016798105538255,0.0026637987394255,1e-8,,9710101.616366044,9710101.616366044,22656903.771520767,38840406.465464175
pitch_types,SwStr,rate,2025.0,11,FA,1015,0.104410577696155,0.0022162738847119,0.0010328004330098,0.001183473451702,,78.01234187114677,78.01234187114677,182.02879769934248,312.0493674845871
pitch_types,SwStr,rate,2022.0,11,HC,13,0.0945759562079891,0.0010339863148546,0.0010838493902602,1e-8,,8563133.471533367,8563133.471533367,19980644.76691119,34252533.88613347
pitch_types,SwStr,rate,2016.0,1,HC,49,0.1097420070515324,0.0024695101080618,0.0007921244668475,0.0016773856412142,,57.24462576721945,57.24462576721945,133.5707934568454,228.97850306887784
pitch_types,SwStr,rate,2023.0,11,SL,826,0.1482564819230854,0.0037080043816659,0.0016576122700485,0.0020503921116173,,60.58651156303272,60.58651156303272,141.36852698040963,242.3460462521309
pitch_types,SwStr,rate,2024.0,1,CU,299,0.1199816460132749,0.0026139813955003,0.0013681616884618,0.0012458197070384,,83.75227196735881,83.75227196735881,195.4219679238372,335.00908786943523
pitch_types,SwStr,rate,2015.0,1,FS,68,0.1610870589433833,0.0047473003788791,0.0017092969748716,0.0030380034040074,,43.48251052190799,43.48251052190799,101.45919121778532,173.930042087632
pitch_types,SwStr,rate,2023.0,11,CU,393,0.1216658807011931,0.0032172052596606,0.0017357510705985,0.001481454189062,,71.1340524488668,71.1340524488668,165.97945571402252,284.5362097954672
pitch_types,SwStr,rate,2025.0,16,CU,11,0.1379495958634422,0.0081147146124264,0.00385834893877,0.0042563656736564,,26.93921246019211,26.93921246019211,62.85816240711492,107.75684984076844
pitch_types,SwStr,rate,2023.0,1,CU,299,0.1108630104896957,0.0027088342579114,0.0012681600221482,0.0014406742357631,,67.4210218714983,67.4210218714983,157.3157177001627,269.6840874859932
pitch_types,SwStr,rate,2022.0,11,SW,127,0.1543450256793088,0.0039499874943676,0.0021462825047197,0.0018037049896479,,71.36362901720327,71.36362901720327,166.5151343734743,285.45451606881306
pitch_types,SwStr,rate,2025.0,1,SI,454,0.0624341077767377,0.0010334522298889,0.0006290139757044,0.0004044382541844,,143.73430581114195,143.73430581114195,335.3800468926645,574.9372232445678
pitch_types,SwStr,rate,2024.0,11,SL,836,0.1442699943198016,0.0030430689646369,0.0015620294284552,0.0014810395361817,,82.35777677957658,82.35777677957658,192.168145819012,329.4311071183064
pitch_types,SwStr,rate,2021.0,1,FS,55,0.1777315542400999,0.0037789098715243,0.0016383136293929,0.0021405962421313,,67.27212250077746,67.27212250077746,156.9682858351474,269.0884900031098
pitch_types,SwStr,rate,2019.0,1,FA,703,0.0911252337731337,0.0015944080446715,0.0006983090536478,0.0008960989910236,,91.4244155752398,91.4244155752398,213.32363634222617,365.6976623009592
pitch_types,SwStr,rate,2022.0,1,CU,321,0.1143583394681226,0.0035721275540386,0.001301713029111,0.0022704145249275,,43.6088185880712,43.6088185880712,101.7539100388328,174.4352743522848
pitch_types,SwStr,rate,2016.0,1,FA,619,0.0825489772543313,0.0013494368837128,0.0005540249046071,0.0007954119791057,,94.21436135993623,94.21436135993623,219.83350983985125,376.857445439745
pitch_types,SwStr,rate,2024.0,1,FS,90,0.1717354726816368,0.0031114595558646,0.0017673922719009,0.0013440672839637,,104.82982102277528,104.82982102277528,244.602915719809,419.3192840911012
pitch_types,SwStr,rate,2018.0,1,SW,32,0.161126545230676,0.0018472185504182,0.001049108482382,0.0007981100680361,,168.35606636976726,168.35606636976726,392.8308215294569,673.4242654790692
pitch_types,SwStr,rate,2017.0,1,SL,558,0.153611597038316,0.0034863436523259,0.001282909274158,0.0022034343781678,,58.00564844674817,58.00564844674817,135.3465130424124,232.02259378699267
pitch_types,SwStr,rate,2020.0,1,HC,20,0.1027731098774968,0.002376963752279,0.0008905476389267,0.0014864161133522,,61.03565538296204,61.03565538296204,142.41652922691142,244.1426215318482
pitch_types,SwStr,rate,2022.0,11,FA,425,0.1026961096553151,0.0022235591483302,0.0013015746694005,0.0009219844789297,,98.94703904771268,98.94703904771268,230.87642444466292,395.7881561908508
pitch_types,SwStr,rate,2015.0,1,SL,516,0.1538555139324402,0.0036709648858144,0.0012472089744557,0.0024237559113586,,52.71167705251712,52.71167705251712,122.99391312253994,210.8467082100685
pitch_types,SwStr,rate,2022.0,14,SL,241,0.1850960758775905,0.0051568596293338,0.0023801773149851,0.0027766823143486,,53.32220956385799,53.32220956385799,124.4184889823353,213.288838255432
pitch_types,SwStr,rate,2023.0,14,SW,84,0.1543643308751119,0.0037246946495948,0.0020960573060469,0.0016286373435478,,79.15043050911929,79.15043050911929,184.68433785461167,316.6017220364772
pitch_types,SwStr,rate,2025.0,1,SW,323,0.1444632561843834,0.0035167183932738,0.001451984943546,0.0020647334497277,,58.85936044833435,58.85936044833435,137.33850771278014,235.43744179333743
pitch_types,SwStr,rate,2024.0,14,SI,109,0.0855913649176207,0.0019748047320958,0.0012388149386203,0.0007359897934755,,105.34044637979687,105.34044637979687,245.79437488619268,421.3617855191876
pitch_types,SwStr,rate,2022.0,11,CU,154,0.1182215534289132,0.0034433658721571,0.0017506964983458,0.0016926693738112,,60.58628456722569,60.58628456722569,141.3679973235266,242.3451382689028
pitch_types,SwStr,rate,2023.0,14,CU,100,0.1276916904679254,0.0029819217613597,0.0019821109651027,0.000999810796257,,110.40760138854152,110.40760138854152,257.6177365732635,441.63040555416615
pitch_types,SwStr,rate,2025.0,11,HC,39,0.1075579934198759,0.0013757905198819,0.0008106120694304,0.0005651784504514,,168.83887371270225,168.83887371270225,393.95737199630526,675.355494850809
pitch_types,SwStr,rate,2020.0,1,CU,300,0.1169560963401855,0.0032208837962241,0.0019307685673907,0.0012901152288333,,79.05282439960179,79.05282439960179,184.4565902657375,316.2112975984072
pitch_types,SwStr,rate,2025.0,14,FA,378,0.1009897900582958,0.0020123261066098,0.0011612843594464,0.0008510417471633,,105.6820196129024,105.6820196129024,246.59137909677224,422.7280784516096
pitch_types,SwStr,rate,2019.0,1,CH,434,0.142918569801164,0.0031404966901785,0.0016320409436674,0.001508455746511,,80.20414038692732,80.20414038692732,187.14299423616376,320.81656154770934
pitch_types,SwStr,rate,2025.0,14,FS,28,0.166706291127485,0.0036651773879045,0.0025218191392261,0.0011433582486783,,120.4976179046025,120.4976179046025,281.1611084440725,481.9904716184101
pitch_types,SwStr,rate,2022.0,1,FS,63,0.1663910635154708,0.0041838908372849,0.0019836371694183,0.0022002536678666,,62.040493704596805,62.040493704596805,144.76115197739256,248.16197481838725
pitch_types,SwStr,rate,2018.0,1,CH,419,0.1462880566917817,0.0037259570356019,0.0017645066815106,0.0019614503540913,,62.67118132795063,62.67118132795063,146.23275643188478,250.6847253118025
pitch_types,SwStr,rate,2015.0,1,XX,81,0.0687925481832011,0.0035356459404321,0.0020010832044108,0.0015345627360212,,40.74487754326417,40.74487754326417,95.07138093428306,162.97951017305667
pitch_types,SwStr,rate,2022.0,14,CH,216,0.1836819598077331,0.0069500866996295,0.0029126263840736,0.0040374603155558,,36.13792476701502,36.13792476701502,84.32182445636839,144.5516990680601
pitch_types,SwStr,rate,2021.0,14,SI,76,0.0935618109451947,0.0022607606521075,0.0012558722055298,0.0010048884465777,,83.39543589805648,83.39543589805648,194.58935042879844,333.581743592226
pitch_types,SwStr,rate,2022.0,14,CU,91,0.1419856623074696,0.0034135229072743,0.0021938964005217,0.0012196265067525,,98.8877388545446,98.8877388545446,230.73805732727072,395.5509554181785
pitch_types,SwStr,rate,2017.0,1,FS,53,0.1868299426522405,0.0027225805105266,0.0016517496819879,0.0010708308285387,,140.87536549364367,140.87536549364367,328.70918615183524,563.5014619745747
pitch_types,SwStr,rate,2024.0,14,SW,82,0.1516561029812797,0.0027863255355377,0.0019682069967226,0.0008181185388151,,156.25903191992273,156.25903191992273,364.60440781315305,625.0361276796909
pitch_types,SwStr,rate,2024.0,1,HC,38,0.1075514039705929,0.002009951834352,0.0007609453275874,0.0012490065067645,,75.84835823888817,75.84835823888817,176.97950255740574,303.39343295555267
pitch_types,SwStr,rate,2024.0,11,SI,521,0.0666842280367038,0.0011560234111351,0.0008433105475611,0.0003127128635739,,198.02424561802732,198.02424561802732,462.0565731087305,792.0969824721095
pitch_types,SwStr,rate,2018.0,1,SI,393,0.0660180432085062,0.0009949747413867,0.0005482225651588,0.0004467521762279,,137.0175955717468,137.0175955717468,319.70772300074253,548.0703822869872
pitch_types,SwStr,rate,2023.0,16,FA,24,0.0933451591469452,0.0050003040724372,0.0029758745322632,0.002024429540174,,40.80527834201703,40.80527834201703,95.21231613137309,163.22111336806813
pitch_types,SwStr,rate,2015.0,1,SW,12,0.1583050737274259,0.001279887352003,0.0014948171545058,1e-8,,13324456.73595802,13324456.73595802,31090399.05056871,53297826.94383208
pitch_types,SwStr,rate,2019.0,1,HC,31,0.1040425342174828,0.0011730290089323,0.0006677579376017,0.0005052710713305,,183.49044598101707,183.49044598101707,428.1443739557065,733.9617839240684
pitch_types,SwStr,rate,2016.0,1,CU,369,0.1138178426641002,0.0031504699245776,0.0012569512469028,0.0018935186776747,,52.26767702088294,52.26767702088294,121.95791304872684,209.0707080835318
pitch_types,SwStr,rate,2020.0,1,FA,570,0.0962678493385361,0.0023625077979744,0.0010935777620611,0.0012689300359133,,67.56197588517946,67.56197588517946,157.6446103987521,270.24790354071786
pitch_types,SwStr,rate,2021.0,14,SW,27,0.161188745768906,0.0046848855401233,0.002054130849508,0.0026307546906152,,50.39473265549241,50.39473265549241,117.58770952948228,201.57893062196965
pitch_types,SwStr,rate,2021.0,14,CU,127,0.1263522475475564,0.0027938580016741,0.0021405014660434,0.0006533565356307,,167.95424024598972,167.95424024598972,391.89322724064266,671.8169609839589
pitch_types,SwStr,rate,2024.0,11,HC,41,0.1143975684076191,0.002401194841563,0.0013102116728097,0.0010909831687532,,91.86189526262054,91.86189526262054,214.3444222794479,367.4475810504821
pitch_types,SwStr,rate,2023.0,11,CH,617,0.14830148847145,0.0041322262250745,0.0020433463440121,0.0020888798810623,,59.46693164777156,59.46693164777156,138.75617384480032,237.86772659108624
pitch_types,SwStr,rate,2015.0,1,CU,353,0.1195331776399045,0.0031631317111968,0.0013464022231104,0.0018167294880863,,56.93102262795867,56.93102262795867,132.8390527985702,227.7240905118347
pitch_types,SwStr,rate,2024.0,14,CU,91,0.1286810493938159,0.003019352084817,0.0018937863346752,0.0011255657501418,,98.61411575165336,98.61411575165336,230.0996034205245,394.4564630066135
pitch_types,SwStr,rate,2021.0,1,SI,376,0.069304268059417,0.0011180194307172,0.0006586446820217,0.0004593747486954,,139.41082290947287,139.41082290947287,325.29192012210336,557.6432916378915
pitch_types,SwStr,rate,2025.0,11,CU,425,0.1228216030334776,0.0033681857194776,0.0019021877738202,0.0014659979456574,,72.49018269834647,72.49018269834647,169.1437596294751,289.9607307933859
pitch_types,SwStr,rate,2024.0,16,FA,12,0.0895198974913207,0.0022580939217243,0.0025630772927577,1e-8,,8150607.544446415,8150607.544446415,19018084.27037497,32602430.17778566
pitch_types,SwStr,rate,2022.0,1,FA,688,0.0966928909399213,0.0017929216791409,0.0008132065098865,0.0009797151692543,,88.15180505786768,88.15180505786768,205.68754513502455,352.6072202314708
pitch_types,SwStr,rate,2023.0,14,SL,237,0.1594122784785712,0.0038963443498373,0.002286339139845,0.0016100052099922,,82.22954678481261,82.22954678481261,191.8689424978961,328.91818713925045
pitch_types,SwStr,rate,2021.0,1,SL,616,0.1492350791002404,0.0029779786299151,0.0012550989356967,0.0017228796942183,,72.69288215088449,72.69288215088449,169.61672501873048,290.77152860353794
pitch_types,SwStr,rate,2022.0,1,SW,228,0.1464223299249288,0.0027238305315635,0.0015496893335921,0.0011741411979713,,105.44616800792116,105.44616800792116,246.04105868514932,421.78467203168464
pitch_types,SwStr,rate,2016.0,1,SI,405,0.0617063903248488,0.0010915064246577,0.0005699580045707,0.000521548420087,,110.01310921096405,110.01310921096405,256.6972548255827,440.0524368438562
pitch_types,SwStr,rate,2016.0,1,XX,251,0.0859571634724418,0.0028989459088771,0.0022200303273784,0.0006789155814987,,114.72650806860786,114.72650806860786,267.6951854934183,458.9060322744314
pitch_types,SwStr,rate,2018.0,1,FA,683,0.0874052494340148,0.0015211873898573,0.0006738196029064,0.0008473677869509,,93.13335393880372,93.13335393880372,217.311159190542,372.5334157552149
pitch_types,SwStr,rate,2022.0,11,SL,334,0.1578460453906135,0.0050115319199345,0.0022063064521499,0.0028052254677845,,46.38680468708992,46.38680468708992,108.2358776032098,185.54721874835963
pitch_types,SwStr,rate,2015.0,1,CH,385,0.1494417455563349,0.00416261951956,0.0016428414668013,0.0025197780527587,,49.44448660954435,49.44448660954435,115.37046875560348,197.77794643817745
pitch_types,SwStr,rate,2024.0,1,CH,411,0.1380014833710496,0.0036535117051363,0.0015872141220252,0.002066297583111,,56.57015588206516,56.57015588206516,131.99703039148537,226.28062352826063
pitch_types,SwStr,rate,2022.0,1,SL,575,0.1466919598586113,0.0031815794274864,0.0012585941819356,0.0019229852455507,,64.0932861087026,64.0932861087026,149.55100092030605,256.3731444348104
pitch_types,SwStr,rate,2025.0,1,CH,422,0.1401583191925515,0.0038747988793112,0.0016060771930019,0.0022687216863093,,52.11976584916207,52.11976584916207,121.61278698137816,208.4790633966483
pitch_types,SwStr,rate,2023.0,1,FS,82,0.1662824211313032,0.004047835891109,0.0018994712546714,0.0021483646364375,,63.52935186267759,63.52935186267759,148.2351543462477,254.11740745071037
pitch_types,SwStr,rate,2024.0,11,FA,952,0.1037274599342075,0.0022607317080827,0.0010074519483471,0.0012532797597355,,73.17982558772141,73.17982558772141,170.75292637134996,292.71930235088564
pitch_types,SwStr,rate,2015.0,1,FA,607,0.0806446277348168,0.0013499519619278,0.0005046514796363,0.0008453004822915,,86.70972370835744,86.70972370835744,202.322688652834,346.8388948334298
pitch_types,SwStr,rate,2025.0,11,SL,892,0.1466386985973823,0.0033389167226369,0.0015592959610679,0.001779620761569,,69.31598718859709,69.31598718859709,161.73730344005986,277.2639487543884
pitch_types,SwStr,rate,2024.0,11,CU,394,0.1208263073226299,0.0033441917426947,0.0017348388644726,0.0016093528782221,,65.00622661374184,65.00622661374184,151.6811954320643,260.0249064549674
pitch_types,SwStr,rate,2021.0,1,SW,114,0.1604149588896529,0.0023365600109543,0.0015157085804237,0.0008208514305306,,163.07597629088778,163.07597629088778,380.5106113454048,652.3039051635511
pitch_types,SwStr,rate,2020.0,1,SW,57,0.1461349837488377,0.0031366201817897,0.0019637917202677,0.001172828461522,,105.39198686535003,105.39198686535003,245.91463601915007,421.56794746140014
pitch_types,SwStr,rate,2025.0,16,SL,50,0.1812193275035009,0.0070194524801331,0.0048816744248146,0.0021377780553185,,68.40799231872163,68.40799231872163,159.6186487436838,273.6319692748865
pitch_types,SwStr,rate,2024.0,11,SW,406,0.1549511505931199,0.0031450473433093,0.0017447678759469,0.0014002794673623,,92.5108273562237,92.5108273562237,215.858597164522,370.0433094248948
pitch_types,SwStr,rate,2021.0,1,CU,378,0.1159698282445411,0.002665297084325,0.0013830203644087,0.0012822767199163,,78.95218628640752,78.95218628640752,184.2217680016176,315.8087451456301
pitch_types,SwStr,rate,2025.0,14,CU,97,0.1379520974497955,0.0031133902681878,0.0021867889106261,0.0009266013575617,,127.34140085001825,127.34140085001825,297.1299353167092,509.365603400073
pitch_types,SwStr,rate,2020.0,1,CH,325,0.1532621757168145,0.0045530535670408,0.0025383653870287,0.0020146881800121,,63.41338292389327,63.41338292389327,147.96456015575097,253.6535316955731
pitch_types,SwStr,rate,2025.0,1,FS,101,0.174284303800415,0.0034451353903634,0.001609648036001,0.0018354873543623,,77.40385547042378,77.40385547042378,180.60899609765548,309.6154218816951
pitch_types,SwStr,rate,2023.0,11,HC,34,0.1147537336218296,0.0017777963362476,0.0009621200068504,0.0008156763293971,,123.54120657976584,123.54120657976584,288.2628153527869,494.1648263190633
pitch_types,SwStr,rate,2024.0,1,SL,593,0.1424401690166929,0.0031541943876269,0.0012955469229027,0.0018586474647241,,64.72035288322932,64.72035288322932,151.0141567275351,258.8814115329173
pitch_types,SwStr,rate,2017.0,1,CH,419,0.1451199741705246,0.0038802080076988,0.001728917605267,0.0021512904024318,,56.667791910861226,56.667791910861226,132.2248477920095,226.6711676434449
pitch_types,SwStr,rate,2022.0,14,SW,61,0.1727212565173059,0.0029889743474246,0.0019856684568856,0.0010033058905389,,141.41780638567468,141.41780638567468,329.97488156657425,565.6712255426987
pitch_types,Ball_pct,rate,2025.0,11,CU,425,0.4428132902977282,0.0076377450849897,0.0043562429547946,0.003281502130195,,74.18802988519225,74.18802988519225,173.1054030654486,296.752119540769
pitch_types,Ball_pct,rate,2016.0,1,SL,523,0.3737116853234662,0.0049800398650169,0.0023700651282719,0.0026099747367449,,88.67568087193807,88.67568087193807,206.90992203452217,354.70272348775234
pitch_types,Ball_pct,rate,2023.0,11,SI,502,0.3777264484816743,0.0061440436405587,0.0028992056665122,0.0032448379740464,,71.43787840228485,71.43787840228485,166.68838293866466,285.7515136091394
pitch_types,Ball_pct,rate,2016.0,1,SI,405,0.3747705381283754,0.0047539545373268,0.0023066347668395,0.0024473197704872,,94.74457114473852,94.74457114473852,221.07066600438984,378.97828457895406
pitch_types,Ball_pct,rate,2018.0,1,SL,562,0.3789978654888639,0.0048809869196182,0.0023445096016387,0.0025364773179794,,91.78950841603988,91.78950841603988,214.1755196374264,367.1580336641596
pitch_types,Ball_pct,rate,2017.0,1,SL,558,0.3810948511030921,0.0044301078856251,0.0023273377454553,0.0021027701401697,,111.16707002828126,111.16707002828126,259.3898300659896,444.6682801131251
pitch_types,Ball_pct,rate,2025.0,11,FS,127,0.4519779070112458,0.0099052220280571,0.004439301806984,0.005465920221073,,44.3160435145085,44.3160435145085,103.40410153385317,177.264174058034
pitch_types,Ball_pct,rate,2021.0,14,CH,209,0.4421952991027447,0.0101964026550648,0.0049421467710833,0.0052542558839815,,45.94453829440601,45.94453829440601,107.20392268694737,183.7781531776241
pitch_types,Ball_pct,rate,2024.0,14,CU,91,0.4437071414802011,0.0055951685485623,0.0041690694339898,0.0014260991145725,,172.08131781124598,172.08131781124598,401.5230748929073,688.3252712449839
pitch_types,Ball_pct,rate,2025.0,16,SL,50,0.360408965394369,0.0090158789910934,0.0075839361471064,0.001431942843987,,159.98012851958302,159.98012851958302,373.2869665456937,639.9205140783321
pitch_types,Ball_pct,rate,2023.0,14,CH,187,0.4271043582621841,0.0087938345657777,0.0042983310668327,0.004495503498945,,53.42910354158415,53.42910354158415,124.66790826369636,213.71641416633665
pitch_types,Ball_pct,rate,2024.0,14,SL,259,0.3887036474136651,0.0083493697383039,0.0036736487899277,0.0046757209483762,,49.81849933398923,49.81849933398923,116.24316511264152,199.2739973359569
pitch_types,Ball_pct,rate,2019.0,1,SI,377,0.3612381106747621,0.0040291210526541,0.0021486276959231,0.0018804933567309,,121.70457496963247,121.70457496963247,283.97734159580915,486.81829987853
pitch_types,Ball_pct,rate,2023.0,14,FA,342,0.3777084377928846,0.0065265937003772,0.0031328867533049,0.0033937069470722,,68.25900717966122,68.25900717966122,159.27101675254286,273.0360287186449
pitch_types,Ball_pct,rate,2024.0,11,HC,41,0.3571091220834012,0.0024010235793214,0.0029690948946208,1e-8,,22958218.700822365,22958218.700822365,53569176.96858551,91832874.80328946
pitch_types,Ball_pct,rate,2016.0,1,FA,619,0.3590221054190083,0.0032706606817312,0.0016834450433559,0.0015872156383753,,143.98674765771824,143.98674765771824,335.9690778680092,575.946990630873
pitch_types,Ball_pct,rate,2023.0,11,SL,826,0.3956262568715648,0.0056029224288685,0.0031387094916651,0.0024642129372033,,96.03143674617624,96.03143674617624,224.07335240774455,384.1257469847051
pitch_types,Ball_pct,rate,2024.0,1,CH,411,0.4257645743873973,0.0079894316843759,0.0032621561862823,0.0047272754980935,,50.71881809780581,50.71881809780581,118.3439088948802,202.8752723912233
pitch_types,Ball_pct,rate,2021.0,14,SI,76,0.3949455988109741,0.0046582099046118,0.0035386722312574,0.0011195376733544,,212.44844258328584,212.44844258328584,495.71303269433366,849.7937703331434
pitch_types,Ball_pct,rate,2025.0,14,CU,97,0.4496463094527488,0.0081105936721062,0.0045505099858128,0.0035600836862934,,68.51086762399132,68.51086762399132,159.8586911226464,274.04347049596527
pitch_types,Ball_pct,rate,2021.0,1,SL,616,0.3807071349825126,0.0051633599789299,0.002330690249191,0.0028326697297389,,82.23215724045843,82.23215724045843,191.87503356106967,328.92862896183374
pitch_types,Ball_pct,rate,2024.0,1,SI,428,0.326668721094378,0.003574430432888,0.0022046458430353,0.0013697845898526,,159.57726841312785,159.57726841312785,372.34695963063166,638.3090736525114
pitch_types,Ball_pct,rate,2024.0,1,FA,671,0.3557598564804318,0.0045514180730922,0.0021500851751202,0.002401332897972,,94.44481783055338,94.44481783055338,220.37124160462452,377.7792713222135
pitch_types,Ball_pct,rate,2020.0,1,SI,289,0.3616563474017339,0.0054608830630331,0.0032296164767935,0.0022312665862395,,102.46636085957344,102.46636085957344,239.08817533900464,409.8654434382937
pitch_types,Ball_pct,rate,2025.0,14,SW,78,0.4187634850947662,0.0077676509444386,0.004074760306798,0.0036928906376405,,64.91059755876277,64.91059755876277,151.45806097044647,259.6423902350511
pitch_types,Ball_pct,rate,2021.0,1,CU,378,0.4347033685575132,0.0062349392773175,0.0033150178901345,0.0029199213871829,,83.15854995306532,83.15854995306532,194.0366165571524,332.6341998122613
pitch_types,Ball_pct,rate,2016.0,1,XX,251,0.4942507354696208,0.0226900111374536,0.0070630595259483,0.0156269516115052,,14.995886604865593,14.995886604865593,34.99040207801971,59.98354641946237
pitch_types,Ball_pct,rate,2022.0,11,FS,21,0.4269392161527001,0.0101032676388597,0.0053656848629707,0.0047375827758889,,50.64281732633333,50.64281732633333,118.16657376144444,202.5712693053333
pitch_types,Ball_pct,rate,2023.0,1,SW,290,0.3954424189795553,0.0051573460183139,0.0027615906640946,0.0023957553542192,,98.78803212528442,98.78803212528442,230.5054082923303,395.15212850113767
pitch_types,Ball_pct,rate,2025.0,11,FA,1015,0.3775022028914144,0.0047881658452842,0.0025954954165013,0.0021926704287829,,106.17264510835857,106.17264510835857,247.7361719195033,424.6905804334343
pitch_types,Ball_pct,rate,2021.0,16,FA,25,0.3744542590239248,0.015980713967413,0.0080518859940824,0.0079288279733306,,28.54260928735637,28.54260928735637,66.59942167049819,114.1704371494255
pitch_types,Ball_pct,rate,2024.0,14,FA,345,0.3782625691178839,0.0053224871220819,0.0028320963475899,0.0024903907744919,,93.43497796854648,93.43497796854648,218.0149485932751,373.7399118741859
pitch_types,Ball_pct,rate,2022.0,11,SL,334,0.3848618223355552,0.0073899508590183,0.0039293268022676,0.0034606240567507,,67.41055143863137,67.41055143863137,157.29128669013986,269.6422057545255
pitch_types,Ball_pct,rate,2021.0,1,FA,716,0.3607209919604722,0.0036514465170647,0.0020663965670921,0.0015850499499726,,144.48523087459105,144.48523087459105,337.1322053740458,577.9409234983642
pitch_types,Ball_pct,rate,2016.0,1,SW,16,0.3384227693320871,0.0033099686991546,0.0014731573116295,0.001836811387525,,120.8921006534925,120.8921006534925,282.0815681914825,483.56840261397
pitch_types,Ball_pct,rate,2025.0,1,HC,39,0.3512948240031894,0.0043402604078562,0.0022396188538035,0.0021006415540527,,107.48436764097038,107.48436764097038,250.79685782893085,429.9374705638815
pitch_types,Ball_pct,rate,2022.0,14,SI,90,0.3651122359266186,0.0070096472182406,0.0038677117668831,0.0031419354513574,,72.77786548833548,72.77786548833548,169.81501947278278,291.1114619533419
pitch_types,Ball_pct,rate,2018.0,1,FA,683,0.3643537043691193,0.0038370106694233,0.0019564415082687,0.0018805691611545,,122.15424886550578,122.15424886550578,285.0265806861801,488.6169954620232
pitch_types,Ball_pct,rate,2024.0,14,FS,11,0.4893174648572657,0.0070091977356903,0.0047953533718087,0.0022138443638816,,111.87418732759907,111.87418732759907,261.03977043106454,447.4967493103964
pitch_types,Ball_pct,rate,2025.0,11,SW,435,0.4044172640814206,0.0064989603003277,0.0034395333393432,0.0030594269609844,,77.72844936844476,77.72844936844476,181.36638185970443,310.913797473779
pitch_types,Ball_pct,rate,2023.0,11,CH,617,0.4460874525902376,0.009507588981064,0.0039973465185034,0.0055102424625606,,43.842570705494055,43.842570705494055,102.2993316461528,175.37028282197622
pitch_types,Ball_pct,rate,2023.0,11,SW,410,0.4196789816413375,0.0052381337442715,0.003251360052393,0.0019867736918784,,121.58494009931832,121.58494009931832,283.6981935650761,486.3397603972734
pitch_types,Ball_pct,rate,2024.0,11,FA,952,0.3817525030418107,0.0052697564854191,0.002557612626543,0.002712143858876,,86.02249649873944,86.02249649873944,200.71915849705871,344.08998599495783
pitch_types,Ball_pct,rate,2019.0,1,CU,374,0.4204357020557688,0.0058531779848392,0.0028231297143762,0.003030048270463,,79.41770319896743,79.41770319896743,185.307974130924,317.6708127958698
pitch_types,Ball_pct,rate,2022.0,1,FS,63,0.4247211106671025,0.0062796280115314,0.0034942354342573,0.0027853925772741,,86.7194442228004,86.7194442228004,202.3453698532009,346.8777768912016
pitch_types,Ball_pct,rate,2021.0,1,SI,376,0.3558386322386428,0.0056136682589231,0.0023406218652856,0.0032730463936374,,69.03185182182374,69.03185182182374,161.07432091758872,276.12740728729494
pitch_types,Ball_pct,rate,2020.0,1,SL,481,0.386584479922633,0.0059719751373192,0.0035004376002878,0.0024715375370313,,94.94712451359706,94.94712451359706,221.54329053172648,379.7884980543882
pitch_types,Ball_pct,rate,2024.0,14,CH,206,0.4347633182351516,0.0088652719054536,0.0046875470713505,0.0041777248341031,,57.82248953934988,57.82248953934988,134.91914225848305,231.28995815739955
pitch_types,Ball_pct,rate,2022.0,14,CH,216,0.4292321977601268,0.0099145684158298,0.0047589444840398,0.00515562393179,,46.51935389536423,46.51935389536423,108.54515908918322,186.07741558145693
pitch_types,Ball_pct,rate,2022.0,1,FA,688,0.3624900051141324,0.0047016841360045,0.0021515622101501,0.0025501219258544,,89.61958919045078,89.61958919045078,209.1123747777185,358.4783567618032
pitch_types,Ball_pct,rate,2024.0,11,FS,102,0.4489755757140422,0.0083911695862482,0.0038239897695392,0.0045671798167089,,53.16833101713855,53.16833101713855,124.05943903998994,212.6733240685542
pitch_types,Ball_pct,rate,2022.0,11,CU,154,0.446012667161787,0.008434853601869,0.0041495571477201,0.0042852964541489,,56.65887390446319,56.65887390446319,132.20403911041413,226.6354956178528
pitch_types,Ball_pct,rate,2025.0,14,FA,378,0.3827366724439305,0.0064085794814033,0.0030218091782311,0.0033867703031721,,68.7565204788755,68.7565204788755,160.43188111737618,275.026081915502
pitch_types,Ball_pct,rate,2023.0,14,CU,100,0.4654345085924041,0.0084525332349269,0.00442746174739,0.0040250714875369,,60.81386531249002,60.81386531249002,141.89901906247673,243.2554612499601
pitch_types,Ball_pct,rate,2018.0,1,CU,364,0.423292191455882,0.0060703883641222,0.0029194230088775,0.0031509653552446,,76.47337231177045,76.47337231177045,178.43786872746438,305.8934892470818
pitch_types,Ball_pct,rate,2021.0,14,SW,27,0.4366883976445027,0.0085168717808655,0.003737227104715,0.0047796446761504,,50.466512193810885,50.466512193810885,117.75519511889206,201.8660487752436
pitch_types,Ball_pct,rate,2024.0,11,SL,836,0.3838356397314453,0.0061097548290732,0.0029923907816397,0.0031173640474335,,74.86725124327684,74.86725124327684,174.6902529009793,299.46900497310736
pitch_types,Ball_pct,rate,2023.0,11,CU,393,0.4556925175979568,0.0063935954253584,0.0040287942278017,0.0023648011975566,,103.8869762327037,103.8869762327037,242.4029445429753,415.54790493081487
pitch_types,Ball_pct,rate,2017.0,1,FS,53,0.3879406605529316,0.0056592725735236,0.0025815182696934,0.0030777543038302,,76.14803749837711,76.14803749837711,177.6787541628799,304.59214999350843
pitch_types,Ball_pct,rate,2024.0,14,SW,82,0.3922905909745436,0.00796811367099,0.0036470590218054,0.0043210546491845,,54.17141127858173,54.17141127858173,126.39995965002404,216.6856451143269
pitch_types,Ball_pct,rate,2025.0,11,SI,565,0.3555535052487075,0.0055438834896491,0.0031951890572351,0.002348694432414,,96.55854443719858,96.55854443719858,225.3032703534633,386.2341777487944
pitch_types,Ball_pct,rate,2022.0,14,SW,61,0.421468256065805,0.0078023218332181,0.003388450506627,0.004413871326591,,54.24238183512568,54.24238183512568,126.56555761529326,216.96952734050276
pitch_types,Ball_pct,rate,2022.0,1,SW,228,0.3955894092034009,0.0052456071183667,0.0029646334679832,0.0022809736503834,,103.82296824836632,103.82296824836632,242.2535925795214,415.2918729934653
pitch_types,Ball_pct,rate,2022.0,16,FA,27,0.3565470357475804,0.0115883327907532,0.0067236291010252,0.004864703689728,,46.16037433721297,46.16037433721297,107.7075401201636,184.64149734885189
pitch_types,Ball_pct,rate,2025.0,1,CU,304,0.4162158355800743,0.0063338261645016,0.0026982929813902,0.0036355331831113,,65.83482217167011,65.83482217167011,153.61458506723025,263.33928868668045
pitch_types,Ball_pct,rate,2021.0,1,FS,55,0.4263279639848509,0.0048054083583838,0.0027417407147674,0.0020636676436164,,117.51347859521766,117.51347859521766,274.1981167221746,470.05391438087065
pitch_types,Ball_pct,rate,2022.0,11,HC,13,0.3719720220534758,0.004845468374153,0.0029568237686211,0.0018886446055318,,122.69126313054784,122.69126313054784,286.2796139712783,490.76505252219135
pitch_types,Ball_pct,rate,2021.0,14,SL,242,0.4082876473641181,0.0098383988321449,0.0037387262258789,0.0060996726062659,,38.60685432949551,38.60685432949551,90.0826601021562,154.42741731798205
pitch_types,Ball_pct,rate,2025.0,11,SL,892,0.3786033537381901,0.0054372832821141,0.0029315707080704,0.0025057125740436,,92.8905989112405,92.8905989112405,216.74473079289453,371.56239564496207
pitch_types,Ball_pct,rate,2024.0,1,SW,309,0.3969904925438999,0.0040992204128966,0.0026642158329594,0.0014350045799372,,165.82109919407063,165.82109919407063,386.9158981194981,663.2843967762825
pitch_types,Ball_pct,rate,2023.0,11,FS,88,0.4782343273475523,0.0107879884976021,0.0044260128838319,0.0063619756137702,,38.221504551808806,38.221504551808806,89.18351062088722,152.88601820723522
pitch_types,Ball_pct,rate,2015.0,1,FA,607,0.3551300677164075,0.0028968182316067,0.0015588066985236,0.0013380115330831,,170.1589900816724,170.1589900816724,397.0376435239022,680.6359603266895
pitch_types,Ball_pct,rate,2024.0,1,SL,593,0.3673886776704748,0.004844272699791,0.0024650115882561,0.0023792611115348,,96.68336735436594,96.68336735436594,225.59452382685384,386.7334694174638
pitch_types,Ball_pct,rate,2023.0,1,CU,299,0.4260123201338124,0.0074516039236977,0.0031458893434755,0.0043057145802221,,55.79099686524061,55.79099686524061,130.1789926855614,223.16398746096243
pitch_types,Ball_pct,rate,2025.0,1,SW,323,0.3981540036660554,0.0054787496526971,0.0028151562843836,0.0026635933683135,,88.96395466417101,88.96395466417101,207.5825608830657,355.8558186566841
pitch_types,Ball_pct,rate,2017.0,1,CU,361,0.4223606748705912,0.0058032507267034,0.0027733552594089,0.0030298954672945,,79.52163443489887,79.52163443489887,185.55048034809735,318.0865377395955
pitch_types,Ball_pct,rate,2024.0,11,CU,394,0.4472320191317679,0.0073079362555962,0.0040373715937756,0.0032705646618205,,74.58803012855749,74.58803012855749,174.03873696663413,298.35212051423
pitch_types,Ball_pct,rate,2020.0,1,FS,49,0.400031109238518,0.0048954679084566,0.0040102861564839,0.0008851817519726,,270.1377864998371,270.1377864998371,630.3215018329532,1080.5511459993484
pitch_types,Ball_pct,rate,2023.0,1,SL,583,0.3760225822512688,0.0048500473831073,0.0023034975963385,0.0025465497867687,,91.13627045794742,91.13627045794742,212.65129773521065,364.5450818317897
pitch_types,Ball_pct,rate,2022.0,1,CH,446,0.4135667663534687,0.0087422066856015,0.0031830247944377,0.0055591818911637,,42.62679632895255,42.62679632895255,99.46252476755596,170.50718531581023
pitch_types,Ball_pct,rate,2022.0,11,CH,252,0.4152168585433019,0.0085152518973119,0.0042925470718944,0.0042227048254174,,56.50148991309789,56.50148991309789,131.83680979722843,226.0059596523916
pitch_types,Ball_pct,rate,2025.0,11,HC,39,0.3818053998926826,0.004256431442944,0.0019932310497483,0.0022632003931956,,103.29038330635512,103.29038330635512,241.0108943814953,413.1615332254205
pitch_types,Ball_pct,rate,2024.0,1,HC,38,0.3479696520316385,0.003925953548708,0.0017987190688521,0.0021272344798559,,105.65809314635518,105.65809314635518,246.5355506748288,422.6323725854208
pitch_types,Ball_pct,rate,2015.0,1,CU,353,0.4202397085335002,0.0057625405463191,0.0031168716075141,0.0026456689388049,,91.0894872112104,91.0894872112104,212.5421368261576,364.3579488448416
pitch_types,Ball_pct,rate,2021.0,14,CU,127,0.4790272599234002,0.0109884102368942,0.0048391760484636,0.0061492341884305,,39.58393883310078,39.58393883310078,92.36252394390182,158.33575533240315
pitch_types,Ball_pct,rate,2024.0,11,SI,521,0.3602236286936198,0.006083064807085,0.0031227426325032,0.0029603221745818,,76.85050154447285,76.85050154447285,179.3178369371033,307.4020061778914
pitch_types,Ball_pct,rate,2015.0,1,XX,81,0.6212484120506826,0.0503311884029684,0.0073501645432887,0.0429810238596796,,4.474481560592156,4.474481560592156,10.44045697471503,17.897926242368627
pitch_types,Ball_pct,rate,2021.0,14,FA,352,0.3784157169245872,0.0056896644693288,0.0027194130745556,0.0029702513947731,,78.19102824863741,78.19102824863741,182.445732580154,312.76411299454963
pitch_types,Ball_pct,rate,2025.0,1,CH,422,0.4360329997239257,0.0082660571657898,0.003277193552959,0.0049888636128307,,48.29143026544827,48.29143026544827,112.68000395271264,193.16572106179308
pitch_types,Ball_pct,rate,2025.0,14,SI,105,0.3675356142115753,0.0067718462046329,0.0038907640004728,0.0028810822041601,,79.68259425643612,79.68259425643612,185.9260532650176,318.7303770257445
pitch_types,Ball_pct,rate,2025.0,14,SL,307,0.3990726855949733,0.006206669722782,0.0035602456715288,0.0026464240512531,,89.6180085135752,89.6180085135752,209.1086865316755,358.4720340543009
pitch_types,Ball_pct,rate,2023.0,1,HC,34,0.33861203207808,0.002482863323863,0.0020413750023781,0.0004414883214848,,506.27032383731097,506.27032383731097,1181.297422287059,2025.081295349244
pitch_types,Ball_pct,rate,2022.0,14,CU,91,0.4496477019830127,0.0098112776682018,0.0044564623453995,0.0053548153228022,,45.21347911488885,45.21347911488885,105.49811793474063,180.8539164595554
pitch_types,Ball_pct,rate,2023.0,11,HC,34,0.3694435209768399,0.0028649577017009,0.0022063294624314,0.0006586282392694,,352.69726333548465,352.69726333548465,822.9602811161309,1410.7890533419388
pitch_types,Ball_pct,rate,2022.0,14,FA,346,0.3584171030537585,0.0051847314128892,0.0027108580342404,0.0024738733786488,,91.9531338495211,91.9531338495211,214.5573123155492,367.8125353980844
pitch_types,Ball_pct,rate,2020.0,1,CH,325,0.4088769487895296,0.0092889826405547,0.0047275998754096,0.0045613827651451,,51.987570213350246,51.987570213350246,121.30433049781723,207.950280853401
pitch_types,Ball_pct,rate,2025.0,1,FS,101,0.4283263744743367,0.0047215401112012,0.0027388300314009,0.0019827100798002,,122.49909041097476,122.49909041097476,285.83121095894114,489.9963616438992
pitch_types,Ball_pct,rate,2023.0,14,SL,237,0.4083897532600934,0.008452795319713,0.0041223642596068,0.0043304310601062,,54.79295902388159,54.79295902388159,127.85023772239036,219.1718360955264
pitch_types,Ball_pct,rate,2021.0,14,XX,11,0.3692688178429265,0.0040741956287792,0.007250677843,1e-8,,23290934.80118141,23290934.80118141,54345514.53608996,93163739.20472564
pitch_types,Ball_pct,rate,2024.0,1,FS,90,0.4225753797445469,0.0072247086124368,0.0030318196806825,0.0041928889317542,,57.19506124532857,57.19506124532857,133.45514290576665,228.78024498131427
pitch_types,Ball_pct,rate,2021.0,1,SW,114,0.3893000515035922,0.0061565543251008,0.0026755834271698,0.003480970897931,,67.29862368116966,67.29862368116966,157.0301219227292,269.19449472467863
pitch_types,Ball_pct,rate,2022.0,1,SL,575,0.3781054687549599,0.0052491773523813,0.0023643037321949,0.0028848736201864,,80.50850061756142,80.50850061756142,187.8531681076433,322.0340024702457
pitch_types,Ball_pct,rate,2025.0,1,FA,699,0.3573432424647328,0.0045570429294295,0.002215899269691,0.0023411436597385,,97.09267730079075,97.09267730079075,226.54958036851176,388.3707092031631
pitch_types,Ball_pct,rate,2019.0,1,HC,31,0.3513090451946918,0.0033887812671477,0.0016324801850151,0.0017563010821326,,128.75622589855692,128.75622589855692,300.43119376329946,515.0249035942277
pitch_types,Ball_pct,rate,2025.0,14,CH,180,0.4347396631255054,0.0084681958619141,0.0048003623927689,0.0036678334691452,,65.9989765070486,65.9989765070486,153.99761184978004,263.9959060281944
pitch_types,Ball_pct,rate,2021.0,1,HC,27,0.3487482397212775,0.0126368436930059,0.0017627108839581,0.0108741328090477,,19.88653035611368,19.88653035611368,46.40190416426525,79.54612142445473
pitch_types,Ball_pct,rate,2022.0,11,FA,425,0.3721253317903645,0.0052245584017463,0.0033001808656255,0.0019243775361207,,120.41488083532136,120.41488083532136,280.96805528241646,481.6595233412855
pitch_types,Ball_pct,rate,2016.0,1,CH,412,0.4062973857298881,0.008575230371512,0.0035644323796638,0.0050107979918482,,47.14000094822664,47.14000094822664,109.99333554586217,188.56000379290657
pitch_types,Ball_pct,rate,2025.0,16,CU,11,0.4496844276844861,0.0223906160924307,0.0080291220551677,0.014361494037263,,16.23137875073922,16.23137875073922,37.87321708505818,64.92551500295689
pitch_types,Ball_pct,rate,2018.0,1,FS,61,0.4140590925670361,0.0078721586023995,0.0032718143265505,0.004600344275849,,51.73826172168892,51.73826172168892,120.72261068394084,206.9530468867557
pitch_types,Ball_pct,rate,2022.0,11,SW,127,0.392364923790826,0.0059395441072332,0.0039204331432263,0.0020191109640069,,117.0790430142124,117.0790430142124,273.1844336998289,468.3161720568496
pitch_types,Ball_pct,rate,2016.0,1,FS,63,0.3993536616409905,0.005063835189226,0.0031321745501261,0.0019316606390999,,123.17828976765256,123.17828976765256,287.416009457856,492.71315907061023
pitch_types,Ball_pct,rate,2024.0,11,SW,406,0.4069239303853488,0.005635842962011,0.0032157676925538,0.0024200752694572,,98.72286742933336,98.72286742933336,230.3533573351112,394.8914697173334
pitch_types,Ball_pct,rate,2015.0,1,SL,516,0.3724884242317677,0.0049339953999789,0.0022393199835701,0.0026946754164088,,85.74172652549069,85.74172652549069,200.06402855947823,342.9669061019628
pitch_types,Ball_pct,rate,2017.0,1,HC,37,0.3470085683516951,0.0044649116848563,0.0015801635696118,0.0028847481152444,,77.54884128176245,77.54884128176245,180.9472963241124,310.1953651270498
pitch_types,Ball_pct,rate,2019.0,1,SW,44,0.3849392309002279,0.003340097596636,0.0019907170953201,0.0013493805013159,,174.45904893636612,174.45904893636612,407.0711141848543,697.8361957454645
pitch_types,Ball_pct,rate,2020.0,1,SW,57,0.4162172620347931,0.0068662842965557,0.0038240480943138,0.0030422362022419,,78.86902944616698,78.86902944616698,184.0277353743896,315.4761177846679
pitch_types,Ball_pct,rate,2015.0,1,SI,409,0.3717466907543636,0.0047822395408967,0.0021814385287089,0.0026008010121878,,88.79967616633417,88.79967616633417,207.19924438811304,355.19870466533666
pitch_types,Ball_pct,rate,2023.0,11,FA,946,0.3909322227037813,0.0049215502534024,0.0024301152512503,0.0024914350021521,,94.56910766284692,94.56910766284692,220.66125121330947,378.27643065138767
pitch_types,Ball_pct,rate,2019.0,1,FA,703,0.3663664164954693,0.0038750379503539,0.0019573063963888,0.0019177315539651,,120.05034454888028,120.05034454888028,280.117470614054,480.2013781955212
pitch_types,Ball_pct,rate,2016.0,1,CU,369,0.4222828668979,0.0067356669035768,0.0030402114527437,0.003695455450833,,65.01623276703107,65.01623276703107,151.7045431230725,260.0649310681243
pitch_types,Ball_pct,rate,2022.0,1,HC,29,0.3585508030424256,0.0038467638740411,0.0019757952128878,0.0018709686611533,,121.92676486536286,121.92676486536286,284.4957846858467,487.7070594614514
pitch_types,Ball_pct,rate,2023.0,1,CH,435,0.4292323028827211,0.0097266113343024,0.0033964284250173,0.006330182909285,,37.70218863429109,37.70218863429109,87.97177348001254,150.80875453716436
pitch_types,Ball_pct,rate,2018.0,1,CH,419,0.4134226407332262,0.0077316807788132,0.0034262782712332,0.00430540250758,,55.32559567553624,55.32559567553624,129.09305657625123,221.3023827021449
pitch_types,Ball_pct,rate,2017.0,1,SI,388,0.3684272302323449,0.0033560210319427,0.0018096580622662,0.0015463629696765,,149.47476615683368,149.47476615683368,348.77445436594525,597.8990646273347
pitch_types,Ball_pct,rate,2020.0,1,CU,300,0.430660561564591,0.0083912329613261,0.0045838608978098,0.0038073720635162,,63.39928596077847,63.39928596077847,147.93166724181643,253.59714384311388
pitch_types,Ball_pct,rate,2023.0,1,SI,407,0.3360730558928953,0.0044333251194292,0.0021137523256276,0.0023195727938015,,95.19355667213968,95.19355667213968,222.11829890165927,380.7742266885588
pitch_types,Ball_pct,rate,2025.0,1,SI,454,0.3331751729456015,0.0042055310363199,0.0023873768498348,0.0018181541864851,,121.1950694444526,121.1950694444526,282.7884953703894,484.78027777781045
pitch_types,Ball_pct,rate,2020.0,1,FA,570,0.3707864216710652,0.0055005873634979,0.0029325847760047,0.0025680025874931,,89.85031779628237,89.85031779628237,209.65074152465888,359.4012711851295
pitch_types,Ball_pct,rate,2022.0,11,XX,10,0.3970332916807256,0.0085219804093033,0.0065674662239311,0.0019545141853721,,121.48458403094506,121.48458403094506,283.46402940553844,485.9383361237803
pitch_types,Ball_pct,rate,2018.0,1,HC,36,0.3463606000405751,0.0021073471371819,0.0014673397111974,0.0006400074259845,,352.7379811364733,352.7379811364733,823.0552893184376,1410.9519245458932
pitch_types,Ball_pct,rate,2025.0,1,SL,613,0.3718865147734538,0.0049724801529255,0.0024932407017842,0.0024792394511413,,93.21717405939695,93.21717405939695,217.5067394719262,372.8686962375878
pitch_types,Ball_pct,rate,2015.0,1,CH,385,0.3910616084024838,0.0066155076159993,0.0030777844342576,0.0035377231817417,,66.31234033944553,66.31234033944553,154.7287941253729,265.2493613577821
pitch_types,Ball_pct,rate,2022.0,1,CU,321,0.4132351227168865,0.006327554895122,0.0031163821676231,0.0032111727274988,,74.50881769567803,74.50881769567803,173.85390795658208,298.03527078271213
pitch_types,Ball_pct,rate,2020.0,1,HC,20,0.3485630581337775,0.0027172300987387,0.0021929519579029,0.0005242781408358,,432.1037953942076,432.1037953942076,1008.2421892531512,1728.4151815768305
pitch_types,Ball_pct,rate,2019.0,1,CH,434,0.4156482308499494,0.0075872893298209,0.0032360900807385,0.0043511992490823,,54.82019235098895,54.82019235098895,127.91378215230752,219.28076940395584
pitch_types,Ball_pct,rate,2022.0,14,SL,241,0.3879357999475539,0.0083946348132739,0.0037468174019241,0.0046478174113498,,50.08669167742696,50.08669167742696,116.86894724732956,200.34676670970785
pitch_types,Ball_pct,rate,2023.0,16,FA,24,0.4324876921125778,0.0134983366424913,0.0086303790172096,0.0048679576252816,,49.41993114504791,49.41993114504791,115.31317267177846,197.67972458019165
pitch_types,Ball_pct,rate,2018.0,1,SW,32,0.3731709679182645,0.0029733058109558,0.0018155733664198,0.001157732444536,,201.045297879646,201.045297879646,469.1056950525073,804.181191518584
pitch_types,Ball_pct,rate,2024.0,14,SI,109,0.3713606008013224,0.0059792482614933,0.0036951628689988,0.0022840853924945,,101.20804604806943,101.20804604806943,236.15210744549532,404.83218419227774
pitch_types,Ball_pct,rate,2023.0,14,SW,84,0.4319314460139649,0.005881032979541,0.0039399297324627,0.0019411032470783,,125.40578100498752,125.40578100498752,292.6134890116375,501.62312401995007
pitch_types,Ball_pct,rate,2017.0,1,FA,636,0.3616414779670044,0.0031668017502684,0.0017707328205997,0.0013960689296686,,164.36212107781523,164.36212107781523,383.5116158482355,657.448484311261
pitch_types,Ball_pct,rate,2017.0,1,CH,419,0.4116353972685218,0.0073626720017541,0.0033752129953462,0.0039874590064078,,59.73835407333428,59.73835407333428,139.38949283777998,238.95341629333717
pitch_types,Ball_pct,rate,2024.0,16,FA,12,0.3609915634534392,0.0059321123070802,0.0072539625976476,1e-8,,23067664.45688808,23067664.45688808,53824550.39940552,92270657.82755232
pitch_types,Ball_pct,rate,2025.0,16,FA,137,0.3653678832365297,0.0103226286051144,0.007001726196721,0.0033209024083934,,68.82264596205438,68.82264596205438,160.58617391146024,275.2905838482175
pitch_types,Ball_pct,rate,2025.0,11,CH,612,0.4455550451055118,0.0081500913270256,0.0042930767320945,0.0038570145949311,,63.04843456158814,63.04843456158814,147.113013977039,252.19373824635252
pitch_types,Ball_pct,rate,2025.0,16,SI,19,0.3791519540515962,0.0095816706464796,0.0088712943360492,0.0007103763104303,,330.36767982569967,330.36767982569967,770.8579195932991,1321.470719302799
pitch_types,Ball_pct,rate,2025.0,16,CH,15,0.3624732887898483,0.0040716118548544,0.0087483943797727,1e-8,,23108639.370371956,23108639.370371956,53920158.53086789,92434557.48148784
pitch_types,Ball_pct,rate,2019.0,1,SL,586,0.3823974701218264,0.004700390074495,0.0021713116514295,0.0025290784230654,,92.381700943855,92.381700943855,215.55730220232832,369.52680377542
pitch_types,Ball_pct,rate,2015.0,1,SW,12,0.3748492524774907,0.0034533144106291,0.0026289355151533,0.0008243788954758,,283.2592061497244,283.2592061497244,660.9381476826902,1133.0368245988975
pitch_types,Ball_pct,rate,2024.0,11,CH,559,0.4328272947693553,0.0082075779604184,0.0039266197097583,0.0042809582506601,,56.34413028534991,56.34413028534991,131.4696373324831,225.3765211413996
pitch_types,Ball_pct,rate,2022.0,11,SI,205,0.351594196533612,0.0066777343612255,0.0039141211493698,0.0027636132118557,,81.49190462670076,81.49190462670076,190.14777746230175,325.96761850680303
pitch_types,Ball_pct,rate,2015.0,1,HC,58,0.3642445668466442,0.005842459509224,0.0020528869906121,0.0037895725186118,,60.10727825685441,60.10727825685441,140.2503159326603,240.42911302741769
pitch_types,Ball_pct,rate,2016.0,1,HC,49,0.3540846500472106,0.0039848966754257,0.0018543314030939,0.0021305652723318,,106.34649326084046,106.34649326084046,248.1418176086277,425.3859730433618
pitch_types,Ball_pct,rate,2015.0,1,FS,68,0.4002059609570738,0.0088428072837887,0.0030361671427072,0.0058066401410814,,40.33907801057414,40.33907801057414,94.12451535800632,161.35631204229657
pitch_types,Ball_pct,rate,2023.0,1,FA,681,0.3613646720787145,0.004243511083664,0.0021447763996305,0.0020987346840334,,108.9616104921988,108.9616104921988,254.2437578151305,435.8464419687952
pitch_types,Ball_pct,rate,2019.0,1,FS,55,0.41622725146142,0.0049676618958478,0.0032224172157294,0.0017452446801183,,138.2252498290482,138.2252498290482,322.5255829344458,552.9009993161928
pitch_types,Ball_pct,rate,2024.0,1,CU,299,0.4124023503223967,0.0052685231152179,0.0031400174460352,0.0021285056691826,,112.84825292197196,112.84825292197196,263.3125901512679,451.3930116878879
pitch_types,Ball_pct,rate,2023.0,1,FS,82,0.4443064846813894,0.0080126449104813,0.0033828707757962,0.004629774134685,,52.328353645107,52.328353645107,122.099491838583,209.313414580428
pitch_types,Ball_pct,rate,2018.0,1,SI,393,0.3700089504860138,0.0045272367318501,0.0020725374293887,0.0024546993024614,,93.96166264132968,93.96166264132968,219.24387949643588,375.8466505653186
pitch_types,Ball_pct,rate,2023.0,14,SI,93,0.3865724814143151,0.0069020120856945,0.0040736033132412,0.0028284087724533,,82.84014373629856,82.84014373629856,193.29366871803,331.3605749451943
pitch_types,Ball_pct,rate,2023.0,14,FS,11,0.41944451859096,0.0110090762251555,0.0042509643297473,0.0067581118954082,,35.03237386176022,35.03237386176022,81.74220567744051,140.12949544704088
pitch_types,Ball_pct,rate,2022.0,1,SI,387,0.3409728681887904,0.0047052851957737,0.0020462339972131,0.0026590511985605,,83.50772646632086,83.50772646632086,194.85136175474867,334.03090586528344
pitch_types,Ball_pct,rate,2017.0,1,SW,23,0.3725925771906883,0.0036340667654508,0.0017101832651834,0.0019238835002674,,120.50805835207542,120.50805835207542,281.18546948817595,482.0322334083017
pitch_types,Ball_pct,rate,2025.0,14,FS,28,0.4285859374459701,0.0067421912635839,0.0044458282920651,0.0022963629715188,,105.64691719338812,105.64691719338812,246.50947345123896,422.5876687735525
pitch_types,Ball_pct,rate,2021.0,1,CH,452,0.4191134176758137,0.0070947736978114,0.0034242082884847,0.0036705654093267,,65.3269370384462,65.3269370384462,152.42951975637448,261.3077481537848
pitch_types,Z_Contact,rate,2025.0,14,SL,179,0.8161745470782289,0.0059082529268232,0.0036407174813544,0.0022675354454687,,65.1659583225874,65.1659583225874,152.05390275270392,260.66383329034966
pitch_types,Z_Contact,rate,2022.0,14,CU,32,0.8101196363245083,0.0079027273264518,0.0050005628706723,0.0029021644557795,,52.00382301203359,52.00382301203359,121.34225369474504,208.01529204813437
pitch_types,Z_Contact,rate,2024.0,11,CU,166,0.8395083748760754,0.0065546149450527,0.0040626403348335,0.0024919746102191,,53.06718946352245,53.06718946352245,123.8234420815524,212.2687578540898
pitch_types,Z_Contact,rate,2022.0,14,CH,75,0.7184927497910392,0.0116766004671583,0.0059696512035692,0.005706949263589,,34.44116286072443,34.44116286072443,80.36271334169035,137.76465144289773
pitch_types,Z_Contact,rate,2024.0,14,FA,240,0.8210238408469553,0.0047346692348136,0.0026555751458912,0.0020790940889224,,69.67678869888358,69.67678869888358,162.57917363072835,278.70715479553434
pitch_types,Z_Contact,rate,2022.0,14,FA,249,0.8077924988901422,0.0058308760482775,0.0029261038091269,0.0029047722391505,,52.4512742631982,52.4512742631982,122.38630661412913,209.8050970527928
pitch_types,Z_Contact,rate,2015.0,1,CU,198,0.8701371827019682,0.0044044825846816,0.0028621922326332,0.0015422903520484,,72.26666203375197,72.26666203375197,168.62221141208792,289.0666481350079
pitch_types,Z_Contact,rate,2021.0,14,CH,69,0.7127032080725915,0.0104118175641805,0.0060070009265681,0.0044048166376124,,45.48487374643839,45.48487374643839,106.1313720750229,181.9394949857536
pitch_types,Z_Contact,rate,2024.0,11,FA,719,0.8232690310238975,0.0056251566747948,0.0025870625720256,0.0030380941027692,,46.89092393426858,46.89092393426858,109.41215584662667,187.5636957370743
pitch_types,Z_Contact,rate,2019.0,1,CU,211,0.8601700070679861,0.004146660267265,0.0028971029173222,0.0012495573499428,,95.2561390352765,95.2561390352765,222.2643244156452,381.024556141106
pitch_types,Z_Contact,rate,2017.0,1,CH,255,0.8023556896799262,0.0089432832710463,0.0037071992765389,0.0052360839945074,,29.28619042103323,29.28619042103323,68.3344443157442,117.14476168413292
pitch_types,Z_Contact,rate,2025.0,14,FS,13,0.7627766826684554,0.0087344949402415,0.0052677311636517,0.0034667637765897,,51.195196069505485,51.195196069505485,119.4554574955128,204.78078427802197
pitch_types,Z_Contact,rate,2025.0,11,SI,366,0.8950798362360148,0.0028229407443589,0.0021101739419139,0.000712766802445,,130.75687009773335,130.75687009773335,305.0993635613778,523.0274803909334
pitch_types,Z_Contact,rate,2020.0,1,FS,24,0.8134489984290619,0.00734022202756,0.0046878481106137,0.0026523739169462,,56.21279507925933,56.21279507925933,131.16318851827177,224.85118031703732
pitch_types,Z_Contact,rate,2022.0,11,SW,68,0.7964352779476608,0.0064900358996643,0.003576553065199,0.0029134828344653,,54.64684441253839,54.64684441253839,127.50930362925624,218.5873776501536
pitch_types,Z_Contact,rate,2018.0,1,HC,32,0.8568012583284171,0.0030747374668556,0.0017977654821156,0.00127697198474,,95.08109145811268,95.08109145811268,221.8558800689296,380.3243658324507
pitch_types,Z_Contact,rate,2024.0,14,SL,150,0.8043280589331782,0.0084204501160689,0.0040951998512873,0.0043252502647815,,35.38735862927282,35.38735862927282,82.57050346830324,141.54943451709127
pitch_types,Z_Contact,rate,2023.0,11,CH,324,0.7790446045944042,0.0104649301466572,0.0043109481378528,0.0061539820088044,,26.97117515138705,26.97117515138705,62.93274201990312,107.88470060554822
pitch_types,Z_Contact,rate,2021.0,1,FA,578,0.8260685035483498,0.0045224876487002,0.0020201601355167,0.0025023275131834,,56.41827568004855,56.41827568004855,131.6426432534466,225.67310272019424
pitch_types,Z_Contact,rate,2022.0,11,CH,119,0.7973820703818421,0.0098765600001786,0.0042019632534547,0.0056745967467238,,27.47143355317456,27.47143355317456,64.10001162407397,109.88573421269824
pitch_types,Z_Contact,rate,2022.0,14,SW,32,0.7763760661830511,0.0079768717357768,0.0037901310434808,0.004186740692296,,40.46812109970166,40.46812109970166,94.42561589930388,161.87248439880665
pitch_types,Z_Contact,rate,2023.0,1,CH,253,0.8100359412926441,0.006274866756851,0.0034568998756317,0.0028179668812192,,53.60593455953032,53.60593455953032,125.0805139722374,214.4237382381213
pitch_types,Z_Contact,rate,2021.0,1,HC,24,0.8408572656612053,0.0021458176949218,0.0019915478017647,0.000154269893157,,866.416977528467,866.416977528467,2021.639614233089,3465.6679101138684
pitch_types,Z_Contact,rate,2016.0,1,SL,379,0.8344116196103702,0.0043313049177687,0.0026438553090268,0.0016874496087419,,80.88029316773455,80.88029316773455,188.72068405804728,323.52117267093826
pitch_types,Z_Contact,rate,2016.0,1,SW,13,0.7928134111986547,0.0084397527599633,0.0031959702714776,0.0052437824884856,,30.324774927810395,30.324774927810395,70.75780816489092,121.29909971124158
pitch_types,Z_Contact,rate,2018.0,1,SL,412,0.8281713505045127,0.0051367966293779,0.0027788052646867,0.0023579913646912,,59.34948509095904,59.34948509095904,138.48213187890445,237.3979403638361
pitch_types,Z_Contact,rate,2024.0,1,FA,539,0.8317259887649318,0.0044226105562493,0.002057351252795,0.0023652593034542,,58.1723149227365,58.1723149227365,135.73540148638514,232.689259690946
pitch_types,Z_Contact,rate,2015.0,1,SI,311,0.917666958242376,0.0018229090518127,0.001197039389165,0.0006258696626477,,119.7189236061106,119.7189236061106,279.3441550809248,478.8756944244425
pitch_types,Z_Contact,rate,2018.0,1,FA,570,0.8409686325750063,0.0039223601275152,0.0019421145768416,0.0019802455506736,,66.53727665462273,66.53727665462273,155.25364552745302,266.1491066184909
pitch_types,Z_Contact,rate,2021.0,14,SI,47,0.8623287987917128,0.0048360339018086,0.0027378257140238,0.0020982081877847,,55.58058254528828,55.58058254528828,129.688025939006,222.32233018115312
pitch_types,Z_Contact,rate,2023.0,14,SL,123,0.7830648958069449,0.0056047570039183,0.0042035929500637,0.0014011640538546,,120.23795518053164,120.23795518053164,280.5552287545738,480.9518207221265
pitch_types,Z_Contact,rate,2022.0,1,SI,311,0.8996932679293276,0.0024105577009932,0.0015127561014562,0.000897801599537,,99.51807840229722,99.51807840229722,232.20884960536017,398.0723136091889
pitch_types,Z_Contact,rate,2022.0,1,SL,432,0.8283509939390747,0.0045271285699639,0.0025467758541601,0.0019803527158037,,70.79813153714522,70.79813153714522,165.1956402533389,283.1925261485809
pitch_types,Z_Contact,rate,2024.0,1,FS,57,0.8126260711209472,0.0090996172634642,0.0032073846515012,0.0058922326119629,,24.84163757322445,24.84163757322445,57.96382100419037,99.3665502928978
pitch_types,Z_Contact,rate,2020.0,1,CH,127,0.7963665541779775,0.0076268835213725,0.0051378324190214,0.0024890511023511,,64.15208362395134,64.15208362395134,149.68819512255314,256.60833449580537
pitch_types,Z_Contact,rate,2025.0,11,FA,769,0.8253967242865556,0.0052827737332281,0.0027551254976054,0.0025276482356226,,56.0162294707425,56.0162294707425,130.7045354317325,224.06491788297004
pitch_types,Z_Contact,rate,2025.0,14,CH,73,0.7737642419157622,0.0097210171567266,0.00503903246368,0.0046819846930465,,36.3886612889336,36.3886612889336,84.90687634084506,145.55464515573442
pitch_types,Z_Contact,rate,2025.0,14,SW,38,0.8073725756179487,0.0050631844359604,0.0041008510635898,0.0009623333723706,,160.60938009961663,160.60938009961663,374.7552202324388,642.4375203984665
pitch_types,Z_Contact,rate,2020.0,1,CU,81,0.8484417654889659,0.0064212674038788,0.0043621645567697,0.002059102847109,,61.44871947191305,61.44871947191305,143.3803454344638,245.7948778876522
pitch_types,Z_Contact,rate,2021.0,1,FS,35,0.7916379953197834,0.0092323455586866,0.0034364009495428,0.0057959446091437,,27.459084896297377,27.459084896297377,64.07119809136054,109.8363395851895
pitch_types,Z_Contact,rate,2025.0,11,CH,286,0.7811235949800961,0.0102473750401911,0.0045538666246199,0.0056935084155711,,29.02885248713848,29.02885248713848,67.73398913665645,116.11540994855392
pitch_types,Z_Contact,rate,2021.0,14,SL,122,0.7843453987260294,0.0075757094765639,0.0044893343975767,0.0030863750789872,,53.80464619317746,53.80464619317746,125.5441744507474,215.21858477270985
pitch_types,Z_Contact,rate,2022.0,1,HC,24,0.8415889577956511,0.0025621645768541,0.0016421037684724,0.0009200608083817,,143.90018778929456,143.90018778929456,335.7671048416873,575.6007511571783
pitch_types,Z_Contact,rate,2022.0,1,CH,263,0.8115275616485338,0.0078655430942622,0.0035427088456988,0.0043228342485634,,34.38201317437708,34.38201317437708,80.22469740687986,137.52805269750831
pitch_types,Z_Contact,rate,2023.0,1,HC,29,0.8292253742520473,0.005154305291489,0.0020136808135415,0.0031406244779475,,44.08996664292203,44.08996664292203,102.87658883348472,176.35986657168812
pitch_types,Z_Contact,rate,2025.0,1,SI,347,0.9078944304222374,0.0020781952006802,0.0015841069774844,0.0004940882231958,,168.24534871453423,168.24534871453423,392.5724803339132,672.9813948581369
pitch_types,Z_Contact,rate,2024.0,11,HC,27,0.8352196810750188,0.0038959912610583,0.0021695310161667,0.0017264602448916,,78.71673012870465,78.71673012870465,183.6723703003109,314.8669205148186
pitch_types,Z_Contact,rate,2017.0,1,FS,37,0.8000365046122755,0.0044425143415136,0.0030621501336576,0.001380364207856,,114.89556943708628,114.89556943708628,268.08966201986794,459.5822777483451
pitch_types,Z_Contact,rate,2022.0,11,SL,178,0.8055357900919194,0.0049362305075148,0.0035239306199867,0.0014122998875281,,109.91686854629536,109.91686854629536,256.4726932746892,439.6674741851814
pitch_types,Z_Contact,rate,2023.0,11,FS,42,0.7796174634942762,0.0068410910550962,0.0047570520722803,0.0020840389828159,,81.44283121656149,81.44283121656149,190.03327283864348,325.771324866246
pitch_types,Z_Contact,rate,2025.0,1,FS,66,0.8032762962868089,0.0054440166455295,0.0033701221581592,0.0020738944873703,,75.19649363691876,75.19649363691876,175.45848515281045,300.78597454767504
pitch_types,Z_Contact,rate,2025.0,11,FS,59,0.7895820552801156,0.0057840465919258,0.0051008876663469,0.0006831589255788,,242.19704689352983,242.19704689352983,565.1264427515696,968.7881875741192
pitch_types,Z_Contact,rate,2018.0,1,CU,222,0.859721403899158,0.0054184541133667,0.0029662431853124,0.0024522109280542,,48.18031731981228,48.18031731981228,112.42074041289531,192.7212692792492
pitch_types,Z_Contact,rate,2024.0,11,FS,49,0.7724469788177921,0.0067239469561283,0.0041489650885131,0.0025749818676151,,67.26170154582535,67.26170154582535,156.94397027359247,269.0468061833014
pitch_types,Z_Contact,rate,2024.0,14,SI,65,0.8738510397803089,0.0043271484958401,0.0027163588453802,0.0016107896504598,,67.43562722402018,67.43562722402018,157.3497968560471,269.7425088960807
pitch_types,Z_Contact,rate,2018.0,1,SI,302,0.9047948587679984,0.0022550068257536,0.0013072392300819,0.0009477675956717,,89.88844428569425,89.88844428569425,209.73970333328657,359.553777142777
pitch_types,Z_Contact,rate,2023.0,11,FA,737,0.8214234708849346,0.0049854163029488,0.0024602989035541,0.0025251173993946,,57.09114158393047,57.09114158393047,133.2126636958378,228.36456633572192
pitch_types,Z_Contact,rate,2021.0,14,FA,259,0.7965020067295009,0.0072195588708895,0.0028871071883728,0.0043324516825167,,36.41220257792293,36.41220257792293,84.96180601515351,145.64881031169173
pitch_types,Z_Contact,rate,2022.0,1,SW,146,0.8275889919406368,0.0055351117917606,0.0031602285247966,0.002374883266964,,59.0810382321322,59.0810382321322,137.85575587497513,236.32415292852883
pitch_types,Z_Contact,rate,2023.0,1,FA,543,0.8265143174072513,0.0047197642847511,0.0020780852230967,0.0026416790616543,,53.27926602040671,53.27926602040671,124.318287380949,213.11706408162684
pitch_types,Z_Contact,rate,2023.0,11,HC,28,0.8175087129851192,0.0066300061703373,0.0026116179834675,0.0040183881868697,,36.126382579465606,36.126382579465606,84.29489268541975,144.50553031786242
pitch_types,Z_Contact,rate,2023.0,1,SW,201,0.8212450458860318,0.0060650431884085,0.0033254389329769,0.0027396042554316,,52.58497315903477,52.58497315903477,122.69827070441444,210.33989263613907
pitch_types,Z_Contact,rate,2016.0,1,CU,210,0.8571288378125389,0.0044883106055696,0.0030004018569867,0.0014879087485828,,81.30275769216499,81.30275769216499,189.7064346150516,325.21103076865995
pitch_types,Z_Contact,rate,2025.0,14,FA,266,0.8310141513004086,0.0047396644872871,0.0028690083404843,0.0018706561468028,,74.06971918857528,74.06971918857528,172.8293447733423,296.2788767543011
pitch_types,Z_Contact,rate,2022.0,1,CU,183,0.865470766958806,0.0044600730840443,0.0025290364140814,0.0019310366699628,,59.29461807205345,59.29461807205345,138.3541088347914,237.17847228821384
pitch_types,Z_Contact,rate,2024.0,11,CH,306,0.7919154611074027,0.0092869569258365,0.0043922888486386,0.0048946680771979,,32.666299934435685,32.666299934435685,76.22136651368326,130.66519973774274
pitch_types,Z_Contact,rate,2017.0,1,HC,31,0.861006165657661,0.0036182455468655,0.0012630684618166,0.0023551770850488,,49.813397054885485,49.813397054885485,116.2312597947328,199.25358821954197
pitch_types,Z_Contact,rate,2017.0,1,SW,19,0.8011922502019718,0.0061867561243899,0.0027831156002498,0.00340364052414,,45.79789986297526,45.79789986297526,106.86176634694226,183.19159945190103
pitch_types,Z_Contact,rate,2023.0,11,SL,544,0.8133915734575035,0.0057208642652504,0.0034431125399466,0.0022777517253038,,65.63839609893583,65.63839609893583,153.1562575641836,262.5535843957433
pitch_types,Z_Contact,rate,2023.0,1,SI,324,0.8974742420767063,0.002358542835806,0.0016085428778187,0.0007499999579872,,121.68564271987226,121.68564271987226,283.93316634636864,486.7425708794891
pitch_types,Z_Contact,rate,2021.0,1,CH,255,0.8082792388976014,0.0076014300928346,0.0034204965523065,0.0041809335405281,,36.06442816241031,36.06442816241031,84.15033237895739,144.25771264964123
pitch_types,Z_Contact,rate,2025.0,1,CU,189,0.8671314318379033,0.0048623484336733,0.002713095731358,0.0021492527023153,,52.606777663943895,52.606777663943895,122.74914788253577,210.4271106557756
pitch_types,Z_Contact,rate,2016.0,1,SI,307,0.9177214397211568,0.0020567441722156,0.0013030068565299,0.0007537373156857,,99.1791966855038,99.1791966855038,231.4181255995089,396.7167867420153
pitch_types,Z_Contact,rate,2023.0,14,CH,87,0.7547915219753633,0.0107794476166561,0.005449334930055,0.0053301126866011,,33.72370871158827,33.72370871158827,78.68865366037264,134.8948348463531
pitch_types,Z_Contact,rate,2021.0,1,SI,291,0.8982257216774399,0.0028134302316261,0.0016293230843728,0.0011841071472533,,76.20270484519354,76.20270484519354,177.80631130545157,304.8108193807741
pitch_types,Z_Contact,rate,2019.0,1,SW,31,0.8032769740759527,0.0042645995811443,0.0026013729654899,0.0016632266156544,,94.00994964126023,94.00994964126023,219.35654916294052,376.039798565041
pitch_types,Z_Contact,rate,2016.0,1,XX,26,0.837776139931498,0.0064122851800195,0.0047125485375883,0.0016997366424311,,78.95784517452414,78.95784517452414,184.23497207388965,315.8313806980965
pitch_types,Z_Contact,rate,2022.0,14,SL,133,0.7791305753313614,0.0068061000714376,0.0045291379453758,0.0022769621260618,,74.57706821097611,74.57706821097611,174.01315915894426,298.30827284390443
pitch_types,Z_Contact,rate,2022.0,14,SI,54,0.871110368167069,0.0037168125292738,0.0023683044916179,0.0013485080376559,,82.26023390566328,82.26023390566328,191.94054577988095,329.04093562265314
pitch_types,Z_Contact,rate,2024.0,11,SW,255,0.8028340760077524,0.0054702648468237,0.0037642967591682,0.0017059680876554,,91.78691879053436,91.78691879053436,214.1694771779135,367.1476751621375
pitch_types,Z_Contact,rate,2024.0,14,CU,33,0.8093477882948288,0.0062538561460464,0.0045701647205906,0.0016836914254557,,90.64621470666788,90.64621470666788,211.5078343155584,362.5848588266715
pitch_types,Z_Contact,rate,2023.0,1,FS,44,0.7947120642318916,0.008361003205442,0.0029519951223092,0.0054090080831328,,29.161685227448636,29.161685227448636,68.04393219738014,116.64674090979452
pitch_types,Z_Contact,rate,2016.0,1,FS,37,0.8046037805936284,0.0047829967184041,0.0029895684250435,0.0017934282933605,,86.6625719746354,86.6625719746354,202.21266794081592,346.6502878985416
pitch_types,Z_Contact,rate,2017.0,1,FA,535,0.8436067755881697,0.0039101296450941,0.001768942134052,0.0021411875110421,,60.61738899069557,60.61738899069557,141.440574311623,242.4695559627823
pitch_types,Z_Contact,rate,2022.0,11,CU,61,0.8399864370394249,0.0070607811317393,0.0039526771919951,0.0031081039397442,,42.24476440781336,42.24476440781336,98.57111695156448,168.97905763125345
pitch_types,Z_Contact,rate,2021.0,1,SL,464,0.8259401785869549,0.0041831163404352,0.0026646994620071,0.0015184168784281,,93.6795323636883,93.6795323636883,218.5855755152727,374.7181294547533
pitch_types,Z_Contact,rate,2020.0,1,SL,270,0.8154056717042085,0.0061497631352955,0.0041310786683165,0.0020186844669789,,73.56304574536858,73.56304574536858,171.64710673919336,294.25218298147433
pitch_types,Z_Contact,rate,2022.0,11,FA,286,0.8197997046761993,0.0064858408531029,0.0029341275850017,0.0035517132681011,,40.59348960283448,40.59348960283448,94.7181424066138,162.37395841133792
pitch_types,Z_Contact,rate,2025.0,1,SW,219,0.8289724742113793,0.0055832991114031,0.0031785903381931,0.00240470877321,,57.95812116241616,57.95812116241616,135.2356160456377,231.83248464966465
pitch_types,Z_Contact,rate,2025.0,16,FA,21,0.8606432360676667,0.0043719702678394,0.0050213352885851,1e-8,,11993644.627864124,11993644.627864124,27985170.798349623,47974578.5114565
pitch_types,Z_Contact,rate,2017.0,1,SL,420,0.8237064575701476,0.0049730495411556,0.0029261659080526,0.0020468836331029,,69.94400823717098,69.94400823717098,163.20268588673227,279.7760329486839
pitch_types,Z_Contact,rate,2022.0,1,FS,37,0.7936118394499563,0.0072896854481012,0.0040997480618035,0.0031899373862976,,50.34648988358794,50.34648988358794,117.4751430617052,201.3859595343518
pitch_types,Z_Contact,rate,2025.0,1,FA,554,0.8344457569646392,0.0045204626942419,0.00213026636417,0.0023901963300719,,56.79694074092722,56.79694074092722,132.5261950621635,227.1877629637089
pitch_types,Z_Contact,rate,2024.0,1,CU,170,0.8628171508391852,0.0042119905845836,0.0028948342377455,0.0013171563468381,,88.8630715640311,88.8630715640311,207.34716698273925,355.45228625612447
pitch_types,Z_Contact,rate,2025.0,1,SL,454,0.8411813546674838,0.0036805388987829,0.0024911666552453,0.0011893722435376,,111.32419787256876,111.32419787256876,259.7564617026605,445.2967914902752
pitch_types,Z_Contact,rate,2021.0,1,SW,80,0.7977319364633827,0.0059149217739469,0.0032062242202991,0.0027086975536477,,58.56947603561976,58.56947603561976,136.66211074977943,234.27790414247903
pitch_types,Z_Contact,rate,2023.0,14,CU,34,0.8131918667986984,0.0064409882746545,0.0049410833376805,0.001499904936974,,100.28032172333252,100.28032172333252,233.98741735444256,401.1212868933302
pitch_types,Z_Contact,rate,2023.0,11,SI,347,0.8956326514677451,0.0026043525579806,0.0018462786523381,0.0007580739056425,,122.30566241213138,122.30566241213138,285.3798789616399,489.2226496485256
pitch_types,Z_Contact,rate,2024.0,1,SW,207,0.8312499179042582,0.0044336317180379,0.0028280727170451,0.0016055590009927,,86.36738531669499,86.36738531669499,201.52389907228832,345.46954126678
pitch_types,Z_Contact,rate,2024.0,1,CH,239,0.8139541303310445,0.0078425499418062,0.0033877164038873,0.0044548335379188,,32.99292089347567,32.99292089347567,76.98348208477657,131.97168357390268
pitch_types,Z_Contact,rate,2017.0,1,SI,308,0.9069228922450386,0.0022351828575472,0.0012405909760317,0.0009945918815154,,83.87276171841779,83.87276171841779,195.70311067630817,335.4910468736712
pitch_types,Z_Contact,rate,2024.0,1,HC,34,0.8378841322004638,0.0045920337890036,0.0021728424277877,0.0024191913612158,,55.14864346195035,55.14864346195035,128.68016807788416,220.59457384780143
pitch_types,Z_Contact,rate,2020.0,1,SW,26,0.8021724304933874,0.0052752682959455,0.0051243974277869,0.0001508708681586,,1050.8387292825953,1050.8387292825953,2451.957034992722,4203.354917130381
pitch_types,Z_Contact,rate,2016.0,1,FA,531,0.848506510701877,0.0035319385308693,0.0017301535628499,0.0018017849680194,,70.34214919092274,70.34214919092274,164.13168144548638,281.368596763691
pitch_types,Z_Contact,rate,2024.0,11,SI,340,0.896250220849643,0.0024801762208667,0.0018844573732662,0.0005957188476005,,155.0900126815511,155.0900126815511,361.8766962569525,620.3600507262045
pitch_types,Z_Contact,rate,2019.0,1,FS,36,0.7952064511685262,0.005227085585927,0.0035815346935151,0.0016455508924119,,97.96573356645575,97.96573356645575,228.58671165506345,391.862934265823
pitch_types,Z_Contact,rate,2024.0,1,SI,336,0.9102163029226438,0.0022255137603089,0.0014232720601682,0.0008022417001407,,100.86778473637604,100.86778473637604,235.35816438487743,403.47113894550426
pitch_types,Z_Contact,rate,2020.0,1,HC,17,0.8291127047370349,0.0061476136875162,0.0029815575090523,0.0031660561784638,,43.7512045251881,43.7512045251881,102.08614389210555,175.0048181007524
pitch_types,Z_Contact,rate,2015.0,1,FA,535,0.8556951341368219,0.004015869491379,0.0017246565046957,0.0022912129866833,,52.89327498974067,52.89327498974067,123.41764164272824,211.5730999589627
pitch_types,Z_Contact,rate,2024.0,1,SL,445,0.8393016638030187,0.0043010759038156,0.0025067012436697,0.0017943746601458,,74.16511681542481,74.16511681542481,173.05193923599123,296.66046726169924
pitch_types,Z_Contact,rate,2020.0,1,FA,421,0.806811589660289,0.0068524671946648,0.003209905882673,0.0036425613119917,,41.790398046834255,41.790398046834255,97.5109287759466,167.16159218733705
pitch_types,Z_Contact,rate,2018.0,1,CH,236,0.8048237215967491,0.0070282119494784,0.0035649850156905,0.0034632269337879,,44.35726412248068,44.35726412248068,103.50028295245492,177.42905648992274
pitch_types,Z_Contact,rate,2024.0,11,SL,565,0.8147403192520737,0.0047901088053923,0.0031311845247439,0.0016589242806484,,89.98578711386494,89.98578711386494,209.9668365990182,359.9431484554598
pitch_types,Z_Contact,rate,2025.0,14,CU,30,0.8180089236254804,0.0075449148496665,0.0048522937886503,0.0026926210610162,,54.28825672869685,54.28825672869685,126.67259903362596,217.1530269147874
pitch_types,Z_Contact,rate,2019.0,1,HC,26,0.8479226993058843,0.0030800539021383,0.0014410063839747,0.0016390475181635,,77.6736161573806,77.6736161573806,181.2384377005547,310.6944646295224
pitch_types,Z_Contact,rate,2023.0,11,CU,158,0.8416094639322586,0.0059990849413439,0.0040177542440381,0.0019813306973057,,66.27951791852891,66.27951791852891,154.65220847656747,265.11807167411564
pitch_types,Z_Contact,rate,2022.0,1,FA,547,0.8258846789736147,0.0049817315670664,0.0020875945284602,0.0028941370386061,,48.68637424284496,48.68637424284496,113.60153989997156,194.74549697137985
pitch_types,Z_Contact,rate,2021.0,14,CU,25,0.8156927788099683,0.0125438426641578,0.0050178733140316,0.0075259693501262,,18.97590774199976,18.97590774199976,44.277118064666105,75.90363096799904
pitch_types,Z_Contact,rate,2022.0,11,SI,119,0.8986582526372346,0.0023091949729392,0.0021546541793437,0.0001545407935955,,588.3045809158646,588.3045809158646,1372.710688803684,2353.2183236634582
pitch_types,Z_Contact,rate,2015.0,1,FS,43,0.8119186619885308,0.0081523629976916,0.0032484131996208,0.0049039497980707,,30.13954151067383,30.13954151067383,70.32559685823894,120.55816604269532
pitch_types,Z_Contact,rate,2025.0,1,HC,31,0.8519481272566691,0.0025260764608571,0.0022529276379381,0.000273148822919,,460.7721371542911,460.7721371542911,1075.1349866933458,1843.0885486171644
pitch_types,Z_Contact,rate,2025.0,1,CH,254,0.8174504896991812,0.0087335106553869,0.0033637103015097,0.0053698003538771,,26.789708509740823,26.789708509740823,62.50931985606192,107.15883403896328
pitch_types,Z_Contact,rate,2021.0,1,CU,202,0.8630809821174812,0.0045071265230255,0.0029705251329542,0.0015366013900713,,75.90491573687562,75.90491573687562,177.1114700527098,303.6196629475025
pitch_types,Z_Contact,rate,2015.0,1,HC,46,0.8758187309897162,0.003237319795785,0.0015668819049847,0.0016704378908003,,64.10884483419471,64.10884483419471,149.58730461312098,256.43537933677885
pitch_types,Z_Contact,rate,2021.0,14,SW,11,0.77647490404859,0.0030800014559588,0.0048475784355221,1e-8,,17356161.743132297,17356161.743132297,40497710.73397536,69424646.97252919
pitch_types,Z_Contact,rate,2020.0,1,SI,180,0.8960228578777104,0.0035520060489198,0.0022292140410657,0.0013227920078541,,69.4312510849745,69.4312510849745,162.00625253160717,277.7250043398981
pitch_types,Z_Contact,rate,2019.0,1,SI,301,0.9013349582819896,0.0029834352696148,0.0015530623389796,0.0014303729306351,,61.17277281757826,61.17277281757826,142.73646990768262,244.69109127031305
pitch_types,Z_Contact,rate,2018.0,1,SW,25,0.812808175234111,0.0071486526309913,0.0026749375947789,0.0044737150362123,,33.00999935738467,33.00999935738467,77.02333183389757,132.0399974295387
pitch_types,Z_Contact,rate,2025.0,11,SW,259,0.800067660144641,0.0063102719042704,0.004028086949816,0.0022821849544544,,69.09046266084141,69.09046266084141,161.2110795419633,276.36185064336564
pitch_types,Z_Contact,rate,2025.0,14,SI,58,0.8764961328019708,0.005087013671251,0.002714867980649,0.0023721456906019,,44.63406978501778,44.63406978501778,104.14616283170814,178.53627914007114
pitch_types,Z_Contact,rate,2025.0,11,SL,618,0.8175813083858344,0.0061276369435345,0.0032361795576123,0.0028914573859222,,50.58025613314412,50.58025613314412,118.02059764400292,202.3210245325765
pitch_types,Z_Contact,rate,2016.0,1,HC,39,0.8596345256730629,0.0030893280870715,0.0016232121430933,0.0014661159439782,,81.3011361683305,81.3011361683305,189.7026510594378,325.204544673322
pitch_types,Z_Contact,rate,2023.0,14,SW,36,0.7837685594358301,0.0046664616645966,0.0045627023101341,0.0001037593544624,,1632.350607794922,1632.350607794922,3808.8180848548177,6529.402431179688
pitch_types,Z_Contact,rate,2019.0,1,CH,247,0.8074391429021771,0.0066881099040275,0.003567832484042,0.0031202774199855,,48.82927877364693,48.82927877364693,113.9349838051762,195.3171150945877
pitch_types,Z_Contact,rate,2023.0,1,SL,449,0.8349755739918957,0.0036639008701931,0.0024890156205474,0.0011748852496456,,116.28070028145872,116.28070028145872,271.3216339900704,465.1228011258349
pitch_types,Z_Contact,rate,2016.0,1,CH,232,0.8012909278335587,0.0079287395002188,0.0037254331614861,0.0042033063387326,,36.88060254804128,36.88060254804128,86.054739278763,147.52241019216513
pitch_types,Z_Contact,rate,2019.0,1,SL,442,0.8267831537019847,0.0040350671621197,0.002669449104737,0.0013656180573827,,103.8702964070754,103.8702964070754,242.36402494984264,415.48118562830166
pitch_types,Z_Contact,rate,2023.0,11,SW,252,0.8005705799848137,0.0060376576283419,0.0039162493308605,0.0021214082974814,,74.26006504129438,74.26006504129438,173.27348509635354,297.0402601651776
pitch_types,Z_Contact,rate,2018.0,1,FS,36,0.8131533350317826,0.0058793577528046,0.0031760682073262,0.0027032895454784,,55.2037422194015,55.2037422194015,128.80873184527016,220.814968877606
pitch_types,Z_Contact,rate,2015.0,1,CH,238,0.79125015262429,0.0100186704097531,0.0039675880407787,0.0060510823689743,,26.29649648188862,26.29649648188862,61.358491791073455,105.1859859275545
pitch_types,Z_Contact,rate,2025.0,11,CU,165,0.8334215432330425,0.0070283182865519,0.0043896116350241,0.0026387066515277,,51.612924755284304,51.612924755284304,120.43015776233004,206.4516990211372
pitch_types,Z_Contact,rate,2017.0,1,CU,220,0.8590719235659809,0.0052695689720605,0.0028732882536241,0.0023962807184363,,49.5230262778332,49.5230262778332,115.5537279816108,198.0921051113328
pitch_types,Z_Contact,rate,2019.0,1,FA,588,0.8245424578233379,0.004152650549295,0.0019089466911005,0.0022437038581945,,63.47918362381546,63.47918362381546,148.11809512223607,253.91673449526184
pitch_types,Z_Contact,rate,2024.0,14,SW,47,0.7978062002596534,0.0073737735670818,0.0046731605180389,0.0027006130490428,,58.73142547914369,58.73142547914369,137.0399927846686,234.9257019165748
pitch_types,Z_Contact,rate,2025.0,11,HC,32,0.8227714186631958,0.0026500397169035,0.0025517636755692,0.0000982760413342,,1482.765618908741,1482.765618908741,3459.7864441203965,5931.062475634966
pitch_types,Z_Contact,rate,2023.0,1,CU,164,0.8661950959612016,0.0047307544749575,0.0024548374886396,0.0022759169863179,,49.92503478410143,49.92503478410143,116.49174782957,199.7001391364057
pitch_types,Z_Contact,rate,2024.0,14,CH,92,0.7654494343206039,0.0128714093314101,0.0048339384686841,0.008037470862726,,21.337449290357853,21.337449290357853,49.78738167750165,85.34979716143141
pitch_types,Z_Contact,rate,2023.0,14,FA,222,0.8278211466299928,0.0044705285026025,0.0024764736624837,0.0019940548401188,,70.47912532520975,70.47912532520975,164.4512924254894,281.916501300839
pitch_types,Z_Contact,rate,2015.0,1,SL,387,0.8392629777275122,0.0042770580810866,0.0028099052840963,0.0014671527969902,,90.9472274600172,90.9472274600172,212.2101974067068,363.7889098400688
pitch_types,Z_Contact,rate,2023.0,14,SI,49,0.8743465249222965,0.0034789732407526,0.0024728639304176,0.001006109310335,,108.19755751193284,108.19755751193284,252.46096752784325,432.79023004773137
pitch_types,Chase,rate,2022.0,11,SW,104,0.3315991198267624,0.0063123642894875,0.0038112865909265,0.002501077698561,,87.61825591599904,87.61825591599904,204.4425971373311,350.4730236639962
pitch_types,Chase,rate,2018.0,1,SW,31,0.3583493968024319,0.0042338176980993,0.0023327840020462,0.0019010336960531,,119.95267279646109,119.95267279646109,279.88956985840923,479.8106911858444
pitch_types,Chase,rate,2025.0,11,SI,481,0.2702611342054968,0.0066252974809773,0.0036907533308065,0.0029345441501708,,66.2063678210374,66.2063678210374,154.48152491575394,264.82547128414967
pitch_types,Chase,rate,2017.0,1,FA,598,0.2754280338718615,0.0041774934398668,0.0020498836491777,0.002127609790689,,92.79888779544912,92.79888779544912,216.5307381893813,371.1955511817965
pitch_types,Chase,rate,2019.0,1,CU,354,0.3044981650861482,0.007674868933131,0.003186034659089,0.0044888342740419,,46.17907136157635,46.17907136157635,107.7511665103448,184.7162854463054
pitch_types,Chase,rate,2023.0,1,FA,627,0.2801031537405051,0.0047847320694299,0.0024428263664732,0.0023419057029566,,85.10311540321777,85.10311540321777,198.5739359408415,340.41246161287114
pitch_types,Chase,rate,2015.0,1,SL,494,0.3678844198120954,0.0071796106776433,0.0030078520148053,0.0041717586628379,,54.742791533730966,54.742791533730966,127.73318024537224,218.97116613492383
pitch_types,Chase,rate,2020.0,1,CU,254,0.3006671369382001,0.0096514659018231,0.0045785231795415,0.0050729427222816,,40.44860709348101,40.44860709348101,94.38008321812237,161.79442837392403
pitch_types,Chase,rate,2025.0,1,CH,393,0.3514514168260504,0.0085777440492808,0.0035619262347074,0.0050158178145733,,44.44290220724471,44.44290220724471,103.70010515023765,177.77160882897886
pitch_types,Chase,rate,2019.0,1,SW,42,0.340814972874651,0.0045706343632319,0.002506496089231,0.0020641382740008,,107.83966930357472,107.83966930357472,251.62589504167428,431.3586772142989
pitch_types,Chase,rate,2025.0,16,FA,71,0.2999609551883134,0.0107595052229035,0.0068731265815026,0.0038863786414009,,53.03086006955154,53.03086006955154,123.73867349562026,212.1234402782062
pitch_types,Chase,rate,2015.0,1,CH,358,0.3937914163104805,0.0084999351914701,0.0037107110080692,0.0047892241834009,,48.84517901209316,48.84517901209316,113.97208436155069,195.38071604837265
pitch_types,Chase,rate,2025.0,14,FS,24,0.3140044277373214,0.0066910583544763,0.0045089632370308,0.0021820951174455,,97.71505846676342,97.71505846676342,228.00180308911465,390.8602338670537
pitch_types,Chase,rate,2024.0,1,SI,386,0.2869473799636783,0.0051437999841507,0.0027693419877886,0.0023744579963621,,85.17064669458796,85.17064669458796,198.73150895403856,340.68258677835183
pitch_types,Chase,rate,2025.0,11,CH,538,0.3261966582853367,0.0081032539870077,0.0044517451753722,0.0036515088116355,,59.19221361549175,59.19221361549175,138.11516510281407,236.768854461967
pitch_types,Chase,rate,2018.0,1,FA,638,0.267249205642932,0.0041328967044447,0.0021972390421504,0.0019356576622942,,100.16823420833992,100.16823420833992,233.7258798194598,400.67293683335976
pitch_types,Chase,rate,2025.0,1,CU,289,0.3116588926543751,0.0079899309342257,0.00316549466068,0.0048244362735457,,43.466879676732766,43.466879676732766,101.4227192457098,173.8675187069311
pitch_types,Chase,rate,2017.0,1,HC,34,0.3248236529390895,0.0048616027801155,0.001585971092806,0.0032756316873095,,65.95296308191794,65.95296308191794,153.89024719114187,263.8118523276718
pitch_types,Chase,rate,2022.0,1,FS,55,0.3842120358036801,0.0088078891353777,0.0032488848297247,0.0055590043056529,,41.560346122898025,41.560346122898025,96.97414095342872,166.2413844915921
pitch_types,Chase,rate,2017.0,1,FS,49,0.4221969428265062,0.0068991666358945,0.0027840627465746,0.0041151038893199,,58.28080817779152,58.28080817779152,135.98855241484688,233.1232327111661
pitch_types,Chase,rate,2025.0,11,HC,38,0.2793095774236027,0.0051507688677637,0.0027350174063009,0.0024157514614628,,82.3263440358878,82.3263440358878,192.09480275040488,329.30537614355126
pitch_types,Chase,rate,2025.0,1,HC,37,0.3018767164274467,0.0042604145573475,0.0032617902047692,0.0009986243525782,,210.0374776684692,210.0374776684692,490.0874478930947,840.1499106738767
pitch_types,Chase,rate,2022.0,14,SI,74,0.3026794072854131,0.0050903549323217,0.0038292040545743,0.0012611508777474,,166.35870974275986,166.35870974275986,388.17032273310633,665.4348389710394
pitch_types,Chase,rate,2021.0,14,CH,175,0.3268702005637363,0.0088109520024395,0.0049859216452199,0.0038250303572196,,56.522699690962725,56.522699690962725,131.886299278913,226.09079876385093
pitch_types,Chase,rate,2024.0,11,SI,447,0.2757009913627219,0.0064047869812882,0.0034891160855061,0.002915670895782,,67.48850980171086,67.48850980171086,157.47318953732534,269.95403920684345
pitch_types,Chase,rate,2023.0,14,SL,192,0.314025425513821,0.008246198395293,0.0037961112296979,0.004450087165595,,47.4065703948698,47.4065703948698,110.61533092136284,189.6262815794792
pitch_types,Chase,rate,2022.0,1,SL,531,0.3393077486923369,0.0060041355446217,0.0027534228050823,0.0032507127395394,,67.96272243404547,67.96272243404547,158.57968567943942,271.8508897361819
pitch_types,Chase,rate,2023.0,1,SW,272,0.3360421933517332,0.0058747089940072,0.0033089883864497,0.0025657206075575,,85.96108102412914,85.96108102412914,200.575855722968,343.8443240965166
pitch_types,Chase,rate,2023.0,11,SL,732,0.3174920768646118,0.0065885874266304,0.0035170899258327,0.0030714975007977,,69.5489286370995,69.5489286370995,162.28083348656548,278.195714548398
pitch_types,Chase,rate,2022.0,14,FA,308,0.3130696846371633,0.0058371311579456,0.0032323719252244,0.0026047592327212,,81.56312310818637,81.56312310818637,190.31395391910152,326.2524924327455
pitch_types,Chase,rate,2019.0,1,CH,403,0.3717312600936008,0.0078426559203605,0.0036705064538373,0.0041721494665232,,54.97765186429071,54.97765186429071,128.281187683345,219.91060745716285
pitch_types,Chase,rate,2015.0,1,HC,55,0.3207515216547317,0.0071473265754535,0.0025808907238867,0.0045664358515667,,46.71116689094714,46.71116689094714,108.99272274554332,186.84466756378856
pitch_types,Chase,rate,2016.0,1,XX,174,0.2349880371394126,0.0119416520762665,0.0056943670172755,0.006247285058991,,27.775485325750903,27.775485325750903,64.80946576008544,111.10194130300364
pitch_types,Chase,rate,2023.0,11,HC,31,0.2874739504273337,0.0038746722198885,0.0023719804593196,0.0015026917605689,,135.31050866711462,135.31050866711462,315.72452022326746,541.2420346684585
pitch_types,Chase,rate,2018.0,1,HC,35,0.3198362384602388,0.0061214053383632,0.0020861672046335,0.0040352381337297,,52.91032990332419,52.91032990332419,123.45743644108975,211.6413196132968
pitch_types,Chase,rate,2023.0,14,FA,293,0.2971174925732565,0.0064786733782027,0.0030970453183163,0.0033816280598863,,60.75684743615861,60.75684743615861,141.76597735103675,243.02738974463443
pitch_types,Chase,rate,2024.0,14,SL,222,0.3078915600241002,0.006719911940073,0.0038608692584529,0.0028590426816201,,73.5334613785037,73.5334613785037,171.57807654984197,294.1338455140148
pitch_types,Chase,rate,2018.0,1,SL,525,0.3530284994789264,0.0059518893677773,0.002843777000694,0.0031081123670832,,72.48491658585654,72.48491658585654,169.13147203366526,289.9396663434261
pitch_types,Chase,rate,2017.0,1,SL,524,0.3541091551087377,0.0065172839741242,0.0029010022066403,0.0036162817674838,,62.24613956617991,62.24613956617991,145.24099232108648,248.98455826471968
pitch_types,Chase,rate,2021.0,14,FA,316,0.2877675987698675,0.0057923263809591,0.002933842344192,0.002858484036767,,70.70143517747215,70.70143517747215,164.97001541410168,282.8057407098886
pitch_types,Chase,rate,2017.0,1,CU,337,0.3009346396430768,0.0085109675479349,0.0029514068181633,0.0055595607297715,,36.839856875636826,36.839856875636826,85.9596660431526,147.3594275025473
pitch_types,Chase,rate,2015.0,1,SI,384,0.2991412787097028,0.0053280412434487,0.0024797228688312,0.0028483183746174,,72.60686078844135,72.60686078844135,169.41600850636317,290.4274431537654
pitch_types,Chase,rate,2024.0,1,HC,36,0.2997299813703007,0.0062051048539502,0.0021974207460214,0.0040076841079287,,51.37237117137384,51.37237117137384,119.86886606653896,205.48948468549537
pitch_types,Chase,rate,2015.0,1,CU,318,0.3116939931277045,0.0086965063331143,0.0031329955514731,0.0055635107816412,,37.56213391079691,37.56213391079691,87.64497912519279,150.24853564318764
pitch_types,Chase,rate,2022.0,11,SI,155,0.2829676208311319,0.0066582348876093,0.0037920133668128,0.0028662215207964,,69.78899691462772,69.78899691462772,162.840992800798,279.15598765851087
pitch_types,Chase,rate,2022.0,1,CU,289,0.2970674583457411,0.0087562066184371,0.0030258582206904,0.0057303483977466,,35.440783185164605,35.440783185164605,82.69516076538407,141.76313274065842
pitch_types,Chase,rate,2023.0,1,SI,375,0.2902073282721096,0.0073596617576038,0.0027646602648556,0.0045950014927482,,43.82850227891344,43.82850227891344,102.26650531746468,175.3140091156538
pitch_types,Chase,rate,2024.0,14,CH,173,0.3151350659931083,0.0075644924451524,0.0045551284304658,0.0030093640146866,,70.71779655812176,70.71779655812176,165.00819196895077,282.87118623248705
pitch_types,Chase,rate,2022.0,14,CU,77,0.28669131164699,0.0083941647825356,0.0039382094257397,0.0044559553567958,,44.89350365937455,44.89350365937455,104.75150853854062,179.5740146374982
pitch_types,Chase,rate,2024.0,14,FA,309,0.2857160228162667,0.0055179642688549,0.0029873343925658,0.0025306298762891,,79.64489360316341,79.64489360316341,185.83808507404797,318.57957441265364
pitch_types,Chase,rate,2020.0,1,FA,505,0.2351721674941451,0.0047367532973994,0.0030998798988821,0.0016368733985172,,108.88401381143886,108.88401381143886,254.0626988933573,435.53605524575545
pitch_types,Chase,rate,2021.0,1,FA,656,0.2761934779468677,0.0043756260643952,0.0022528055702368,0.0021228204941584,,93.17218329886788,93.17218329886788,217.40176103069172,372.6887331954716
pitch_types,Chase,rate,2025.0,14,CU,84,0.2720744587493759,0.0089340691933791,0.0043907869314055,0.0045432822619736,,42.59182111647558,42.59182111647558,99.380915938443,170.36728446590232
pitch_types,Chase,rate,2024.0,1,CH,381,0.3589703304021773,0.008211269225218,0.0035822041201361,0.0046290651050818,,48.70995807350157,48.70995807350157,113.65656883817032,194.83983229400627
pitch_types,Chase,rate,2025.0,16,SL,24,0.3108388881695978,0.0072293155766219,0.008654646170166,1e-8,,21421806.377108607,21421806.377108607,49984214.87992008,85687225.50843444
pitch_types,Chase,rate,2021.0,1,CU,345,0.2888694687185155,0.0072484054811021,0.0032784149482183,0.0039699905328838,,50.74417849595586,50.74417849595586,118.40308315723034,202.97671398382343
pitch_types,Chase,rate,2022.0,11,CU,129,0.2473805253209954,0.0066743186303378,0.0034481781792711,0.0032261404510666,,56.71087893936727,56.71087893936727,132.32538419185698,226.8435157574691
pitch_types,Chase,rate,2025.0,14,SW,68,0.3125509045134902,0.0079434679970829,0.0040868764128388,0.003856591584244,,54.713142526966166,54.713142526966166,127.66399922958772,218.85257010786464
pitch_types,Chase,rate,2016.0,1,SW,16,0.3885075834565193,0.00970918314871,0.0027200215270701,0.0069891616216399,,32.99112138396254,32.99112138396254,76.97928322924594,131.96448553585017
pitch_types,Chase,rate,2024.0,11,HC,35,0.3092553490143465,0.0036733917007022,0.0032931008104548,0.0003802908902473,,560.7186306551498,560.7186306551498,1308.3434715286828,2242.8745226205992
pitch_types,Chase,rate,2021.0,1,SI,346,0.2862086721042307,0.0061235726793589,0.0027433621796261,0.0033802104997327,,59.4380313393835,59.4380313393835,138.68873979189485,237.752125357534
pitch_types,Chase,rate,2022.0,11,HC,10,0.2614189298655452,0.0015046110612817,0.0020029493989347,1e-8,,19307906.29734984,19307906.29734984,45051781.36048295,77231625.18939935
pitch_types,Chase,rate,2019.0,1,SI,350,0.2964804035057668,0.005540460587362,0.0025087689437398,0.0030316916436222,,67.79979838372108,67.79979838372108,158.19952956201587,271.1991935348844
pitch_types,Chase,rate,2024.0,11,FA,860,0.2908401093419183,0.0050590960236089,0.0027955943874714,0.0022635016361374,,90.12082661970314,90.12082661970314,210.2819287793073,360.48330647881255
pitch_types,Chase,rate,2023.0,11,CH,544,0.328837332154489,0.0086027632598497,0.0040776186858397,0.0045251445740099,,47.772660746268855,47.772660746268855,111.46954174129398,191.09064298507545
pitch_types,Chase,rate,2023.0,1,CU,276,0.2999805876999035,0.0070876762689688,0.0033267976234493,0.0037608786455195,,54.8359507168074,54.8359507168074,127.95055167255056,219.3438028672296
pitch_types,Chase,rate,2017.0,1,SI,375,0.2909596201024542,0.0042965584350473,0.0023522594524492,0.0019442989825981,,105.1061706140552,105.1061706140552,245.24773143279543,420.4246824562208
pitch_types,Chase,rate,2025.0,14,FA,330,0.2685802958190874,0.0055698224972303,0.0029788913576401,0.0025909311395902,,74.8202012840382,74.8202012840382,174.5804696627558,299.2808051361528
pitch_types,Chase,rate,2023.0,14,CH,166,0.3320172281629467,0.0068752367221915,0.0044985867613133,0.0023766499608781,,92.31697642339856,92.31697642339856,215.40627832126333,369.2679056935944
pitch_types,Chase,rate,2024.0,14,SW,72,0.300268549939738,0.0088668303690196,0.0038657351129145,0.005001095256105,,41.01226673303936,41.01226673303936,95.6952890437585,164.04906693215747
pitch_types,Chase,rate,2016.0,1,CU,330,0.305977521927785,0.0085013162715457,0.0029801409128709,0.0055211753586748,,37.46196945530199,37.46196945530199,87.4112620623713,149.847877821208
pitch_types,Chase,rate,2025.0,1,SL,561,0.32902656629275,0.0059852172526755,0.0029901450652726,0.0029950721874028,,72.71043873162468,72.71043873162468,169.6576903737909,290.8417549264987
pitch_types,Chase,rate,2025.0,11,CU,358,0.2698515678734368,0.0077606897122871,0.0040771665898302,0.0036835231224569,,52.49001285982563,52.49001285982563,122.47669667292648,209.96005143930256
pitch_types,Chase,rate,2024.0,11,CH,486,0.3322448594380166,0.0079091189534732,0.0039865154328887,0.0039226035205844,,55.55891849655327,55.55891849655327,129.63747649195764,222.2356739862131
pitch_types,Chase,rate,2021.0,1,FS,52,0.3800218560036512,0.005492985117352,0.0031972719861232,0.0022957131312288,,101.62834748742314,101.62834748742314,237.1328108039873,406.51338994969257
pitch_types,Chase,rate,2020.0,1,CH,276,0.3787082496326267,0.0107615026187865,0.0051434067040186,0.0056180959147678,,40.88043687085037,40.88043687085037,95.3876860319842,163.52174748340147
pitch_types,Chase,rate,2019.0,1,HC,29,0.2923418585735551,0.0040257533514414,0.001909916162979,0.0021158371884623,,96.7759996976222,96.7759996976222,225.81066596111845,387.1039987904888
pitch_types,Chase,rate,2024.0,11,SW,369,0.3132462364239775,0.0056205085909338,0.0035703059228308,0.002050202668103,,103.92769087518128,103.92769087518128,242.49794537542297,415.7107635007251
pitch_types,Chase,rate,2015.0,1,XX,62,0.1689567038429091,0.0152656052880609,0.0047281520516615,0.0105374532363994,,12.324883434303668,12.324883434303668,28.75806134670856,49.299533737214674
pitch_types,Chase,rate,2018.0,1,FS,54,0.4073997198098013,0.0064527439284561,0.0033549282565476,0.0030978156719084,,76.93400695140868,76.93400695140868,179.51268288662024,307.7360278056347
pitch_types,Chase,rate,2022.0,1,SI,361,0.296883429523042,0.0069872261034529,0.0026544311882443,0.0043327949152085,,47.177599651663286,47.177599651663286,110.081065853881,188.7103986066532
pitch_types,Chase,rate,2025.0,11,SL,803,0.3142238642772935,0.0062558243188484,0.0034784924259794,0.0027773318928689,,76.58785615403745,76.58785615403745,178.70499769275406,306.3514246161498
pitch_types,Chase,rate,2020.0,1,HC,19,0.2723721667431122,0.0067867339756211,0.0031578994501716,0.0036288345254494,,53.61411043597455,53.61411043597455,125.09959101727397,214.4564417438982
pitch_types,Chase,rate,2019.0,1,SL,559,0.3536410279267228,0.0061715015878778,0.0027655226843977,0.0034059789034801,,66.11111776414636,66.11111776414636,154.25927478300818,264.4444710565854
pitch_types,Chase,rate,2023.0,11,FA,863,0.2806956305253139,0.0047193765192495,0.0025929632591866,0.0021264132600629,,93.95124833981282,93.95124833981282,219.2195794595632,375.80499335925134
pitch_types,Chase,rate,2021.0,16,FA,11,0.303451450510274,0.0223773572571557,0.0079336901447097,0.0144436671124459,,13.634002988849756,13.634002988849756,31.812673640649432,54.53601195539903
pitch_types,Chase,rate,2025.0,1,FS,97,0.3772442895516415,0.0057769122284629,0.0031934305252431,0.0025834817032198,,89.93582325724286,89.93582325724286,209.8502542669,359.7432930289715
pitch_types,Chase,rate,2024.0,11,SL,742,0.3168162408726568,0.0064058749940616,0.0034075437040483,0.0029983312900133,,71.18805710793056,71.18805710793056,166.1054665851713,284.75222843172224
pitch_types,Chase,rate,2021.0,14,SI,65,0.2764186205471928,0.0065454774374253,0.0036645803275087,0.0028808971099166,,68.42676504256254,68.42676504256254,159.66245176597926,273.70706017025014
pitch_types,Chase,rate,2025.0,14,SL,269,0.306125387726414,0.0059609631331475,0.0037822842617978,0.0021786788713496,,96.49607319787545,96.49607319787545,225.15750412837605,385.9842927915018
pitch_types,Chase,rate,2024.0,14,SI,91,0.2712283546907561,0.005170471687523,0.0038714858355153,0.0012989858520076,,151.16758057603226,151.16758057603226,352.7243546774086,604.6703223041291
pitch_types,Chase,rate,2021.0,14,CU,109,0.2591189086080341,0.0094452337380074,0.0042704428654972,0.0051747908725101,,36.09836871469405,36.09836871469405,84.22952700095279,144.39347485877622
pitch_types,Chase,rate,2016.0,1,FS,56,0.4145374062212362,0.0047569552947013,0.0030533773726856,0.0017035779220156,,141.46260293009917,141.46260293009917,330.07940683689804,565.8504117203967
pitch_types,Chase,rate,2025.0,1,SW,296,0.3232466270043836,0.0062482728898607,0.0031740719863642,0.0030742009034965,,70.15938482935954,70.15938482935954,163.70523126850557,280.6375393174381
pitch_types,Chase,rate,2022.0,11,FA,358,0.278613598652747,0.0060540406498526,0.0033560329242044,0.0026980077256482,,73.49499102165255,73.49499102165255,171.48831238385594,293.9799640866102
pitch_types,Chase,rate,2022.0,11,CH,219,0.3421370908250093,0.010057461609855,0.0046657578968721,0.0053917037129829,,40.74548786218149,40.74548786218149,95.07280501175678,162.98195144872594
pitch_types,Chase,rate,2025.0,11,SW,380,0.3165486978527576,0.0060696192437559,0.0036910103451186,0.0023786088986372,,89.95468358183251,89.95468358183251,209.89426169094253,359.81873432733005
pitch_types,Chase,rate,2023.0,1,FS,75,0.360935648050345,0.0075087248909801,0.0034001923262924,0.0041085325646876,,55.1419685459784,55.1419685459784,128.6645932739496,220.56787418391363
pitch_types,Chase,rate,2022.0,1,CH,411,0.369568300376036,0.008602014614392,0.0036035960826115,0.0049984185317804,,45.6122575074188,45.6122575074188,106.42860085064385,182.4490300296752
pitch_types,Chase,rate,2019.0,1,FS,51,0.4106819027222526,0.0055703687325882,0.0034731852853544,0.0020971834472338,,114.40348452487818,114.40348452487818,266.9414638913824,457.6139380995127
pitch_types,Chase,rate,2023.0,11,SI,448,0.2763383277810837,0.0066859075206184,0.0032478756077995,0.0034380319128189,,57.16567776308774,57.16567776308774,133.38658144720472,228.662711052351
pitch_types,Chase,rate,2024.0,14,CU,81,0.2683685181620108,0.0082280231568155,0.0040174523395302,0.0042105708172852,,45.63188559030805,45.63188559030805,106.4743997107188,182.5275423612322
pitch_types,Chase,rate,2017.0,1,CH,381,0.3671811745560229,0.0079214229977609,0.0036321535937742,0.0042892694039867,,53.17219990698493,53.17219990698493,124.06846644963149,212.68879962793972
pitch_types,Chase,rate,2022.0,14,SL,210,0.3523750041424285,0.0076324925290223,0.0041857477045395,0.0034467448244827,,65.20938660067387,65.20938660067387,152.15523540157236,260.83754640269547
pitch_types,Chase,rate,2025.0,11,FS,107,0.3414058850293184,0.010793953333806,0.0043241049714054,0.0064698483624006,,33.75319576319028,33.75319576319028,78.75745678077732,135.0127830527611
pitch_types,Chase,rate,2024.0,1,FA,615,0.294108724286824,0.0051097534043743,0.0025108193984198,0.0025989340059544,,78.88228331675343,78.88228331675343,184.05866107242468,315.5291332670137
pitch_types,Chase,rate,2020.0,1,FS,47,0.3944105325383076,0.0097325810793837,0.0052853794605407,0.004447201618843,,52.708125880583786,52.708125880583786,122.9856270546955,210.8325035223352
pitch_types,Chase,rate,2025.0,1,SI,409,0.2885032161230452,0.0068747729140932,0.0030227866003289,0.0038519863137643,,52.28915881040711,52.28915881040711,122.00803722428326,209.1566352416285
pitch_types,Chase,rate,2025.0,11,FA,920,0.2910771577963479,0.0057806798315354,0.0029559036069753,0.0028247762245601,,72.05047536559543,72.05047536559543,168.117775853056,288.2019014623818
pitch_types,Chase,rate,2020.0,1,SL,438,0.3440671212491518,0.0074862664105238,0.004267934665624,0.0032183317448998,,69.12482093622626,69.12482093622626,161.2912488511946,276.49928374490503
pitch_types,Chase,rate,2025.0,14,SI,84,0.2758979446125625,0.0058757903429302,0.0038922700796564,0.0019835202632737,,99.7190460668112,99.7190460668112,232.6777741558928,398.87618426724487
pitch_types,Chase,rate,2024.0,11,FS,92,0.3372325730698218,0.0078463765248255,0.0040225333370086,0.0038238431878169,,57.45081865350521,57.45081865350521,134.05191019151215,229.80327461402084
pitch_types,Chase,rate,2016.0,1,HC,46,0.3222208730592713,0.0048406610634826,0.002352465297594,0.0024881957658885,,86.77226656287576,86.77226656287576,202.46862198004345,347.089066251503
pitch_types,Chase,rate,2015.0,1,SW,11,0.3658407189846421,0.0069951060065717,0.0033249176175981,0.0036701883889735,,62.21236479698121,62.21236479698121,145.16218452628948,248.84945918792485
pitch_types,Chase,rate,2022.0,1,FA,629,0.2795364388699736,0.004572436400169,0.002410568117444,0.002161868282725,,92.15822791942252,92.15822791942252,215.0358651453192,368.63291167769006
pitch_types,Chase,rate,2022.0,1,SW,212,0.3340921835980696,0.0050831284542315,0.0035513312813559,0.0015317971728756,,144.23763354328167,144.23763354328167,336.55447826765726,576.9505341731267
pitch_types,Chase,rate,2020.0,1,SW,53,0.3215418041534492,0.0054429738262624,0.0043266024466884,0.001116371379574,,194.4122761714248,194.4122761714248,453.6286443999912,777.6491046856993
pitch_types,Chase,rate,2024.0,11,CU,342,0.2728165231835861,0.0071246314774233,0.0038029929344289,0.0033216385429944,,58.7258447280545,58.7258447280545,137.02697103212716,234.903378912218
pitch_types,Chase,rate,2024.0,1,CU,268,0.3090679612570997,0.0079585905357272,0.0031904992396562,0.004768091296071,,43.78625582472425,43.78625582472425,102.16793025768992,175.145023298897
pitch_types,Chase,rate,2018.0,1,CH,387,0.3732856453093852,0.0093243014611414,0.00384829481868,0.0054760066424614,,41.72154648267298,41.72154648267298,97.35027512623694,166.8861859306919
pitch_types,Chase,rate,2023.0,1,CH,399,0.3550781030397847,0.0085018197615195,0.0036176061117902,0.0048842136497293,,45.88526346388289,45.88526346388289,107.06561474906007,183.5410538555316
pitch_types,Chase,rate,2024.0,1,SL,547,0.334654262735332,0.0059457980697115,0.002998190898569,0.0029476071711424,,74.53950517839863,74.53950517839863,173.9255120829301,298.1580207135945
pitch_types,Chase,rate,2024.0,1,SW,289,0.3256595673077949,0.0060474124801125,0.0031449148224787,0.0029024976576338,,74.6608409144147,74.6608409144147,174.20862880030097,298.6433636576588
pitch_types,Chase,rate,2023.0,1,SL,543,0.3359842513160798,0.0055199971062374,0.0027657953089839,0.0027542017972534,,80.00308205670702,80.00308205670702,186.67385813231635,320.0123282268281
pitch_types,Chase,rate,2023.0,14,SW,73,0.2897839389238746,0.0060418816488353,0.0038751089214389,0.0021667727273963,,93.98421549404532,93.98421549404532,219.29650281943907,375.9368619761813
pitch_types,Chase,rate,2023.0,14,CU,87,0.2544147257673468,0.0066916901205209,0.003897288265506,0.0027944018550148,,66.88138675890671,66.88138675890671,156.05656910411565,267.52554703562686
pitch_types,Chase,rate,2023.0,11,FS,78,0.3256338194493792,0.01144450741359,0.0043267554605429,0.0071177519530471,,29.85193703416133,29.85193703416133,69.65451974637644,119.40774813664532
pitch_types,Chase,rate,2016.0,1,FA,592,0.2756041769804032,0.003933279496254,0.0020954942458171,0.0018377852504368,,107.63430020667336,107.63430020667336,251.14670048223783,430.53720082669344
pitch_types,Chase,rate,2021.0,14,SL,205,0.3333155203442552,0.0080763445187168,0.0037639089198643,0.0043124355988524,,50.52918325343265,50.52918325343265,117.90142759134284,202.1167330137306
pitch_types,Chase,rate,2023.0,1,HC,30,0.2868667253617881,0.0039285963435746,0.0021422924923284,0.0017863038512461,,113.52374527395266,113.52374527395266,264.8887389725562,454.0949810958107
pitch_types,Chase,rate,2023.0,11,CU,343,0.2711071530905909,0.0070297160991774,0.0038117399967791,0.0032179761023982,,60.407561257659495,60.407561257659495,140.95097626787216,241.630245030638
pitch_types,Chase,rate,2021.0,1,CH,414,0.3607852686790729,0.0080256585481369,0.0037013999945985,0.0043242585535383,,52.331514692741074,52.331514692741074,122.10686761639585,209.32605877096432
pitch_types,Chase,rate,2022.0,14,SW,55,0.3268194538410325,0.0046434830396196,0.0034442827335827,0.0011992003060369,,182.46267702278695,182.46267702278695,425.74624638650295,729.8507080911479
pitch_types,Chase,rate,2015.0,1,FS,65,0.4148491109541428,0.0079865095170922,0.0036901655062867,0.0042963440108054,,55.50137081299251,55.50137081299251,129.5031985636492,222.00548325197005
pitch_types,Chase,rate,2025.0,1,FA,641,0.2995097058231908,0.0049912977586225,0.0025663505169155,0.002424947241707,,85.51884805263153,85.51884805263153,199.5439787894736,342.07539221052616
pitch_types,Chase,rate,2021.0,1,SL,576,0.3408740181409783,0.0053474224571751,0.0027893045207573,0.0025581179364178,,86.82977465535686,86.82977465535686,202.602807529166,347.31909862142743
pitch_types,Chase,rate,2023.0,11,SW,365,0.3106027140203964,0.0056364862499243,0.0033989000216493,0.0022375862282749,,94.69627545868369,94.69627545868369,220.9579760702619,378.7851018347348
pitch_types,Chase,rate,2022.0,1,HC,27,0.3090016147998967,0.0048533721153505,0.0022968309011354,0.0025565412142151,,82.51894178889829,82.51894178889829,192.54419750742932,330.0757671555932
pitch_types,Chase,rate,2018.0,1,SI,375,0.2961560504655491,0.0047932106589651,0.0025949466053888,0.0021982640535763,,93.82375145018436,93.82375145018436,218.9220867170968,375.2950058007374
pitch_types,Chase,rate,2021.0,1,SW,107,0.3470344273398014,0.0049053782037246,0.0032015685331359,0.0017038096705887,,131.9969758314818,131.9969758314818,307.99294360679085,527.9879033259272
pitch_types,Chase,rate,2016.0,1,SI,370,0.2970261225633062,0.0047002034235793,0.0024394156347829,0.0022607877887964,,91.35789670886037,91.35789670886037,213.16842565400748,365.4315868354414
pitch_types,Chase,rate,2022.0,14,CH,188,0.3529842434177546,0.0080741043881674,0.0051409153892224,0.0029331889989449,,76.86282009059121,76.86282009059121,179.3465802113795,307.45128036236486
pitch_types,Chase,rate,2015.0,1,FA,580,0.2770266948157576,0.0038852569452573,0.001904944970714,0.0019803119745433,,100.13704696523988,100.13704696523988,233.6531095855597,400.5481878609596
pitch_types,Chase,rate,2016.0,1,CH,371,0.3796570339029811,0.008427717111191,0.0038970355523331,0.0045306815588578,,50.98281261911109,50.98281261911109,118.9598961112592,203.93125047644435
pitch_types,Chase,rate,2021.0,1,HC,27,0.2978286618106889,0.0099810286621349,0.0027798746670563,0.0072011539950785,,28.040727383092374,28.040727383092374,65.4283638938822,112.16290953236953
pitch_types,Chase,rate,2021.0,14,SW,26,0.3030188034843248,0.0104239078321527,0.0045679375406436,0.005855970291509,,35.06548491639062,35.06548491639062,81.81946480491146,140.2619396655625
pitch_types,Chase,rate,2020.0,1,SI,253,0.2810212649066373,0.0072216985446263,0.0037442333195245,0.0034774652251018,,57.10218089844237,57.10218089844237,133.23842209636553,228.40872359376948
pitch_types,Chase,rate,2022.0,11,SL,273,0.325064313079587,0.0069666254403665,0.0039131512193201,0.0030534742210463,,70.85176279840988,70.85176279840988,165.3207798629564,283.4070511936395
pitch_types,Chase,rate,2018.0,1,CU,332,0.3065518471725942,0.0065850153443851,0.0029761218344289,0.0036088935099561,,57.90387499138086,57.90387499138086,135.10904164655534,231.61549996552344
pitch_types,Chase,rate,2019.0,1,FA,652,0.2423505422074761,0.0033390335029085,0.0020391327863379,0.0012999007165705,,140.25444701933694,140.25444701933694,327.26037637845286,561.0177880773477
pitch_types,Chase,rate,2024.0,1,FS,81,0.3966233914531173,0.0035278924799744,0.0029861493351152,0.0005417431448591,,440.74675596044,440.74675596044,1028.4090972410268,1762.9870238417602
pitch_types,Chase,rate,2016.0,1,SL,491,0.3587247130454877,0.0075126137025936,0.0030256665839528,0.0044869471186408,,50.269000327689305,50.269000327689305,117.29433409794171,201.07600131075725
pitch_types,Chase,rate,2022.0,11,FS,17,0.3516535232232018,0.0089081691056804,0.0056065113650137,0.0033016577406667,,68.05419662968166,68.05419662968166,158.79312546925718,272.2167865187266
pitch_types,Chase,rate,2025.0,14,CH,150,0.3157982885950921,0.0067718107096663,0.004638173241389,0.0021336374682773,,100.26824857924537,100.26824857924537,233.95924668490585,401.0729943169815
pitch_types,Chase,rate,2023.0,14,SI,73,0.2756812748551712,0.0039305532014542,0.0037277825682355,0.0002027706332187,,983.7634560275308,983.7634560275308,2295.4480640642387,3935.053824110124
pitch_types,Chase,rate,2022.0,16,FA,16,0.2959777764354262,0.0103327625717668,0.0073188418482622,0.0030139207235046,,68.13749610821473,68.13749610821473,158.9874909191677,272.54998443285893
pitch_types,Chase,rate,2017.0,1,SW,22,0.3383125896346638,0.0075268519641238,0.0021572088776625,0.0053696430864612,,40.68939680437469,40.68939680437469,94.94192587687428,162.75758721749878
pitch_types,CSW,rate,2016.0,1,FS,63,0.2518431005797583,0.0038666589059934,0.0024603233855772,0.0014063355204161,,132.9780945121678,132.9780945121678,310.2822205283915,531.9123780486711
pitch_types,CSW,rate,2024.0,11,CU,394,0.3044517112382658,0.0052790800770729,0.0034583477538061,0.0018207323232667,,115.30532619007532,115.30532619007532,269.04576111017576,461.2213047603013
pitch_types,CSW,rate,2025.0,1,HC,39,0.2688232414695547,0.0029292693931236,0.0019317200724567,0.0009975493206669,,196.04018863342645,196.04018863342645,457.4271068113284,784.1607545337058
pitch_types,CSW,rate,2017.0,1,CH,419,0.2412111757901212,0.004723142263617,0.0025507053067652,0.0021724369568518,,83.25024435659711,83.25024435659711,194.25057016539324,333.0009774263885
pitch_types,CSW,rate,2024.0,11,FA,952,0.2588234497823944,0.0036015788108403,0.0020788147955923,0.001522764015248,,124.9774132460638,124.9774132460638,291.6139642408156,499.9096529842552
pitch_types,CSW,rate,2023.0,11,SI,502,0.2589761858295387,0.0032463160043082,0.0023670764375926,0.0008792395667155,,217.2653377618061,217.2653377618061,506.95245477754753,869.0613510472245
pitch_types,CSW,rate,2022.0,16,FA,27,0.2596447712303383,0.0143903407545437,0.0056336497273804,0.0087566910271632,,20.95228350603992,20.95228350603992,48.88866151409315,83.80913402415969
pitch_types,CSW,rate,2015.0,1,CU,353,0.3085450012627534,0.0045883739609928,0.0027293284049492,0.0018590455560435,,113.7604924284725,113.7604924284725,265.44114899976915,455.04196971389007
pitch_types,CSW,rate,2025.0,1,SW,323,0.2928870431003725,0.005257655102463,0.002433072228363,0.0028245828741,,72.32205579214174,72.32205579214174,168.7514635149974,289.28822316856696
pitch_types,CSW,rate,2021.0,1,HC,27,0.2692128524599337,0.0023222661205687,0.0015268868052054,0.0007953793153632,,246.3502751834291,246.3502751834291,574.8173087613345,985.4011007337164
pitch_types,CSW,rate,2024.0,1,CH,411,0.228052582439285,0.0042904204302737,0.002348918557198,0.0019415018730757,,89.6744435961665,89.6744435961665,209.24036839105517,358.697774384666
pitch_types,CSW,rate,2025.0,11,SL,892,0.2991014162214425,0.0045469795945575,0.0026122856441851,0.0019346939503724,,107.35809922050773,107.35809922050773,250.502231514518,429.4323968820309
pitch_types,CSW,rate,2023.0,1,CU,299,0.293556919018084,0.005364231285622,0.0026680146471762,0.0026962166384457,,75.91564963943051,75.91564963943051,177.13651582533785,303.66259855772205
pitch_types,CSW,rate,2025.0,1,FS,101,0.2427089013228083,0.0038076020602304,0.0020558464022818,0.0017517556579486,,103.92404560389495,103.92404560389495,242.48943974242152,415.6961824155798
pitch_types,CSW,rate,2021.0,14,SI,76,0.2389951691018596,0.0056220479039388,0.0026933027305291,0.0029287451734097,,61.10047903760954,61.10047903760954,142.56778442108893,244.40191615043813
pitch_types,CSW,rate,2017.0,1,FS,53,0.2607350322265898,0.002627121699942,0.0020956361708917,0.0005314855290502,,361.6670241442551,361.6670241442551,843.8897230032619,1446.6680965770204
pitch_types,CSW,rate,2022.0,14,CH,216,0.2747142304908235,0.0082818023502159,0.0038703406725186,0.0044114616776973,,44.16560192826172,44.16560192826172,103.053071165944,176.66240771304686
pitch_types,CSW,rate,2017.0,1,FA,636,0.2639152040490293,0.0024373650971358,0.0014900553420912,0.0009473097550445,,204.06911080172745,204.06911080172745,476.161258537364,816.2764432069098
pitch_types,CSW,rate,2023.0,14,SW,84,0.3184417432202979,0.0055110795163519,0.0034850248575524,0.0020260546587994,,106.12277600828398,106.12277600828398,247.61981068599596,424.491104033136
pitch_types,CSW,rate,2015.0,1,XX,81,0.1575074138997617,0.0111772385876242,0.0041451895647195,0.0070320490229046,,17.870577840704307,17.870577840704307,41.69801496164339,71.48231136281723
pitch_types,CSW,rate,2018.0,1,HC,36,0.2714212570941903,0.0020053397238491,0.001281693904425,0.000723645819424,,272.2714720151177,272.2714720151177,635.3001013686081,1089.085888060471
pitch_types,CSW,rate,2023.0,14,CH,187,0.2631472024823937,0.0071312752073298,0.0034061975745154,0.0037250776328143,,51.05280840324094,51.05280840324094,119.1232196075622,204.21123361296375
pitch_types,CSW,rate,2025.0,14,SW,78,0.304394675671054,0.0054294614093841,0.0035447068179953,0.0018847545913887,,111.34277293265468,111.34277293265468,259.7998035095276,445.3710917306188
pitch_types,CSW,rate,2025.0,1,SL,613,0.2866380534123144,0.0037890014200196,0.0021825260934463,0.0016064753265733,,126.28280127679838,126.28280127679838,294.6598696458629,505.1312051071935
pitch_types,CSW,rate,2020.0,1,FS,49,0.2676493727013416,0.0050590092423104,0.0032752024651603,0.00178380677715,,108.88476358806344,108.88476358806344,254.06444837214804,435.5390543522538
pitch_types,CSW,rate,2022.0,11,FA,425,0.264524322614009,0.0042663454634289,0.0027479540807991,0.0015183913826298,,127.1298139499755,127.1298139499755,296.63623254994286,508.519255799902
pitch_types,CSW,rate,2019.0,1,HC,31,0.2698062024626941,0.0023619070594746,0.0014112722868308,0.0009506347726437,,206.2413309976645,206.2413309976645,481.22977232788384,824.9653239906581
pitch_types,CSW,rate,2018.0,1,SW,32,0.3563491605333825,0.0028412512504932,0.0017802579396676,0.0010609933108256,,215.17896548476224,215.17896548476224,502.0842527977785,860.7158619390489
pitch_types,CSW,rate,2023.0,1,CH,435,0.229425019566356,0.0048370165105497,0.0024509043567298,0.0023861121538198,,73.09089286952289,73.09089286952289,170.5454166955534,292.3635714780916
pitch_types,CSW,rate,2021.0,1,CU,378,0.3029757479291722,0.0046433422789301,0.002848867355049,0.001794474923881,,116.68425475636482,116.68425475636482,272.2632610981846,466.7370190254593
pitch_types,CSW,rate,2020.0,1,FA,570,0.2740566169110848,0.0036327482911478,0.0025007582556444,0.0011319900355034,,174.752066183033,174.752066183033,407.75482109374366,699.008264732132
pitch_types,CSW,rate,2021.0,14,SW,27,0.3163155926394476,0.0085261293199789,0.0032855298424457,0.0052405994775331,,40.26627868046861,40.26627868046861,93.95465025442677,161.0651147218745
pitch_types,CSW,rate,2023.0,11,HC,34,0.2773037682367731,0.0030231045224935,0.0018980597459351,0.0011250447765583,,177.1319219769364,177.1319219769364,413.30781794618497,708.5276879077456
pitch_types,CSW,rate,2024.0,14,CU,91,0.326613082045564,0.0046977277898145,0.0037148174382674,0.000982910351547,,222.76097304916317,222.76097304916317,519.7756037813807,891.0438921966527
pitch_types,CSW,rate,2019.0,1,SI,377,0.2472671948917974,0.0028133923060574,0.0017331492204996,0.0010802430855577,,171.30022733821465,171.30022733821465,399.7005304558341,685.2009093528585
pitch_types,CSW,rate,2018.0,1,CH,419,0.243621232610276,0.0042660967618318,0.002603499775596,0.0016625969862358,,109.83258850896956,109.83258850896956,256.2760398542623,439.3303540358783
pitch_types,CSW,rate,2017.0,1,SW,23,0.3720620564047648,0.0037549130171214,0.0017091922297397,0.0020457207873816,,113.20516623270326,113.20516623270326,264.1453878763076,452.8206649308131
pitch_types,CSW,rate,2024.0,14,SI,109,0.2643717268453572,0.0028462366592168,0.0030782903683798,1e-8,,19447930.689016107,19447930.689016107,45378504.94103759,77791722.75606443
pitch_types,CSW,rate,2022.0,11,SL,334,0.3055066981517842,0.0068099448558899,0.0035215141265017,0.0032884307293882,,63.52085295275548,63.52085295275548,148.21532355642944,254.0834118110219
pitch_types,CSW,rate,2025.0,16,FA,137,0.2603696595288188,0.0066333959535746,0.005815108216867,0.0008182877367075,,234.34178906372867,234.34178906372867,546.7975078153669,937.3671562549148
pitch_types,CSW,rate,2022.0,11,XX,10,0.2477245484715317,0.0044416410424887,0.0051123846832728,1e-8,,18635708.655610744,18635708.655610744,43483320.196425065,74542834.62244299
pitch_types,CSW,rate,2025.0,11,CU,425,0.3087961442168209,0.0057565003304104,0.0037685017231813,0.0019879986072291,,106.3648063723457,106.3648063723457,248.18454820214,425.4592254893828
pitch_types,CSW,rate,2025.0,11,SI,565,0.2666148379115633,0.0041688325317991,0.002726598330056,0.001442234201743,,134.57532187257706,134.57532187257706,314.0090843693465,538.3012874903083
pitch_types,CSW,rate,2023.0,14,FS,11,0.3020338889067781,0.0122120689407476,0.0036800965989777,0.0085319723417699,,23.70816950807122,23.70816950807122,55.319062185499504,94.83267803228487
pitch_types,CSW,rate,2025.0,14,FA,378,0.2722291671838212,0.0045453952830662,0.0025341118762015,0.0020112834068646,,97.50449073562774,97.50449073562774,227.51047838313136,390.017962942511
pitch_types,CSW,rate,2022.0,1,CH,446,0.2354888423927758,0.004731749692056,0.0023628164085701,0.0023689332834859,,74.9978547122102,74.9978547122102,174.99499432849046,299.9914188488408
pitch_types,CSW,rate,2025.0,14,CU,97,0.3078285634389147,0.0044628578061681,0.0039180479307049,0.0005448098754632,,390.0908163859649,390.0908163859649,910.2119049005848,1560.3632655438596
pitch_types,CSW,rate,2024.0,14,CH,206,0.2618299443064444,0.0067564699137333,0.0036867029466468,0.0030697669670865,,61.960813196306255,61.960813196306255,144.57523079138124,247.84325278522505
pitch_types,CSW,rate,2023.0,11,CU,393,0.3037745378336841,0.0044306554062202,0.0034352642917746,0.0009953911144455,,211.47484021939368,211.47484021939368,493.44129384525183,845.8993608775746
pitch_types,CSW,rate,2021.0,14,CH,209,0.2724042871645612,0.0063117415752625,0.0039712151561077,0.0023405264191547,,83.6818860393402,83.6818860393402,195.2577340917938,334.72754415736085
pitch_types,CSW,rate,2025.0,14,CH,180,0.2625555549641227,0.0062371941751569,0.003782219827278,0.0024549743478788,,77.86849640155933,77.86849640155933,181.6931582703051,311.4739856062373
pitch_types,CSW,rate,2020.0,1,CH,325,0.2551191506528436,0.0054734748939164,0.0037170641764965,0.0017564107174198,,107.19415284721715,107.19415284721715,250.11968997684005,428.77661138886873
pitch_types,CSW,rate,2021.0,1,FA,716,0.2691977694042096,0.0026886984384688,0.0017628815500043,0.0009258168884644,,211.49378014512675,211.49378014512675,493.4854870052957,845.9751205805071
pitch_types,CSW,rate,2015.0,1,HC,58,0.2436107360928306,0.0030292818888382,0.0016335170043543,0.0013957648844838,,131.0168943935564,131.0168943935564,305.7060869182983,524.0675775742257
pitch_types,CSW,rate,2024.0,11,CH,559,0.2364933195844671,0.0052182454579704,0.0028881556721988,0.0023300897857715,,76.49239127134926,76.49239127134926,178.48224629981496,305.96956508539705
pitch_types,CSW,rate,2018.0,1,CU,364,0.3102761349787204,0.0052344588870132,0.0025593198428704,0.0026751390441428,,78.99765676103696,78.99765676103696,184.3278657757529,315.99062704414786
pitch_types,CSW,rate,2023.0,11,FS,88,0.2379556715931139,0.0068718782014654,0.0032164197489751,0.0036554584524903,,48.60602679706263,48.60602679706263,113.41406252647946,194.4241071882505
pitch_types,CSW,rate,2025.0,1,FA,699,0.2645552893148903,0.0029848352051325,0.0018773784994344,0.001107456705698,,174.6870378853885,174.6870378853885,407.6030883992398,698.748151541554
pitch_types,CSW,rate,2020.0,1,CU,300,0.3124302973392339,0.0061899848896673,0.0040160113603569,0.0021739735293104,,97.81334972458932,97.81334972458932,228.23114935737507,391.2533988983573
pitch_types,CSW,rate,2024.0,14,FS,11,0.2604739541458692,0.0035524305449234,0.0036965507297578,1e-8,,19262726.335748486,19262726.335748486,44946361.4500798,77050905.34299394
pitch_types,CSW,rate,2023.0,11,CH,617,0.2368865813044842,0.0053004298373642,0.0029244226407973,0.0023760071965669,,75.0819786924698,75.0819786924698,175.19128361576287,300.32791476987927
pitch_types,CSW,rate,2022.0,11,HC,13,0.2541388219526267,0.004001554444951,0.0023991930175481,0.0016023614274029,,117.29558418438263,117.29558418438263,273.6896964302261,469.18233673753065
pitch_types,CSW,rate,2022.0,11,SW,127,0.3102030106324562,0.0063233954536182,0.0035185874012824,0.0028048080523357,,75.28939265516595,75.28939265516595,175.67524952872057,301.1575706206638
pitch_types,CSW,rate,2021.0,1,SW,114,0.3182882254023415,0.0033538659546598,0.0024418980090057,0.0009119679456541,,236.9259402773544,236.9259402773544,552.8271939804935,947.7037611094177
pitch_types,CSW,rate,2021.0,14,FA,352,0.2720988714345617,0.0048160321485834,0.0022898399280479,0.0025261922205355,,77.4030106610856,77.4030106610856,180.6070248758664,309.6120426443424
pitch_types,CSW,rate,2023.0,14,FA,342,0.2685659139161468,0.0036307397067349,0.0026183046936683,0.0010124350130666,,193.0255535054355,193.0255535054355,450.39295817934953,772.1022140217422
pitch_types,CSW,rate,2022.0,1,SW,228,0.2960265674863083,0.0050496275642128,0.0025839329749921,0.0024656945892206,,83.51770131614222,83.51770131614222,194.87463640433185,334.0708052645689
pitch_types,CSW,rate,2025.0,11,FS,127,0.2351499988256978,0.0072611608074781,0.0032234478654046,0.0040377129420734,,43.54365118527036,43.54365118527036,101.60185276563084,174.17460474108145
pitch_types,CSW,rate,2024.0,1,CU,299,0.3047649959567042,0.0047730361209539,0.0027455388513697,0.0020274972695841,,103.50484761425504,103.50484761425504,241.5113110999284,414.01939045702017
pitch_types,CSW,rate,2024.0,11,HC,41,0.2650560551675888,0.0039068230918342,0.0025192879930155,0.0013875350988186,,139.39381270602294,139.39381270602294,325.25222964738686,557.5752508240918
pitch_types,CSW,rate,2025.0,14,SI,105,0.2661448908878115,0.0061545816403211,0.0032690972528386,0.0028854843874824,,66.68769527550008,66.68769527550008,155.60462230950017,266.7507811020004
pitch_types,CSW,rate,2025.0,14,SL,307,0.3063703833167093,0.0050729581004114,0.003154862435558,0.0019180956648533,,109.7909138407492,109.7909138407492,256.17879896174816,439.1636553629968
pitch_types,CSW,rate,2022.0,1,HC,29,0.2537997214502251,0.0038226505214078,0.0016269548897055,0.0021956956317023,,85.253039860165,85.253039860165,198.92375967371837,341.01215944066007
pitch_types,CSW,rate,2021.0,14,CU,127,0.3119650755668273,0.0080249981630061,0.0041621013857607,0.0038628967772453,,54.56526088343277,54.56526088343277,127.31894206134312,218.2610435337311
pitch_types,CSW,rate,2025.0,16,SL,50,0.3709194981011686,0.008713993767198,0.0076768420057753,0.0010371517614227,,223.9798271657612,223.9798271657612,522.6195967201095,895.9193086630448
pitch_types,CSW,rate,2019.0,1,SW,44,0.345320523902811,0.0036485200140187,0.0019008614452626,0.0017476585687561,,128.35836765599217,128.35836765599217,299.5028578639817,513.4334706239688
pitch_types,CSW,rate,2020.0,1,SW,57,0.3127965223739781,0.0045223358202863,0.0033829787763859,0.0011393570439004,,187.66329840630763,187.66329840630763,437.88102961471776,750.6531936252305
pitch_types,CSW,rate,2016.0,1,HC,49,0.2553339029772902,0.0022874393748668,0.0015416106902197,0.0007458286846471,,253.93589195705917,253.93589195705917,592.517081233138,1015.7435678282366
pitch_types,CSW,rate,2022.0,14,CU,91,0.3274184725023537,0.0076265768892015,0.0039657487149573,0.0036608281742441,,59.15458958601469,59.15458958601469,138.02737570070096,236.6183583440588
pitch_types,CSW,rate,2025.0,16,CU,11,0.3224779703959013,0.0144797135113121,0.0070887862615448,0.0073909272497673,,28.561369178964565,28.561369178964565,66.64319475091732,114.24547671585827
pitch_types,CSW,rate,2018.0,1,FA,683,0.2643477481950675,0.00279957374525,0.0016427684087385,0.0011568053365114,,167.10781389175696,167.10781389175696,389.9182324140996,668.4312555670278
pitch_types,CSW,rate,2021.0,1,CH,452,0.2370818745839013,0.0040508189283285,0.0025439791636891,0.0015068397646393,,119.03536379395588,119.03536379395588,277.74918218589704,476.1414551758236
pitch_types,CSW,rate,2025.0,11,SW,435,0.2998703346342499,0.0053504557552544,0.0029980558580568,0.0023523998971975,,88.24848079219367,88.24848079219367,205.9131218484519,352.9939231687747
pitch_types,CSW,rate,2015.0,1,FA,607,0.2670846889825863,0.0020484628229863,0.0013324026195026,0.0007160602034837,,272.37150834708603,272.37150834708603,635.5335194765341,1089.486033388344
pitch_types,CSW,rate,2015.0,1,FS,68,0.2475154876802577,0.0052122855436649,0.0023558081637398,0.0028564773799251,,64.20323680754785,64.20323680754785,149.807552550945,256.8129472301914
pitch_types,CSW,rate,2016.0,1,FA,619,0.2661576225581997,0.0020610133287664,0.0014288163052927,0.0006321970234737,,307.9507467769389,307.9507467769389,718.5517424795241,1231.8029871077556
pitch_types,CSW,rate,2017.0,1,CU,361,0.3054132262437235,0.0051863209921996,0.0024114575876406,0.002774863404559,,75.44916399509596,75.44916399509596,176.04804932189057,301.79665598038383
pitch_types,CSW,rate,2023.0,1,SW,290,0.2966291535823466,0.0047036203982731,0.0024101083997084,0.0022935119985647,,89.96978736450255,89.96978736450255,209.92950385050597,359.87914945801026
pitch_types,CSW,rate,2025.0,11,CH,612,0.2349659776981767,0.0058250524722205,0.0031238817146195,0.0027011707576009,,65.547798400634,65.547798400634,152.94486293481265,262.19119360253603
pitch_types,CSW,rate,2022.0,1,CU,321,0.3120290279591405,0.0048559133080278,0.0027590176962503,0.0020968956117775,,101.3736768126691,101.3736768126691,236.5385792295612,405.4947072506764
pitch_types,CSW,rate,2025.0,11,HC,39,0.2676813695815302,0.00333778437712,0.0016554215283813,0.0016823628487387,,115.51948573843636,115.51948573843636,269.5454667230182,462.0779429537455
pitch_types,CSW,rate,2023.0,14,SI,93,0.2525508452123026,0.0045175462667445,0.0032427616396759,0.0012747846270686,,147.07906511151697,147.07906511151697,343.18448526020626,588.3162604460679
pitch_types,CSW,rate,2022.0,11,CU,154,0.315643898246025,0.0059480660508798,0.0036277242194328,0.002320341831447,,92.09526071482682,92.09526071482682,214.88894166792923,368.38104285930734
pitch_types,CSW,rate,2022.0,11,SI,205,0.26257630222567,0.0045278625137802,0.0033244384027643,0.0012034241110159,,159.89920915054685,159.89920915054685,373.0981546846093,639.5968366021874
pitch_types,CSW,rate,2025.0,1,SI,454,0.2765959113624706,0.0033525332852177,0.0021501229784457,0.001202410306772,,165.40793251115696,165.40793251115696,385.9518425260329,661.631730044628
pitch_types,CSW,rate,2025.0,14,FS,28,0.2861045052845277,0.0055341661291934,0.0037078587535481,0.0018263073756453,,110.8369887041904,110.8369887041904,258.61964030977754,443.3479548167616
pitch_types,CSW,rate,2024.0,11,SW,406,0.3025068856008211,0.0049023874773459,0.0028114879432008,0.002090899534145,,99.91181633515612,99.91181633515612,233.12757144869764,399.6472653406246
pitch_types,CSW,rate,2023.0,1,SL,583,0.2917285549178823,0.0038422223771809,0.0020285402863433,0.0018136820908376,,112.92459913853077,112.92459913853077,263.49073132323844,451.6983965541231
pitch_types,CSW,rate,2024.0,1,HC,38,0.2684143431666467,0.0032606880494501,0.001556772178746,0.001703915870704,,114.24517549562098,114.24517549562098,266.57207615644893,456.980701982484
pitch_types,CSW,rate,2025.0,1,CH,422,0.2265770025497832,0.0043910605567207,0.0023354036206327,0.002055656936088,,84.24762152133546,84.24762152133546,196.57778354978277,336.99048608534184
pitch_types,CSW,rate,2022.0,1,FA,688,0.2653937959190345,0.0031445404620281,0.0018151655121701,0.001329374949858,,145.65533529689398,145.65533529689398,339.862449026086,582.6213411875759
pitch_types,CSW,rate,2021.0,1,SI,376,0.2593301881680997,0.0031412239605591,0.0019613775741031,0.0011798463864559,,161.7991947746361,161.7991947746361,377.53145447415096,647.1967790985445
pitch_types,CSW,rate,2024.0,14,SL,259,0.3116857897246622,0.0065224365079701,0.003316889107515,0.0032055474004551,,65.92702724592883,65.92702724592883,153.8297302405006,263.7081089837153
pitch_types,CSW,rate,2017.0,1,HC,37,0.2567306380251627,0.0029662040207113,0.0013306942957762,0.0016355097249351,,115.67311701978412,115.67311701978412,269.90393971282964,462.69246807913646
pitch_types,CSW,rate,2016.0,1,CU,369,0.306394550943674,0.0057676033429014,0.0026483697315811,0.0031192336113203,,67.1311362266785,67.1311362266785,156.63931786224984,268.524544906714
pitch_types,CSW,rate,2021.0,1,FS,55,0.2549196425312733,0.0044975421827642,0.0021292433318958,0.0023682988508684,,79.19917685361037,79.19917685361037,184.79807932509087,316.79670741444147
pitch_types,CSW,rate,2025.0,1,CU,304,0.3009956886128082,0.0041207785335729,0.0023364598540469,0.0017843186795259,,116.91463400764567,116.91463400764567,272.8008126845065,467.6585360305828
pitch_types,CSW,rate,2022.0,14,SW,61,0.3337453560331818,0.0065737895890206,0.0030900432863511,0.0034837463026695,,62.82766540407333,62.82766540407333,146.59788594283776,251.31066161629332
pitch_types,CSW,rate,2021.0,1,SL,616,0.2945731143019138,0.0041786958424082,0.0020541993176041,0.002124496524804,,96.81131303641308,96.81131303641308,225.8930637516305,387.24525214565233
pitch_types,CSW,rate,2017.0,1,SI,388,0.2441332421747335,0.0025558318804689,0.0014351376842423,0.0011206941962266,,163.6588363367107,163.6588363367107,381.8706181189916,654.6353453468429
pitch_types,CSW,rate,2021.0,14,SL,242,0.3308419375618571,0.0065502469490603,0.0034260686317367,0.0031241783173235,,69.86200831898407,69.86200831898407,163.01135274429615,279.44803327593627
pitch_types,CSW,rate,2018.0,1,SI,393,0.2434168268795593,0.0034605533453352,0.0016374311510435,0.0018231221942917,,100.01630919094312,100.01630919094312,233.37138811220063,400.0652367637725
pitch_types,CSW,rate,2022.0,14,SL,241,0.3313432209149798,0.0078590468924601,0.003496125649058,0.0043629212434021,,49.78131795381664,49.78131795381664,116.1564085589055,199.12527181526656
pitch_types,CSW,rate,2015.0,1,SW,12,0.3468839175947719,0.0045890491045263,0.0025416343591741,0.0020474147453521,,109.65440738042092,109.65440738042092,255.8602838876488,438.6176295216837
pitch_types,CSW,rate,2019.0,1,CU,374,0.3089267846142092,0.0048626698095073,0.0024734848006845,0.0023891850088227,,88.35726014258172,88.35726014258172,206.16694033269067,353.4290405703269
pitch_types,CSW,rate,2024.0,1,SW,309,0.2927831868830509,0.0037095066456154,0.0023044317480695,0.0014050748975458,,146.3666583349479,146.3666583349479,341.5222027815451,585.4666333397917
pitch_types,CSW,rate,2021.0,14,XX,11,0.3055269817193668,0.0052135210081192,0.0066053619117864,1e-8,,21218023.51608205,21218023.51608205,49508721.53752478,84872094.06432821
pitch_types,CSW,rate,2015.0,1,SL,516,0.2984965986012933,0.0056703394168348,0.0020060917923054,0.0036642476245293,,56.1458047275523,56.1458047275523,131.00687769762203,224.5832189102092
pitch_types,CSW,rate,2022.0,1,SI,387,0.2673439742533889,0.0032370526535772,0.0017836215225033,0.0014534311310739,,133.76467477276165,133.76467477276165,312.1175744697772,535.0586990910466
pitch_types,CSW,rate,2019.0,1,SL,586,0.2987241741697005,0.0042689521169696,0.0019260046156927,0.0023429475012768,,88.41217924096219,88.41217924096219,206.29508489557844,353.6487169638488
pitch_types,CSW,rate,2024.0,1,FS,90,0.2439327495190701,0.004010283285787,0.0022915768049851,0.0017187064808019,,106.30719019869048,106.30719019869048,248.05011046361116,425.228760794762
pitch_types,CSW,rate,2023.0,1,FS,82,0.240411399329857,0.0057926253094398,0.002502078450191,0.0032905468592487,,54.49647709432905,54.49647709432905,127.15844655343444,217.98590837731624
pitch_types,CSW,rate,2022.0,1,FS,63,0.2428281302305961,0.0047485117039425,0.0026294404813666,0.0021190712225758,,85.76566763801874,85.76566763801874,200.11989115537705,343.062670552075
pitch_types,CSW,rate,2025.0,16,SI,19,0.2533760302415665,0.0055570053071861,0.0071294467176861,1e-8,,18917660.75405913,18917660.75405913,44141208.42613797,75670643.01623651
pitch_types,CSW,rate,2024.0,14,FA,345,0.2740796361660999,0.0039112802389238,0.0023959259449046,0.0015153542940192,,130.2960209968106,130.2960209968106,304.02404899255805,521.1840839872424
pitch_types,CSW,rate,2019.0,1,FA,703,0.2676828768405433,0.0025862791401564,0.0016528169250468,0.0009334622151095,,209.0018095150292,209.0018095150292,487.6708888684014,836.0072380601167
pitch_types,CSW,rate,2022.0,11,CH,252,0.2522800394455046,0.0062912522246779,0.0033347793889934,0.0029564728356844,,62.80400958401073,62.80400958401073,146.54268902935837,251.2160383360429
pitch_types,CSW,rate,2023.0,1,SI,407,0.2743512853715363,0.0032356681234311,0.0018859646103143,0.0013497035131167,,146.50102941259547,146.50102941259547,341.8357352960561,586.0041176503819
pitch_types,CSW,rate,2020.0,1,SL,481,0.3036210407525718,0.0056174457293799,0.0031210496030478,0.002496396126332,,83.6962155303285,83.6962155303285,195.2911695707665,334.784862121314
pitch_types,CSW,rate,2022.0,14,SI,90,0.2447413482659008,0.0047956989778113,0.003084138083486,0.0017115608943253,,106.99675391494004,106.99675391494004,249.65909246819336,427.9870156597602
pitch_types,CSW,rate,2016.0,1,SW,16,0.3845897766264938,0.0053268202374743,0.0015572969850922,0.003769523252382,,61.78790830944313,61.78790830944313,144.1717860553673,247.15163323777256
pitch_types,CSW,rate,2025.0,16,CH,15,0.3556502428723979,0.0079392404400378,0.0086755843724833,1e-8,,22916313.761720225,22916313.761720225,53471398.77734719,91665255.0468809
pitch_types,CSW,rate,2023.0,11,SW,410,0.2986904406783583,0.0050309722603828,0.0027964729835882,0.0022344992767945,,92.74559370017856,92.74559370017856,216.40638530041667,370.9823748007143
pitch_types,CSW,rate,2015.0,1,SI,409,0.2380082164506253,0.0031512828349959,0.0016939606658729,0.001457322169123,,123.44764047043576,123.44764047043576,288.0444944310168,493.7905618817431
pitch_types,CSW,rate,2023.0,14,CU,100,0.3167981748967597,0.0056636165099415,0.0038514743225602,0.0018121421873812,,118.43714615000384,118.43714615000384,276.35334101667564,473.7485846000154
pitch_types,CSW,rate,2022.0,1,SL,575,0.2921015055523135,0.0038902112911569,0.0020791142510911,0.0018110970400658,,113.1729081501179,113.1729081501179,264.07011901694176,452.6916326004716
pitch_types,CSW,rate,2016.0,1,XX,251,0.2208029231098374,0.008537635536699,0.0048614118519924,0.0036762236847065,,45.800468908278695,45.800468908278695,106.86776078598362,183.2018756331148
pitch_types,CSW,rate,2016.0,1,CH,412,0.2461434197428954,0.0044721968847619,0.0027419172961949,0.001730279588567,,106.24095567343326,106.24095567343326,247.8955632380109,424.96382269373305
pitch_types,CSW,rate,2024.0,1,SL,593,0.2941132102406882,0.0036796107879125,0.0022019417334153,0.0014776690544971,,139.49873290014148,139.49873290014148,325.49704343366346,557.9949316005659
pitch_types,CSW,rate,2022.0,14,FA,346,0.2728072638441144,0.0039924555746504,0.0023386796298433,0.001653775944807,,118.95788260249697,118.95788260249697,277.56839273915955,475.8315304099878
pitch_types,CSW,rate,2025.0,11,FA,1015,0.2620067602017299,0.0035698271543715,0.0021356389731771,0.0014341881811943,,133.8213716621909,133.8213716621909,312.2498672117788,535.2854866487636
pitch_types,CSW,rate,2019.0,1,CH,434,0.2399063164586793,0.0038040785011019,0.0024295682796476,0.0013745102214543,,131.66636576115033,131.66636576115033,307.2215201093508,526.6654630446013
pitch_types,CSW,rate,2023.0,1,FA,681,0.2712739670191403,0.0029513606791797,0.0018371972786022,0.0011141634005774,,176.42855467553116,176.42855467553116,411.66662757623936,705.7142187021246
pitch_types,CSW,rate,2023.0,11,SL,826,0.293401510738944,0.0053686734773375,0.002721419395492,0.0026472540818454,,77.31400304821554,77.31400304821554,180.39934044583623,309.25601219286216
pitch_types,CSW,rate,2016.0,1,SL,523,0.2984355245185418,0.0047559468860784,0.0021201539746035,0.0026357929114748,,78.43407136136896,78.43407136136896,183.0128331765276,313.73628544547586
pitch_types,CSW,rate,2019.0,1,FS,55,0.2493157560653677,0.0034667925095134,0.0024820725209813,0.000984719988532,,189.0615525454366,189.0615525454366,441.1436226060188,756.2462101817464
pitch_types,CSW,rate,2023.0,11,FA,946,0.2583099808199504,0.0032717027123902,0.0019553450239271,0.0013163576884631,,144.54245879205214,144.54245879205214,337.265737181455,578.1698351682086
pitch_types,CSW,rate,2024.0,11,SI,521,0.2632379989942072,0.0037708424130307,0.0026279167246906,0.0011429256883401,,168.69060793567374,168.69060793567374,393.611418516572,674.762431742695
pitch_types,CSW,rate,2023.0,16,FA,24,0.2279996035983601,0.0111593279886548,0.0061891704989871,0.0049701574896676,,34.41452855835382,34.41452855835382,80.30056663615892,137.6581142334153
pitch_types,CSW,rate,2020.0,1,SI,289,0.2623296569325601,0.0039975719305539,0.0027071357301985,0.0012904362003554,,148.95922151974517,148.95922151974517,347.5715168794054,595.8368860789807
pitch_types,CSW,rate,2017.0,1,SL,558,0.2985780830801859,0.0049078353081508,0.0020665194326446,0.0028413158755061,,72.70852821742027,72.70852821742027,169.65323250731396,290.83411286968106
pitch_types,CSW,rate,2023.0,1,HC,34,0.2812353732172998,0.0018619676653209,0.0018425562563177,0.0000194114090032,,10412.5685376767,10412.5685376767,24295.993254578967,41650.2741507068
pitch_types,CSW,rate,2024.0,11,SL,836,0.2931021327035482,0.0045008646431281,0.0026215134264432,0.0018793512166849,,109.24723354991352,109.24723354991352,254.9102116164649,436.98893419965407
pitch_types,CSW,rate,2024.0,1,SI,428,0.2719853066616772,0.0032549756495717,0.0019846689696696,0.001270306679902,,154.87519356907944,154.87519356907944,361.37545166118537,619.5007742763178
pitch_types,CSW,rate,2024.0,11,FS,102,0.2581841953499806,0.0062689686111644,0.0029603897488983,0.0033085788622661,,56.88742677582133,56.88742677582133,132.7373291435831,227.54970710328536
pitch_types,CSW,rate,2022.0,11,FS,21,0.2610927336342911,0.0090610607967037,0.0042310011849748,0.0048300596117289,,38.94222299227583,38.94222299227583,90.86518698197692,155.76889196910332
pitch_types,CSW,rate,2020.0,1,HC,20,0.2728253529142561,0.0040877146439453,0.0019160146777128,0.0021716999662325,,90.3531716195762,90.3531716195762,210.8240671123445,361.4126864783048
pitch_types,CSW,rate,2016.0,1,SI,405,0.2394386494271221,0.0033471693078991,0.0017926787194526,0.0015544905884465,,116.14949189214992,116.14949189214992,271.0154810816831,464.5979675685997
pitch_types,CSW,rate,2015.0,1,CH,385,0.2538661544782372,0.004517835555191,0.0024481679378937,0.0020696676172972,,90.5210386951062,90.5210386951062,211.2157569552478,362.0841547804248
pitch_types,CSW,rate,2018.0,1,SL,562,0.3010534695667348,0.00425860793343,0.0020960891445214,0.0021625187889086,,96.30332938968812,96.30332938968812,224.7077685759389,385.2133175587525
pitch_types,CSW,rate,2024.0,14,SW,82,0.3385245418273262,0.0063407272979224,0.0034256487803122,0.0029150785176102,,75.81634475887039,75.81634475887039,176.90480443736422,303.2653790354816
pitch_types,CSW,rate,2024.0,16,FA,12,0.2551949802119982,0.0086076646450029,0.0059770431345984,0.0026306215104045,,71.25307842076037,71.25307842076037,166.2571829817742,285.0123136830415
pitch_types,CSW,rate,2021.0,16,FA,25,0.2603627493333122,0.0149905824991989,0.0066196860910909,0.0083708964081079,,22.005181130468337,22.005181130468337,51.34542263775945,88.02072452187335
pitch_types,CSW,rate,2024.0,1,FA,671,0.2661465429128795,0.0030852827634254,0.0018322347448372,0.0012530480185882,,154.86997282710212,154.86997282710212,361.3632699299049,619.4798913084085
pitch_types,CSW,rate,2018.0,1,FS,61,0.2528925881167508,0.0049828204090056,0.0025479543950269,0.0024348660139786,,76.59684759147302,76.59684759147302,178.72597771343703,306.3873903658921
pitch_types,CSW,rate,2023.0,14,SL,237,0.3075562085341388,0.0063899111589119,0.0036336648184345,0.0027562463404774,,76.26645619395433,76.26645619395433,177.9550644525601,305.0658247758173
pitch_types,pred_whiff_pct,mean,2025.0,1,CH,343,0.4020116043858168,0.0071920800091429,0.0389693339269054,,0.0065139038733959,5.9824852629563,5.9824852629563,13.959132280231366,23.9299410518252
pitch_types,pred_whiff_pct,mean,2025.0,11,FS,92,0.4043221863439991,0.0065611560831046,0.0480695548244736,,0.0054633083178753,8.798616520908197,8.798616520908197,20.530105215452465,35.19446608363279
pitch_types,pred_whiff_pct,mean,2023.0,14,CH,130,0.3587263511528904,0.0049298746408086,0.0356248397296945,,0.0041370131092404,8.611246517474836,8.611246517474836,20.092908540774616,34.44498606989934
pitch_types,pred_whiff_pct,mean,2021.0,1,FA,631,0.204479389072636,0.0021089363562763,0.0124474488763358,,0.0019579617420931,6.357350406157075,6.357350406157075,14.83381761436651,25.429401624628305
pitch_types,pred_whiff_pct,mean,2021.0,1,HC,25,0.2417053135290387,0.0021340486620924,0.0217180737469159,,0.0018862532987417,11.513869193179328,11.513869193179328,26.865694784085097,46.05547677271731
pitch_types,pred_whiff_pct,mean,2023.0,1,SL,509,0.3579606050873106,0.006033446646678,0.0513721502332664,,0.0053415532479676,9.61745541950979,9.61745541950979,22.44072931218951,38.46982167803916
pitch_types,pred_whiff_pct,mean,2018.0,1,SW,29,0.3482887767091226,0.0085021999576247,0.0565732704943955,,0.0077969937267407,7.255779916863435,7.255779916863435,16.930153139348015,29.023119667453745
pitch_types,pred_whiff_pct,mean,2022.0,11,CU,101,0.2669099453047087,0.0074817262899308,0.0538064031101222,,0.0061227902849657,8.787889280193266,8.787889280193266,20.50507498711762,35.15155712077306
pitch_types,pred_whiff_pct,mean,2018.0,1,SI,343,0.2217896581703783,0.0038195904027621,0.0182790565142392,,0.0035846350721553,5.099279604840943,5.099279604840943,11.8983190779622,20.39711841936377
pitch_types,pred_whiff_pct,mean,2016.0,1,SI,355,0.3011260582802759,0.010561077853311,0.0191710277545571,,0.0102883847411594,1.863366139279567,1.863366139279567,4.347854324985656,7.453464557118269
pitch_types,pred_whiff_pct,mean,2024.0,11,FA,817,0.1900176616780149,0.001741826587284,0.0110279020551935,,0.0015773784438147,6.991284874239487,6.991284874239487,16.312998039892136,27.96513949695795
pitch_types,pred_whiff_pct,mean,2021.0,14,SL,181,0.3417021111936659,0.0062196478744465,0.0683965693562973,,0.0048287731380641,14.164378280094104,14.164378280094104,33.05021598688624,56.65751312037642
pitch_types,pred_whiff_pct,mean,2021.0,14,SW,18,0.321381959905984,0.0050260821042661,0.0614097223793937,,0.0036164076175315,16.980863020444165,16.980863020444165,39.622013714369714,67.92345208177666
pitch_types,pred_whiff_pct,mean,2021.0,14,SI,59,0.190004084913855,0.0018368487521745,0.0148146117666648,,0.0015347577779942,9.65273607280632,9.65273607280632,22.52305083654808,38.61094429122528
pitch_types,pred_whiff_pct,mean,2020.0,1,HC,18,0.2436972716386377,0.0014521478380519,0.0214177969653272,,0.0010907249833543,19.63629447586419,19.63629447586419,45.81802044368311,78.54517790345676
pitch_types,pred_whiff_pct,mean,2025.0,1,FS,87,0.4648486273927561,0.006303662793087,0.054184909242287,,0.0054483912613651,9.94512079675984,9.94512079675984,23.205281859106293,39.78048318703936
pitch_types,pred_whiff_pct,mean,2023.0,1,FS,65,0.4505171511946862,0.0061742907945094,0.0541186592868641,,0.0052671258131131,10.27479904735317,10.27479904735317,23.97453111049073,41.09919618941269
pitch_types,pred_whiff_pct,mean,2021.0,1,CU,276,0.2950899215014849,0.0069557225158877,0.0591477217212006,,0.0058137859915921,10.173701234744362,10.173701234744362,23.738636214403517,40.694804938977455
pitch_types,pred_whiff_pct,mean,2022.0,14,SI,64,0.1864875244925182,0.0011060650062407,0.0138227935613448,,0.0008719385613422,15.852944432308052,15.852944432308052,36.99020367538546,63.41177772923221
pitch_types,pred_whiff_pct,mean,2024.0,14,SW,58,0.3038703956792296,0.0051383064317997,0.0528581695865761,,0.0041138507980849,12.848830008901285,12.848830008901285,29.980603354102996,51.395320035605145
pitch_types,pred_whiff_pct,mean,2024.0,11,SW,327,0.3206221193825411,0.0052424106229152,0.0486321775012927,,0.0043266617191647,11.240115511198525,11.240115511198525,26.22693619279655,44.96046204479409
pitch_types,pred_whiff_pct,mean,2020.0,1,FA,465,0.2023693304089285,0.0021972738545415,0.0116209641190981,,0.0019933328961604,5.829916388518153,5.829916388518153,13.603138239875689,23.31966555407261
pitch_types,pred_whiff_pct,mean,2023.0,1,FA,594,0.2148777027457212,0.0026758001883807,0.0137506758313267,,0.0025037175972395,5.492103361212635,5.492103361212635,12.814907842829482,21.968413444850544
pitch_types,pred_whiff_pct,mean,2022.0,1,CH,372,0.3968148871113841,0.0063694085824852,0.0378699457007291,,0.0056805856584563,6.666556580192441,6.666556580192441,15.555298687115693,26.666226320769763
pitch_types,pred_whiff_pct,mean,2017.0,1,SI,360,0.2185604611978523,0.0036309090790954,0.017477989248541,,0.0033952681589332,5.147749288242532,5.147749288242532,12.01141500589924,20.59099715297013
pitch_types,pred_whiff_pct,mean,2023.0,11,CH,453,0.3686692928702678,0.0056637365247659,0.0355026036059793,,0.0049473010966304,7.176155829723025,7.176155829723025,16.74436360268706,28.704623318892104
pitch_types,pred_whiff_pct,mean,2018.0,1,CH,335,0.4552731528177259,0.0098878765701068,0.0396168047483852,,0.0091661930278759,4.322056564585092,4.322056564585092,10.084798650698549,17.288226258340373
pitch_types,pred_whiff_pct,mean,2024.0,14,SL,198,0.3271054215098757,0.0051776447045047,0.0510858205723592,,0.0041248645207611,12.384848112037435,12.384848112037435,28.89797892808735,49.53939244814976
pitch_types,pred_whiff_pct,mean,2015.0,1,SL,466,0.4170424540066371,0.0356175856693945,0.0220961046862996,,0.0352881518498462,0.6261621402084252,0.6261621402084252,1.4610449938196588,2.504648560833701
pitch_types,pred_whiff_pct,mean,2022.0,11,SL,234,0.3363859000273527,0.0061650087631239,0.0496787961781129,,0.0052294005046002,9.499902739216685,9.499902739216685,22.16643972483893,37.999610956866746
pitch_types,pred_whiff_pct,mean,2020.0,1,FS,39,0.4379374765776312,0.009914128040869,0.0518788549591811,,0.0087247441506453,5.946174932286577,5.946174932286577,13.874408175335349,23.78469972914631
pitch_types,pred_whiff_pct,mean,2025.0,11,SI,439,0.172927464691952,0.0013460737107626,0.011611179561354,,0.0011206882867126,10.36075749074976,10.36075749074976,24.17510081174944,41.44302996299905
pitch_types,pred_whiff_pct,mean,2022.0,1,FS,52,0.4603954119329275,0.0081687170139323,0.0541851679768303,,0.0071833391919303,7.543172684606186,7.543172684606186,17.6007362640811,30.172690738424745
pitch_types,pred_whiff_pct,mean,2025.0,14,SL,233,0.3428881855195551,0.0046963486401869,0.0525156252660747,,0.0036558727923876,14.364729914953289,14.364729914953289,33.51770313489101,57.45891965981316
pitch_types,pred_whiff_pct,mean,2024.0,11,SI,404,0.1756831900598978,0.001413936652455,0.0124737998163565,,0.0011913527034231,10.470282881396098,10.470282881396098,24.43066005659089,41.8811315255844
pitch_types,pred_whiff_pct,mean,2023.0,1,HC,31,0.2245760508909784,0.0009366319753799,0.0165257453143363,,0.0007365839047248,22.43565900412904,22.43565900412904,52.34987100963443,89.74263601651616
pitch_types,pred_whiff_pct,mean,2022.0,1,SI,342,0.1786796524965459,0.0018553557925314,0.0125383086163299,,0.0016878192019873,7.428703620367766,7.428703620367766,17.33364178085812,29.714814481471063
pitch_types,pred_whiff_pct,mean,2019.0,1,SI,337,0.2219936970002596,0.0042171413294563,0.0192178737196285,,0.0039499246937607,4.865377243769976,4.865377243769976,11.352546902129944,19.461508975079905
pitch_types,pred_whiff_pct,mean,2015.0,1,SI,353,0.2981790455418762,0.0110579554261153,0.0176240246133075,,0.0108345672371389,1.6266477679787226,1.6266477679787226,3.795511458617019,6.506591071914891
pitch_types,pred_whiff_pct,mean,2025.0,11,SL,749,0.3415577136091364,0.0054748777438239,0.0467340873957282,,0.004650178450004,10.049955694858944,10.049955694858944,23.449896621337537,40.19982277943578
pitch_types,pred_whiff_pct,mean,2023.0,11,SW,328,0.3185329618959889,0.0060841967422903,0.0493738532999453,,0.005140751656855,9.604403518327253,9.604403518327253,22.41027487609692,38.41761407330901
pitch_types,pred_whiff_pct,mean,2019.0,1,CU,303,0.2911284234932157,0.0066753259531157,0.0542875192538302,,0.005637927439378,9.628985090276188,9.628985090276188,22.4676318773111,38.515940361104754
pitch_types,pred_whiff_pct,mean,2017.0,1,SL,496,0.3728724002392395,0.0063808257709567,0.0532189559408514,,0.005593249866499,9.514854013515134,9.514854013515134,22.201326031535316,38.05941605406053
pitch_types,pred_whiff_pct,mean,2017.0,1,FS,46,0.4704365867163328,0.0060614178941923,0.0510277380524718,,0.0054006562295715,9.448432909516969,9.448432909516969,22.04634345553959,37.79373163806787
pitch_types,pred_whiff_pct,mean,2019.0,1,SL,526,0.3816483712546934,0.0072653695081469,0.0536550482631822,,0.0065194135022843,8.230042203088107,8.230042203088107,19.203431807205583,32.92016881235243
pitch_types,pred_whiff_pct,mean,2016.0,1,SL,458,0.4273760722798417,0.0341907913341912,0.0222508453870241,,0.0338636174223431,0.6570723118417677,0.6570723118417677,1.5331687276307913,2.628289247367071
pitch_types,pred_whiff_pct,mean,2024.0,1,HC,35,0.2351698708285191,0.0017021590617176,0.0169827059973197,,0.001511506332585,11.23561683547512,11.23561683547512,26.21643928277528,44.94246734190048
pitch_types,pred_whiff_pct,mean,2024.0,1,SW,261,0.3454153743630339,0.006367997174996,0.0517229057549291,,0.0055286403616207,9.355447699941536,9.355447699941536,21.82937796653025,37.42179079976614
pitch_types,pred_whiff_pct,mean,2020.0,1,SI,228,0.1842512224041875,0.0025371189222928,0.0133023956785647,,0.0022626598576797,5.879096512635296,5.879096512635296,13.717891862815687,23.516386050541183
pitch_types,pred_whiff_pct,mean,2019.0,1,FS,45,0.4819410117187004,0.0072541011142054,0.0555405294321059,,0.0064868961338039,8.561957565911719,8.561957565911719,19.97790098712734,34.247830263646875
pitch_types,pred_whiff_pct,mean,2019.0,1,CH,353,0.453343960178887,0.0095684117678429,0.0393107816810322,,0.0088660846533964,4.433837845883046,4.433837845883046,10.345621640393771,17.735351383532183
pitch_types,pred_whiff_pct,mean,2021.0,14,CU,66,0.2933356159517647,0.0068937230970207,0.064838086679491,,0.0049743824462371,13.034399220457583,13.034399220457583,30.41359818106769,52.13759688183033
pitch_types,pred_whiff_pct,mean,2020.0,1,SL,378,0.3720827079613102,0.0085644524644063,0.0566172789604569,,0.0073712709505548,7.680802854790646,7.680802854790646,17.921873327844843,30.72321141916259
pitch_types,pred_whiff_pct,mean,2021.0,1,SW,94,0.3531011517284519,0.0075343233220304,0.0574349928853082,,0.006729092139045,8.535325672247225,8.535325672247225,19.915759901910192,34.1413026889889
pitch_types,pred_whiff_pct,mean,2022.0,1,CU,242,0.2911029247011232,0.0074499100873571,0.0549339450114174,,0.0065077539134069,8.441306438807636,8.441306438807636,19.696381690551156,33.765225755230546
pitch_types,pred_whiff_pct,mean,2022.0,11,SW,89,0.3111344931341402,0.0070263989536743,0.0484531427608792,,0.0061321092046592,7.901545967913265,7.901545967913265,18.43694059179762,31.60618387165306
pitch_types,pred_whiff_pct,mean,2022.0,1,FA,601,0.2136328439403906,0.0025530121383124,0.0135349485475708,,0.0023812901725202,5.68387200508449,5.68387200508449,13.26236801186381,22.73548802033796
pitch_types,pred_whiff_pct,mean,2025.0,1,SW,273,0.3365452856984612,0.0061794379547333,0.0535469603859209,,0.0052536616213882,10.192312380364372,10.192312380364372,23.7820622208502,40.76924952145749
pitch_types,pred_whiff_pct,mean,2015.0,1,CH,317,0.4012395115061264,0.0129237189280058,0.0216200610868995,,0.0125503009517105,1.722672720764746,1.722672720764746,4.019569681784407,6.890690883058985
pitch_types,pred_whiff_pct,mean,2020.0,1,CH,220,0.4089306046703033,0.0062437280516238,0.0379541959842344,,0.0053295421435815,7.1214740331762725,7.1214740331762725,16.616772744077966,28.48589613270509
pitch_types,pred_whiff_pct,mean,2024.0,1,FA,593,0.2184530381485966,0.0024354202352142,0.0141291237506119,,0.0022556313261555,6.263933111220452,6.263933111220452,14.615843926181054,25.05573244488181
pitch_types,pred_whiff_pct,mean,2023.0,11,CU,258,0.2822357127593886,0.0061745996074243,0.0580662509104481,,0.0047858223138613,12.13297258075561,12.13297258075561,28.310269355096423,48.53189032302244
pitch_types,pred_whiff_pct,mean,2017.0,1,SW,20,0.345973761929872,0.0061693999425117,0.0594799282955931,,0.0055349146888546,10.746313473514649,10.746313473514649,25.074731438200843,42.985253894058594
pitch_types,pred_whiff_pct,mean,2023.0,14,SL,159,0.3322097407202335,0.0067261307237632,0.054971201121751,,0.0056651522435989,9.703393440813963,9.703393440813963,22.64125136189925,38.81357376325586
pitch_types,pred_whiff_pct,mean,2025.0,11,SW,344,0.3194798106344134,0.00533922990112,0.048522192524559,,0.0043712478924872,11.10030675861538,11.10030675861538,25.900715770102558,44.40122703446153
pitch_types,pred_whiff_pct,mean,2025.0,16,FA,53,0.1977980708534921,0.0019267838191601,0.0146329219135639,,0.0013931731590949,10.503304501695926,10.503304501695926,24.50771050395716,42.01321800678371
pitch_types,pred_whiff_pct,mean,2015.0,1,XX,24,0.3651620420854365,0.0190692057182715,0.0383032341391272,,0.017783652480639,2.1538451778017933,2.1538451778017933,5.025638748204185,8.615380711207173
pitch_types,pred_whiff_pct,mean,2016.0,1,XX,85,0.3446740418316205,0.0103220438884185,0.0273370507920284,,0.0093886101926331,2.911724976448461,2.911724976448461,6.7940249450464085,11.646899905793846
pitch_types,pred_whiff_pct,mean,2023.0,1,CH,337,0.4018802585694468,0.0054502397975916,0.0380773675435125,,0.0048150223096292,7.908035538561034,7.908035538561034,18.45208292330908,31.63214215424414
pitch_types,pred_whiff_pct,mean,2025.0,1,CU,245,0.3065260998706193,0.0065567237698766,0.0593361225293655,,0.0055306415193289,10.7286148129458,10.7286148129458,25.0334345635402,42.9144592517832
pitch_types,pred_whiff_pct,mean,2022.0,1,SL,490,0.3592462586932824,0.0066561760400306,0.0519784926325254,,0.0059739367583052,8.700877618140623,8.700877618140623,20.302047775661457,34.80351047256249
pitch_types,pred_whiff_pct,mean,2015.0,1,HC,49,0.3143314491085605,0.0263526861816217,0.013326587919032,,0.0262184511098371,0.5082904349766073,0.5082904349766073,1.186011014945417,2.033161739906429
pitch_types,pred_whiff_pct,mean,2022.0,14,CH,150,0.3542990725019234,0.0054538198588194,0.0362105787757399,,0.0045163810341704,8.017609342917304,8.017609342917304,18.707755133473707,32.070437371669215
pitch_types,pred_whiff_pct,mean,2021.0,14,CH,140,0.3806928823583294,0.0056605062037101,0.0380060735091722,,0.0046398344760619,8.191256327193404,8.191256327193404,19.112931430117943,32.765025308773616
pitch_types,pred_whiff_pct,mean,2025.0,1,SI,393,0.1749580682219585,0.0019609999107581,0.0121697706275845,,0.0017693225416423,6.8782092248076685,6.8782092248076685,16.04915485788456,27.512836899230678
pitch_types,pred_whiff_pct,mean,2023.0,1,CU,222,0.2881820685487155,0.0068151493719206,0.0576418650747097,,0.0057865717726387,9.961315151617756,9.961315151617756,23.2430686871081,39.84526060647103
pitch_types,pred_whiff_pct,mean,2017.0,1,FA,582,0.2284415558776904,0.003163920875986,0.0164676044163509,,0.0029744078964245,5.5364311115991365,5.5364311115991365,12.918339260397984,22.14572444639655
pitch_types,pred_whiff_pct,mean,2023.0,11,FS,57,0.4379032146988984,0.0074539607993939,0.0539483462380364,,0.0063820424521524,8.453147506068547,8.453147506068547,19.724010847493275,33.812590024274186
pitch_types,pred_whiff_pct,mean,2024.0,11,CH,426,0.3650293325746152,0.0055343423893429,0.036437354525686,,0.0047762075645926,7.628930282638053,7.628930282638053,17.80083732615546,30.515721130552212
pitch_types,pred_whiff_pct,mean,2025.0,14,CU,56,0.2695246026322589,0.0045939988427358,0.0574296018615095,,0.0030890462761587,18.591369868671496,18.591369868671496,43.37986302690015,74.36547947468598
pitch_types,pred_whiff_pct,mean,2022.0,14,SL,185,0.3492226852147156,0.006399994692897,0.0631683603267706,,0.0051146767405689,12.350411087709093,12.350411087709093,28.817625871321216,49.40164435083638
pitch_types,pred_whiff_pct,mean,2016.0,1,HC,45,0.2971208607298928,0.0262861630452368,0.0126155902589684,,0.0261277738365085,0.4828421410070753,0.4828421410070753,1.1266316623498425,1.9313685640283016
pitch_types,pred_whiff_pct,mean,2021.0,1,CH,362,0.402946179709012,0.0057986629049072,0.0381409239527685,,0.0051049096520936,7.4714199764780815,7.4714199764780815,17.433313278448857,29.88567990591233
pitch_types,pred_whiff_pct,mean,2022.0,1,HC,26,0.2402734559032315,0.0018706483231313,0.0183455364987812,,0.001662350028476,11.03590470389632,11.03590470389632,25.75044430909141,44.14361881558528
pitch_types,pred_whiff_pct,mean,2024.0,11,HC,34,0.2254455104341553,0.0016670241640114,0.0167348268183938,,0.0013906796220814,12.033560104480673,12.033560104480673,28.078306910454906,48.1342404179227
pitch_types,pred_whiff_pct,mean,2015.0,1,FS,53,0.3671131694770815,0.0177487708935842,0.0222067903002807,,0.0174555629538166,1.2721898662927569,1.2721898662927569,2.968443021349765,5.088759465171027
pitch_types,pred_whiff_pct,mean,2025.0,11,CU,267,0.2769452092797178,0.0063985345869392,0.053955620379908,,0.0050193474110465,10.749528964893589,10.749528964893589,25.08223425141837,42.99811585957436
pitch_types,pred_whiff_pct,mean,2018.0,1,SL,493,0.3687104542291228,0.0066489477173984,0.0538219515073919,,0.0058680882421855,9.171973781932437,9.171973781932437,21.401272157842342,36.68789512772974
pitch_types,pred_whiff_pct,mean,2024.0,1,SI,376,0.1782470617621188,0.0018475414301538,0.0120773631652402,,0.0016703875068345,7.230276277704676,7.230276277704676,16.870644647977578,28.921105110818708
pitch_types,pred_whiff_pct,mean,2018.0,1,FS,50,0.468370840875405,0.0066933100958954,0.0555562712468196,,0.0058030824153892,9.573579568590857,9.573579568590857,22.338352326711995,38.29431827436342
pitch_types,pred_whiff_pct,mean,2024.0,1,FS,75,0.4555797331569058,0.0052453418813257,0.0544795548013035,,0.0044579746765205,12.220696337338747,12.220696337338747,28.51495812045708,48.88278534935499
pitch_types,pred_whiff_pct,mean,2016.0,1,CU,279,0.573655196262449,0.0425196335234917,0.0186489810871945,,0.0421995002104851,0.4419242169735672,0.4419242169735672,1.0311565062716568,1.7676968678942688
pitch_types,pred_whiff_pct,mean,2022.0,14,SW,46,0.3308579556471069,0.0055240533791122,0.060895378594919,,0.0043836419824103,13.891503649081104,13.891503649081104,32.413508514522576,55.56601459632443
pitch_types,pred_whiff_pct,mean,2024.0,14,FA,279,0.2028315921564242,0.0015097815077409,0.0131074230743392,,0.0013061969188801,10.034798647034792,10.034798647034792,23.41453017641452,40.13919458813917
pitch_types,pred_whiff_pct,mean,2024.0,1,CU,228,0.2994636929917601,0.0061212170203161,0.0573990157638396,,0.0050764277489352,11.306969901399476,11.306969901399476,26.382929769932108,45.2278796055979
pitch_types,pred_whiff_pct,mean,2023.0,11,FA,819,0.1901913956002263,0.0015131708885152,0.0109650638508384,,0.0013593757083802,8.066249663901976,8.066249663901976,18.82124921577128,32.264998655607904
pitch_types,pred_whiff_pct,mean,2016.0,1,CH,312,0.4069371400109428,0.012869412248533,0.02098013055594,,0.0125079989787176,1.6773370857830785,1.6773370857830785,3.91378653349385,6.709348343132314
pitch_types,pred_whiff_pct,mean,2024.0,11,SL,693,0.3353995674574728,0.0052147955727812,0.0471286268928848,,0.0043913717068257,10.732096948119828,10.732096948119828,25.04155954561293,42.92838779247931
pitch_types,pred_whiff_pct,mean,2017.0,1,CH,338,0.4371554183558029,0.0078107088729082,0.040245947781433,,0.0071001531499262,5.668321081475714,5.668321081475714,13.226082523443331,22.67328432590286
pitch_types,pred_whiff_pct,mean,2023.0,11,SL,670,0.3383480452959007,0.0064468504037637,0.0492293571738975,,0.0055537616498778,8.864146551010288,8.864146551010288,20.683008619024005,35.45658620404115
pitch_types,pred_whiff_pct,mean,2025.0,1,HC,34,0.2330408418364359,0.0015692395834235,0.0163766859137869,,0.0013309164571254,12.304818853287244,12.304818853287244,28.711243991003563,49.21927541314897
pitch_types,pred_whiff_pct,mean,2022.0,14,FA,297,0.1989970323328384,0.0013186725875212,0.0138149577437839,,0.0010869487664034,12.709851807914747,12.709851807914747,29.656320885134413,50.839407231659
pitch_types,pred_whiff_pct,mean,2023.0,1,SI,358,0.1786166498507534,0.0018255261141962,0.0123894097441496,,0.0016499493874636,7.508963510205136,7.508963510205136,17.520914857145318,30.035854040820546
pitch_types,pred_whiff_pct,mean,2024.0,1,CH,334,0.3943473705221441,0.0069496694423341,0.0376062745031328,,0.0062873901849634,5.9812216828962965,5.9812216828962965,13.956183926758026,23.92488673158519
pitch_types,pred_whiff_pct,mean,2024.0,1,SL,507,0.3605054791786848,0.006882620690207,0.0507896974910671,,0.006174592634832,8.22559486832418,8.22559486832418,19.19305469275642,32.90237947329672
pitch_types,pred_whiff_pct,mean,2022.0,14,CU,56,0.2995106092155374,0.0061526852154481,0.0644682074437303,,0.0046163755470244,13.965113277078324,13.965113277078324,32.58526431318276,55.86045310831331
pitch_types,pred_whiff_pct,mean,2016.0,1,SW,15,0.5039911580365349,0.0497288096688217,0.026176320173005,,0.0493988087354089,0.5298978020545243,0.5298978020545243,1.23642820479389,2.119591208218097
pitch_types,pred_whiff_pct,mean,2022.0,11,HC,10,0.2276311750178374,0.0020827998156581,0.0138211625031046,,0.0018953842119356,7.292010989682112,7.292010989682112,17.014692309258262,29.168043958728447
pitch_types,pred_whiff_pct,mean,2015.0,1,SW,10,0.3991526266125801,0.0258662798706448,0.0317168874507247,,0.0252882167748927,1.254216053787336,1.254216053787336,2.926504125503784,5.0168642151493446
pitch_types,pred_whiff_pct,mean,2018.0,1,FA,605,0.2133525498820821,0.0029945380422992,0.0134324066403146,,0.0028361102530056,4.736207496192875,4.736207496192875,11.05115082445004,18.9448299847715
pitch_types,pred_whiff_pct,mean,2023.0,1,SW,243,0.3370074443825869,0.0060109874036168,0.0531868450502638,,0.0051317524217297,10.36426559181839,10.36426559181839,24.18328638090957,41.45706236727356
pitch_types,pred_whiff_pct,mean,2024.0,14,SI,78,0.1789574154339886,0.0013516383659873,0.0133503385978594,,0.0010847791388263,12.306964726758029,12.306964726758029,28.71625102910206,49.22785890703211
pitch_types,pred_whiff_pct,mean,2023.0,11,HC,31,0.2231592225050093,0.0013764134216266,0.0167662767059024,,0.0011442094122472,14.653153982516042,14.653153982516042,34.19069262587076,58.61261593006417
pitch_types,pred_whiff_pct,mean,2025.0,11,HC,36,0.233017868629991,0.0016489280999772,0.0145652389972165,,0.0014270919607709,10.206237157518377,10.206237157518377,23.81455336754288,40.82494863007351
pitch_types,pred_whiff_pct,mean,2021.0,1,SL,544,0.3593461333488714,0.0070589031282136,0.0551316504285416,,0.006259790691464,8.807267390540705,8.807267390540705,20.550290577928312,35.22906956216282
pitch_types,pred_whiff_pct,mean,2016.0,1,FS,51,0.4147892348722533,0.0157938734766599,0.0244106233131653,,0.0154483223443209,1.580147201041485,1.580147201041485,3.687010135763464,6.320588804165941
pitch_types,pred_whiff_pct,mean,2017.0,1,HC,33,0.2719652636775733,0.0030913100636477,0.0213024799403501,,0.0029196765378421,7.296178074607496,7.296178074607496,17.02441550741749,29.184712298429982
pitch_types,pred_whiff_pct,mean,2023.0,14,SW,61,0.3243114980901778,0.0056747095008802,0.0581993131908878,,0.0042707654297798,13.627372925955225,13.627372925955225,31.79720349389552,54.50949170382089
pitch_types,pred_whiff_pct,mean,2025.0,1,FA,611,0.2223022022444508,0.0025313278152939,0.0139783722602306,,0.0023507806387467,5.9462682437621694,5.9462682437621694,13.87462590211173,23.78507297504868
pitch_types,pred_whiff_pct,mean,2025.0,14,CH,120,0.3638188822546627,0.0053094106388593,0.0355623833213306,,0.0044262905874322,8.03435351088437,8.03435351088437,18.7468248587302,32.13741404353748
pitch_types,pred_whiff_pct,mean,2023.0,14,CU,60,0.2789654152601333,0.0062031477940144,0.0623022698489208,,0.004662966678958,13.36107978855268,13.36107978855268,31.175852839956253,53.44431915421072
pitch_types,pred_whiff_pct,mean,2024.0,14,CH,136,0.3604998481335638,0.0052098310306257,0.0362337829179204,,0.0043873985064744,8.258603102601882,8.258603102601882,19.27007390607105,33.034412410407526
pitch_types,pred_whiff_pct,mean,2018.0,1,CU,286,0.2775339941330982,0.0073469602094208,0.0527759246562911,,0.0064283244242932,8.209903728076577,8.209903728076577,19.15644203217868,32.83961491230631
pitch_types,pred_whiff_pct,mean,2025.0,14,SW,53,0.3078672755004402,0.0032444052187156,0.0501580930469849,,0.0022339343603677,22.452805210770823,22.452805210770823,52.38987882513192,89.8112208430833
pitch_types,pred_whiff_pct,mean,2022.0,11,CH,191,0.3592937980503952,0.0060560493553225,0.0352393275781377,,0.0052227883800406,6.747224856516841,6.747224856516841,15.74352466520596,26.988899426067366
pitch_types,pred_whiff_pct,mean,2024.0,11,FS,75,0.4202357566814173,0.0070053666973146,0.0554862320361549,,0.0058639761981699,9.46221985919238,9.46221985919238,22.078513004782216,37.84887943676952
pitch_types,pred_whiff_pct,mean,2021.0,1,FS,46,0.4509893596200189,0.007442401859695,0.0541951033167427,,0.0066171216604458,8.190132522528137,8.190132522528137,19.11030921923232,32.76053009011255
pitch_types,pred_whiff_pct,mean,2024.0,11,CU,262,0.2806320217755663,0.0060524431623809,0.0556659083168163,,0.0047487374254921,11.7222544287227,11.7222544287227,27.35192700035297,46.8890177148908
pitch_types,pred_whiff_pct,mean,2017.0,1,CU,291,0.2792990722468966,0.006556847432515,0.0525272922759103,,0.0056338569009192,9.323504874136828,9.323504874136828,21.75484470631926,37.29401949654731
pitch_types,pred_whiff_pct,mean,2022.0,1,SW,186,0.3369363954433756,0.0054099125411881,0.0566687532451053,,0.0044166636373959,12.830669912304314,12.830669912304314,29.93822979537673,51.322679649217264
pitch_types,pred_whiff_pct,mean,2019.0,1,HC,27,0.2716088016795961,0.0014475587006012,0.0220184841811583,,0.0012626912027747,17.437742603079343,17.437742603079343,40.6880660738518,69.75097041231737
pitch_types,pred_whiff_pct,mean,2019.0,1,FA,623,0.2145082660647881,0.0026520415102906,0.0128226029130881,,0.0025064109670668,5.115921962348403,5.115921962348403,11.937151245479606,20.46368784939361
pitch_types,pred_whiff_pct,mean,2025.0,11,FA,869,0.1989992606733489,0.0018072753193752,0.0118260259789435,,0.0016227466159888,7.287660231376876,7.287660231376876,17.00454053987938,29.150640925507503
pitch_types,pred_whiff_pct,mean,2022.0,11,FS,11,0.3899807362308802,0.006543847313623,0.0562541150588978,,0.0052125183350811,10.792118404706182,10.792118404706182,25.18160961098109,43.16847361882473
pitch_types,pred_whiff_pct,mean,2019.0,1,SW,38,0.3532339889323986,0.0062067429438773,0.0575232901605452,,0.005465074912795,10.52561786955008,10.52561786955008,24.559775028950185,42.10247147820032
pitch_types,pred_whiff_pct,mean,2025.0,14,FS,16,0.3936570852098607,0.00975415151928,0.0468825776445184,,0.0089026796383407,5.266119814377193,5.266119814377193,12.28761290021345,21.064479257508776
pitch_types,pred_whiff_pct,mean,2025.0,11,CH,432,0.3705543643411893,0.0064638240634573,0.0373992936308309,,0.0056493363392837,6.620121618670135,6.620121618670135,15.446950443563647,26.48048647468054
pitch_types,pred_whiff_pct,mean,2023.0,11,SI,397,0.1777117571635903,0.0015959207850006,0.012569079277269,,0.0013908197208224,9.03717360998919,9.03717360998919,21.086738423308116,36.14869443995676
pitch_types,pred_whiff_pct,mean,2020.0,1,CU,175,0.31615164809651,0.0100556670522575,0.060402338398641,,0.0084614740097015,7.138512548686752,7.138512548686752,16.656529280269087,28.554050194747006
pitch_types,pred_whiff_pct,mean,2022.0,11,FA,339,0.1925174615951008,0.0015407090129065,0.0111157919097505,,0.0013418517092791,8.28391977510098,8.28391977510098,19.329146141902285,33.13567910040392
pitch_types,pred_whiff_pct,mean,2020.0,1,SW,44,0.3411785659640962,0.0089480793320564,0.0589561934714077,,0.0075315729104074,7.8278726333432145,7.8278726333432145,18.265036144467494,31.311490533372854
pitch_types,pred_whiff_pct,mean,2021.0,14,FA,297,0.1944656238131151,0.0012840040472165,0.0131276254388032,,0.0010818434118354,12.13449681828776,12.13449681828776,28.313825909338107,48.537987273151046
pitch_types,pred_whiff_pct,mean,2015.0,1,FA,564,0.3070645848146993,0.0200021744168827,0.0155950494430634,,0.0198340314998869,0.7862773356567639,0.7862773356567639,1.8346471165324492,3.145109342627056
pitch_types,pred_whiff_pct,mean,2016.0,1,FA,568,0.2983938113263945,0.0173481718596891,0.0151736612030859,,0.0171802468454022,0.8832039108417533,0.8832039108417533,2.0608091252974243,3.5328156433670133
pitch_types,pred_whiff_pct,mean,2018.0,1,HC,35,0.2800462062660305,0.0028369836780752,0.0215513184704868,,0.0025833255630576,8.342470952433265,8.342470952433265,19.46576555567762,33.36988380973306
pitch_types,pred_whiff_pct,mean,2021.0,1,SI,325,0.1846891775807491,0.0022772704483065,0.0134241070957437,,0.0020815919302987,6.448961922050305,6.448961922050305,15.047577818117375,25.795847688201224
pitch_types,pred_whiff_pct,mean,2023.0,14,SI,66,0.1779201481037706,0.0007316770479211,0.0120296089152912,,0.0004808312649917,25.01835839543008,25.01835839543008,58.37616958933685,100.07343358172032
pitch_types,pred_whiff_pct,mean,2025.0,14,FA,308,0.2040562692039297,0.0015331691415248,0.0123890084731329,,0.0013211441328765,9.377484382539194,9.377484382539194,21.88079689259145,37.509937530156776
pitch_types,pred_whiff_pct,mean,2023.0,14,FA,269,0.1959524389552715,0.0013442481519175,0.0123939937905313,,0.0011482352674689,10.793949760706466,10.793949760706466,25.185882774981756,43.17579904282587
pitch_types,pred_whiff_pct,mean,2025.0,1,SL,532,0.3597764087601892,0.0061880176042767,0.0490081088318148,,0.0054504038612307,8.991647239283418,8.991647239283418,20.98051022499464,35.96658895713367
pitch_types,pred_whiff_pct,mean,2015.0,1,CU,268,0.5656112260927739,0.0502335377022588,0.018479669134644,,0.0498956898213091,0.3703660416525964,0.3703660416525964,0.8641874305227248,1.4814641666103856
pitch_types,pred_whiff_pct,mean,2025.0,14,SI,74,0.1790270659557242,0.0012296249905383,0.0119343707485768,,0.000974361271769,12.248404256574384,12.248404256574384,28.579609932006896,48.99361702629754
pitch_types,pred_whiff_pct,mean,2022.0,11,SI,148,0.1726732792748734,0.0011629496193111,0.0106043079953524,,0.0009414938288366,11.263279344545104,11.263279344545104,26.28098513727191,45.05311737818042
pitch_types,pred_whiff_pct,mean,2024.0,14,CU,57,0.2800386691371619,0.0047689848953877,0.0639843808336135,,0.0032208841006292,19.865471353382187,19.865471353382187,46.352766491225104,79.46188541352875
pitch_types,stuff_raw,mean,2025.0,1,FA,699,0.0143882804843171,0.0000887624025164,0.0002604763070357,,8.62490489462e-05,3.020048455237673,3.020048455237673,7.046779728887904,12.080193820950694
pitch_types,stuff_raw,mean,2022.0,11,CH,252,0.0190629864177483,0.0000368235582226,0.0002057618920379,,3.31859980285e-05,6.200262287150343,6.200262287150343,14.467278670017468,24.80104914860137
pitch_types,stuff_raw,mean,2017.0,1,FA,636,0.0176442510285847,0.0000444916945996,0.0003003671298923,,4.21878003236e-05,7.119762765247458,7.119762765247458,16.612779785577402,28.479051060989832
pitch_types,stuff_raw,mean,2020.0,1,SW,57,0.0142742246201119,0.0000373774849803,0.0001403081245598,,3.51693031693e-05,3.989505390086261,3.989505390086261,9.308845910201276,15.958021560345044
pitch_types,stuff_raw,mean,2021.0,16,FA,25,0.0239025496995628,0.0000389409933416,0.0002958053740706,,2.87727523461e-05,10.280746537981512,10.280746537981512,23.98840858862353,41.12298615192606
pitch_types,stuff_raw,mean,2016.0,1,HC,49,0.0267321282926229,0.0000522629465715,0.000025432863213,,5.20567412338e-05,0.48856041715639,0.48856041715639,1.1399743066982433,1.95424166862556
pitch_types,stuff_raw,mean,2025.0,11,HC,39,0.0176112293436415,0.0000332726239723,0.000146280696647,,3.20373098959e-05,4.565948174864357,4.565948174864357,10.6538790746835,18.26379269945743
pitch_types,stuff_raw,mean,2016.0,1,SI,405,0.0314812937679766,0.0000309145369714,0.0000315872009622,,3.06035908813e-05,1.0321403486492668,1.0321403486492668,2.4083274801816223,4.128561394597067
pitch_types,stuff_raw,mean,2023.0,11,HC,34,0.0191077161459888,0.0000237224623182,0.0001301146447505,,2.24901394787e-05,5.785408528632176,5.785408528632176,13.49928656680841,23.141634114528703
pitch_types,stuff_raw,mean,2022.0,1,SI,387,0.020646716970007,0.0000198245656899,0.000127149800555,,1.86667275222e-05,6.8115742517629485,6.8115742517629485,15.893673254113548,27.246297007051798
pitch_types,stuff_raw,mean,2016.0,1,XX,251,0.0278705842848168,0.0000493782424995,0.0000623839806947,,4.76155223629e-05,1.310160586273927,1.310160586273927,3.0570413679724964,5.240642345095709
pitch_types,stuff_raw,mean,2018.0,1,SW,32,0.0118685281542981,0.0000245875474932,0.0001174641826024,,2.367582575e-05,4.96135525925663,4.96135525925663,11.576495604932136,19.84542103702652
pitch_types,stuff_raw,mean,2024.0,14,FS,11,0.0195859010698596,0.0000552509043629,0.0003371245896283,,4.87814251137e-05,6.910921295191488,6.910921295191488,16.125483022113475,27.64368518076596
pitch_types,stuff_raw,mean,2015.0,1,SI,409,0.0320188963900638,0.0000331255598474,0.0000313641294281,,3.28326092954e-05,0.9552737385549704,0.9552737385549704,2.228972056628264,3.821094954219881
pitch_types,stuff_raw,mean,2023.0,14,CH,187,0.0204720174815739,0.0000314439647984,0.0002425044388715,,2.7183960535e-05,8.920864881276371,8.920864881276371,20.815351389644864,35.683459525105484
pitch_types,stuff_raw,mean,2022.0,11,CU,154,0.0214906177914842,0.0000237209031606,0.0001744001889789,,2.07920225194e-05,8.387841481780072,8.387841481780072,19.5716301241535,33.55136592712029
pitch_types,stuff_raw,mean,2022.0,14,SW,61,0.0185948574614411,0.0000239544165072,0.0001632811124096,,2.16853614537e-05,7.529554568763477,7.529554568763477,17.568960660448113,30.118218275053916
pitch_types,stuff_raw,mean,2025.0,16,CH,15,0.0205804628732301,9.88817262694991e-6,0.0001753921022932,,3.248235108487336e-06,53.99612295150076,53.99612295150076,125.99095355350178,215.98449180600304
pitch_types,stuff_raw,mean,2025.0,16,FA,137,0.0206072327509565,0.0000357276003141,0.0002440368573951,,2.83586075242e-05,8.605389287416164,8.605389287416164,20.079241670637717,34.421557149664665
pitch_types,stuff_raw,mean,2023.0,1,SL,583,0.0136443867504318,0.0000241882443939,0.0001478541788343,,2.27366724451e-05,6.502894352335583,6.502894352335583,15.173420155449694,26.011577409342337
pitch_types,stuff_raw,mean,2022.0,11,FA,425,0.0185128389145592,0.0000340444381954,0.000223433187676,,3.08885382424e-05,7.233530635938279,7.233530635938279,16.87823815052265,28.93412254375312
pitch_types,stuff_raw,mean,2017.0,1,CU,361,0.0194409878782846,0.0000302689797603,0.0001659888749037,,2.83820998556e-05,5.848364840804079,5.848364840804079,13.646184628542851,23.39345936321632
pitch_types,stuff_raw,mean,2024.0,1,FA,671,0.0147840651426636,0.000066333423431,0.0002633908733447,,6.38625433805e-05,4.124340488213507,4.124340488213507,9.623461139164853,16.49736195285403
pitch_types,stuff_raw,mean,2017.0,1,SI,388,0.0222783671322927,0.0000191178559243,0.0001470263731162,,1.79744073225e-05,8.17976195141952,8.17976195141952,19.08611121997888,32.71904780567808
pitch_types,stuff_raw,mean,2022.0,16,FA,27,0.0228484365647679,0.0000253463446613,0.0002521959836672,,1.79552582786e-05,14.045800943255124,14.045800943255124,32.77353553426196,56.18320377302051
pitch_types,stuff_raw,mean,2025.0,11,FS,127,0.0148471251072167,0.000039772392441,0.0002872652973434,,3.46238705604e-05,8.296741314404311,8.296741314404311,19.359063066943392,33.186965257617246
pitch_types,stuff_raw,mean,2025.0,1,CU,304,0.0163017012488768,0.0000290384703216,0.0001769182116999,,2.70737952501e-05,6.534666088208939,6.534666088208939,15.247554205820858,26.13866435283576
pitch_types,stuff_raw,mean,2025.0,11,SI,565,0.0215066080147244,0.0000123750816882,0.0001323488034617,,1.05295362207e-05,12.569290867867084,12.569290867867084,29.32834535835653,50.27716347146834
pitch_types,stuff_raw,mean,2024.0,11,SW,406,0.0159446979063935,0.0000211465760632,0.000123619306158,,1.94993722536e-05,6.339655684804049,6.339655684804049,14.792529931209447,25.358622739216194
pitch_types,stuff_raw,mean,2023.0,11,FS,88,0.0170312915081999,0.0000409131581656,0.0003332187853268,,3.50026353067e-05,9.519819933744175,9.519819933744175,22.21291317873641,38.07927973497671
pitch_types,stuff_raw,mean,2020.0,1,CU,300,0.0182047939935083,0.0000304220289411,0.0001792364834204,,2.70712060507e-05,6.620927160938438,6.620927160938438,15.448830042189687,26.48370864375375
pitch_types,stuff_raw,mean,2020.0,1,HC,20,0.016511226288416,0.0000150134832376,0.0001152217890605,,1.39007014952e-05,8.288919023261181,8.288919023261181,19.340811054276088,33.155676093044725
pitch_types,stuff_raw,mean,2023.0,11,CU,393,0.0209859046703598,0.0000235475600256,0.0001735925032805,,2.07279447803e-05,8.374805371219564,8.374805371219564,19.54121253284565,33.49922148487826
pitch_types,stuff_raw,mean,2016.0,1,CU,369,0.0204475374559787,0.0001100600219948,0.0000288919022822,,0.0001096999733179,0.2633720082910176,0.2633720082910176,0.6145346860123745,1.0534880331640706
pitch_types,stuff_raw,mean,2017.0,1,HC,37,0.0190482516225638,0.0000322398202887,0.0001812800494199,,3.09756535057e-05,5.852339786356227,5.852339786356227,13.655459501497862,23.40935914542491
pitch_types,stuff_raw,mean,2023.0,1,CH,435,0.0163214345188408,0.0000539715698896,0.0002136138977707,,5.10101486487e-05,4.187674481049667,4.187674481049667,9.771240455782555,16.75069792419867
pitch_types,stuff_raw,mean,2024.0,11,SL,836,0.0158030041026159,0.0000184562359015,0.0001430082034751,,1.66468242302e-05,8.590719857271552,8.590719857271552,20.045013000300287,34.362879429086206
pitch_types,stuff_raw,mean,2023.0,1,CU,299,0.0180922398286178,0.0000319587263762,0.0001678611130172,,2.97991487919e-05,5.633084159184554,5.633084159184554,13.14386303809729,22.53233663673821
pitch_types,stuff_raw,mean,2024.0,14,SW,82,0.0175224656950793,0.0000232845624278,0.0001519926614474,,2.09593557626e-05,7.251781169645667,7.251781169645667,16.92082272917322,29.007124678582667
pitch_types,stuff_raw,mean,2023.0,14,FS,11,0.0182628218205569,0.0000790992854813,0.0002754922302106,,7.42900220957e-05,3.708334207459056,3.708334207459056,8.652779817404463,14.833336829836224
pitch_types,stuff_raw,mean,2023.0,1,HC,34,0.0159422778805024,0.0000270689747176,0.0001319308017131,,2.58664048493e-05,5.1004692179483175,5.1004692179483175,11.901094841879408,20.40187687179327
pitch_types,stuff_raw,mean,2023.0,14,SW,84,0.0182396562362034,0.0000218374975203,0.0001580791124016,,1.92991715527e-05,8.190979181147988,8.190979181147988,19.11228475601197,32.76391672459195
pitch_types,stuff_raw,mean,2024.0,16,FA,12,0.0199386361558101,6.535731004939321e-6,0.0002781218110544,,1e-08,27812.181105447053,27812.181105447053,64895.08924604313,111248.7244217882
pitch_types,stuff_raw,mean,2022.0,14,SL,241,0.0193526212822001,0.0000187158880453,0.0001635369249028,,1.61352831421e-05,10.135361335934215,10.135361335934215,23.64917645051317,40.54144534373687
pitch_types,stuff_raw,mean,2021.0,14,CU,127,0.0239647336121113,0.0000279729415212,0.000202836310209,,2.40397789669e-05,8.43752808577541,8.43752808577541,19.68756553347596,33.75011234310164
pitch_types,stuff_raw,mean,2023.0,16,FA,24,0.0243368010829693,0.0000400971919101,0.0002542036047882,,3.11587352981e-05,8.158341548702522,8.158341548702522,19.036130280305883,32.63336619481009
pitch_types,stuff_raw,mean,2022.0,11,HC,13,0.0210775113328162,0.0000266060114068,0.0001214676389956,,2.50685764068e-05,4.845414315679517,4.845414315679517,11.30596673658554,19.38165726271807
pitch_types,stuff_raw,mean,2020.0,1,SL,481,0.0150799081777169,0.0000268328162723,0.0001591706306972,,2.4483258637e-05,6.501202844651783,6.501202844651783,15.169473304187491,26.004811378607133
pitch_types,stuff_raw,mean,2024.0,14,SL,259,0.0180913489336787,0.0000169452466949,0.0001618590729431,,1.44428032999e-05,11.206901429116158,11.206901429116158,26.149436667937703,44.82760571646463
pitch_types,stuff_raw,mean,2022.0,11,FS,21,0.0152301776674608,0.0000289533893931,0.0002784886346729,,2.28458552959e-05,12.189897513800032,12.189897513800032,28.44309419886674,48.75959005520013
pitch_types,stuff_raw,mean,2025.0,1,SI,454,0.019528651136824,0.0000161794917964,0.0001282293094168,,1.48015721614e-05,8.663222258967844,8.663222258967844,20.21418527092497,34.652889035871375
pitch_types,stuff_raw,mean,2022.0,1,SW,228,0.0142511443941873,0.0000297127579647,0.0001260118020777,,2.81503101975e-05,4.4763912437656,4.4763912437656,10.444912902119732,17.905564975062404
pitch_types,stuff_raw,mean,2019.0,1,SW,44,0.013247011091202,0.0000267181457529,0.0001315060068382,,2.56124263376e-05,5.134461105116831,5.134461105116831,11.980409245272606,20.537844420467323
pitch_types,stuff_raw,mean,2017.0,1,SL,558,0.0160759606947795,0.00002523158681,0.0001665609922262,,2.35880647584e-05,7.0612402472123525,7.0612402472123525,16.47622724349549,28.24496098884941
pitch_types,stuff_raw,mean,2016.0,1,SW,16,0.0212722196761433,0.0001740558424418,0.0000228475956665,,0.0001739055111099,0.1313793652696267,0.1313793652696267,0.3065518522957957,0.5255174610785068
pitch_types,stuff_raw,mean,2025.0,1,SW,323,0.0123648702399462,0.0000227619620599,0.0001230579922489,,2.13162697463e-05,5.772960922023468,5.772960922023468,13.47024215138809,23.09184368809387
pitch_types,stuff_raw,mean,2023.0,14,CU,100,0.0226881804417851,0.0000206816689324,0.0001932736950987,,1.72423847067e-05,11.20922067252612,11.20922067252612,26.15484823589428,44.83688269010448
pitch_types,stuff_raw,mean,2019.0,1,FS,55,0.0154847689509183,0.0000254859185889,0.000266383936575,,2.19531477007e-05,12.134202357053615,12.134202357053615,28.313138833125105,48.53680942821447
pitch_types,stuff_raw,mean,2017.0,1,SW,23,0.0129236637538723,0.0000225130563034,0.0001117662946975,,2.1695402136e-05,5.151612032669132,5.151612032669132,12.020428076227974,20.60644813067653
pitch_types,stuff_raw,mean,2025.0,14,SI,105,0.022444931727251,0.0000154701458334,0.0001586493611761,,1.28146983755e-05,12.380264952497168,12.380264952497168,28.887284889160057,49.52105980998867
pitch_types,stuff_raw,mean,2025.0,1,SL,613,0.0128780801515335,0.00002441863594,0.0001435623949516,,2.28862916482e-05,6.2728552601836,6.2728552601836,14.636662273761733,25.091421040734403
pitch_types,stuff_raw,mean,2015.0,1,HC,58,0.030018271233717,0.0000803387762788,0.0000297943574631,,8.00746473903e-05,0.372082281147734,0.372082281147734,0.8681919893447126,1.488329124590936
pitch_types,stuff_raw,mean,2025.0,11,CH,612,0.0180717569818844,0.000049239579703,0.000227402513468,,4.52876964161e-05,5.02128682762887,5.02128682762887,11.71633593113403,20.08514731051548
pitch_types,stuff_raw,mean,2024.0,11,CH,559,0.018221124369157,0.0000426593057694,0.0002139000061032,,3.92379386579e-05,5.451356860712797,5.451356860712797,12.719832674996525,21.80542744285119
pitch_types,stuff_raw,mean,2021.0,1,FS,55,0.0132049744124179,0.0000241360527194,0.0003451476535343,,2.02668293158e-05,17.030175177108717,17.030175177108717,39.73707541325367,68.12070070843487
pitch_types,stuff_raw,mean,2024.0,1,SL,593,0.0133816506922033,0.0000226095254538,0.0001479866809342,,2.10399620405e-05,7.033600186585428,7.033600186585428,16.41173376869933,28.13440074634171
pitch_types,stuff_raw,mean,2021.0,14,SI,76,0.0246413176513059,0.0000143281088632,0.0001761627547287,,1.17194173331e-05,15.031699078563951,15.031699078563951,35.07396451664922,60.126796314255806
pitch_types,stuff_raw,mean,2022.0,14,FA,346,0.0186126191049136,0.0000309189479898,0.000256728444886,,2.78924578654e-05,9.204224529951038,9.204224529951038,21.47652390321909,36.81689811980415
pitch_types,stuff_raw,mean,2023.0,14,FA,342,0.0188060050690831,0.0000330991812472,0.0002597334115468,,2.96372222713e-05,8.763756912463112,8.763756912463112,20.4487661290806,35.05502764985245
pitch_types,stuff_raw,mean,2025.0,14,FA,378,0.0169344531226581,0.0000408381845906,0.0002782356747366,,3.72793377585e-05,7.4635358744412175,7.4635358744412175,17.41491704036284,29.854143497764877
pitch_types,stuff_raw,mean,2019.0,1,CH,434,0.0182122051526044,0.0000310040813139,0.0002034141678994,,2.8293880314e-05,7.189334429985832,7.189334429985832,16.77511366996694,28.75733771994333
pitch_types,stuff_raw,mean,2021.0,1,HC,27,0.0159992587639348,0.0000305565585613,0.0001370222748846,,2.9493122642e-05,4.645905981124514,4.645905981124514,10.840447289290534,18.583623924498056
pitch_types,stuff_raw,mean,2022.0,11,SI,205,0.0224388429472586,0.0000150380460438,0.000123619749809,,1.29156152757e-05,9.571340363584572,9.571340363584572,22.33312751503067,38.28536145433829
pitch_types,stuff_raw,mean,2015.0,1,SW,12,0.021859967440956,0.000078365334341,0.000016234101742,,7.81832105033e-05,0.2076417895544581,0.2076417895544581,0.4844975089604023,0.8305671582178326
pitch_types,stuff_raw,mean,2024.0,11,SI,521,0.0223895810329353,0.0000121864304645,0.0001275070233284,,1.04587242059e-05,12.191450966426354,12.191450966426354,28.44671892166149,48.765803865705415
pitch_types,stuff_raw,mean,2023.0,11,CH,617,0.0186152188982142,0.0000364105898945,0.0002170811190292,,3.28987667352e-05,6.598457649687917,6.598457649687917,15.396401182605135,26.393830598751663
pitch_types,stuff_raw,mean,2020.0,1,CH,325,0.0165414883119425,0.0000368935420908,0.0002108232258485,,3.27698270721e-05,6.433455549964817,6.433455549964817,15.01139628325124,25.73382219985927
pitch_types,stuff_raw,mean,2024.0,1,CH,411,0.0161415703381356,0.000051053169497,0.0002076315388353,,4.82827944394e-05,4.300321496425594,4.300321496425594,10.03408349165972,17.201285985702377
pitch_types,stuff_raw,mean,2025.0,16,CU,11,0.0211088172652447,0.000048159872704,0.0001472621061237,,4.33819467319e-05,3.394548129285962,3.394548129285962,7.920612301667244,13.578192517143847
pitch_types,stuff_raw,mean,2022.0,11,XX,10,0.0165665239962899,0.0000783473430788,0.0001935708333472,,7.30370620011e-05,2.6503096926899863,2.6503096926899863,6.184055949609968,10.601238770759949
pitch_types,stuff_raw,mean,2016.0,1,FS,63,0.0203773646318497,0.0000407879057621,0.0000240348119406,,4.04740643999e-05,0.5938324281743386,0.5938324281743386,1.3856089990734566,2.3753297126973543
pitch_types,stuff_raw,mean,2018.0,1,CH,419,0.0182712887878078,0.0000296614466477,0.000194932553912,,2.69072975205e-05,7.244598004069535,7.244598004069535,16.904062009495583,28.978392016278143
pitch_types,stuff_raw,mean,2021.0,14,SL,242,0.0204778612620998,0.0000296238272638,0.0001639095476368,,2.70872328031e-05,6.051173585290202,6.051173585290202,14.119405032343806,24.20469434116081
pitch_types,stuff_raw,mean,2022.0,1,FA,688,0.0156437952785396,0.0000641824950953,0.0002674166766904,,6.1692724344e-05,4.334655010517308,4.334655010517308,10.114195024540384,17.33862004206923
pitch_types,stuff_raw,mean,2024.0,11,FA,952,0.0183712190982943,0.0000566718480675,0.0002258161002897,,5.42247836029e-05,4.164444471431234,4.164444471431234,9.717037100006213,16.65777788572494
pitch_types,stuff_raw,mean,2024.0,11,CU,394,0.0203696115530271,0.0000235063565882,0.0001779316986383,,2.06004859252e-05,8.63725735812396,8.63725735812396,20.15360050228924,34.54902943249584
pitch_types,stuff_raw,mean,2020.0,1,FS,49,0.0135946655753227,0.0000255558352566,0.0002839551998367,,2.08112015434e-05,13.644344332760516,13.644344332760516,31.83680344310787,54.57737733104207
pitch_types,stuff_raw,mean,2022.0,11,SW,127,0.0160015794824571,0.0000219531389977,0.0001304813010233,,1.98075362401e-05,6.587457392042623,6.587457392042623,15.370733914766118,26.34982956817049
pitch_types,stuff_raw,mean,2022.0,1,SL,575,0.0142172255994581,0.000026531885735,0.0001476045329863,,2.50477512165e-05,5.892925544909178,5.892925544909178,13.750159604788085,23.57170217963672
pitch_types,stuff_raw,mean,2023.0,11,SL,826,0.0160810867934435,0.0000189149865042,0.0001447519833137,,1.70148493574e-05,8.507391412819223,8.507391412819223,19.85057996324485,34.02956565127689
pitch_types,stuff_raw,mean,2024.0,14,SI,109,0.0229882578000441,9.078075812067184e-6,0.0001550187966088,,6.6243811151219065e-06,23.40124970391609,23.40124970391609,54.602915975804216,93.60499881566436
pitch_types,stuff_raw,mean,2024.0,14,FA,345,0.018132516245288,0.000029419363468,0.0002640190122455,,2.6239980498e-05,10.061707639802943,10.061707639802943,23.47731782620687,40.24683055921179
pitch_types,stuff_raw,mean,2025.0,14,CH,180,0.01926987228358,0.0000441047308607,0.0002374111754563,,3.94670868852e-05,6.015421815814246,6.015421815814246,14.035984236899909,24.06168726325699
pitch_types,stuff_raw,mean,2018.0,1,FS,61,0.0161725834295779,0.0000330314554229,0.0002677290570484,,2.94209499069e-05,9.09994605527893,9.09994605527893,21.233207462317505,36.39978422111572
pitch_types,stuff_raw,mean,2022.0,14,SI,90,0.0235916991455426,0.0000187499823447,0.0001593756400612,,1.60907719553e-05,9.904785208756884,9.904785208756884,23.111165487099395,39.61914083502754
pitch_types,stuff_raw,mean,2019.0,1,HC,31,0.0175635684005317,0.0000211280252332,0.0001273303202562,,2.02159039787e-05,6.298522212503091,6.298522212503091,14.696551829173876,25.194088850012367
pitch_types,stuff_raw,mean,2025.0,16,SL,50,0.020008837577856,0.0000177654715562,0.0001568564280899,,1.26048853682e-05,12.444097943518376,12.444097943518376,29.03622853487621,49.77639177407351
pitch_types,stuff_raw,mean,2024.0,1,CU,299,0.0171177522933198,0.0000263448751611,0.0001710238805221,,2.4128783928e-05,7.087961044046158,7.087961044046158,16.538575769441035,28.351844176184635
pitch_types,stuff_raw,mean,2024.0,11,HC,41,0.0181619829520851,0.0000262973456296,0.0001278909702362,,2.46433827712e-05,5.189667807515166,5.189667807515166,12.109224884202051,20.758671230060664
pitch_types,stuff_raw,mean,2023.0,11,FA,946,0.0183755639328657,0.0000435156345055,0.0002282305360575,,4.118629105e-05,5.541419978313843,5.541419978313843,12.929979949398966,22.16567991325537
pitch_types,stuff_raw,mean,2025.0,11,SL,892,0.015184327451325,0.0000193771663939,0.0001410076279774,,1.76200941478e-05,8.00266030332118,8.00266030332118,18.672874041082757,32.01064121328472
pitch_types,stuff_raw,mean,2025.0,1,HC,39,0.0159175530518743,0.0000304547281892,0.0001527524661984,,2.89535120269e-05,5.275783678901417,5.275783678901417,12.31016191743664,21.10313471560567
pitch_types,stuff_raw,mean,2024.0,1,FS,90,0.0115889513982202,0.0000411383479133,0.0003138265101268,,3.72389863424e-05,8.427364462631697,8.427364462631697,19.66385041280729,33.70945785052679
pitch_types,stuff_raw,mean,2018.0,1,FA,683,0.0189914948708224,0.0000455873604144,0.0002399832101357,,4.35601024421e-05,5.509243474684294,5.509243474684294,12.85490144093002,22.036973898737177
pitch_types,stuff_raw,mean,2022.0,1,CH,446,0.0167268556880148,0.0000482829960084,0.0002134707927338,,4.54813434368e-05,4.693590307645843,4.693590307645843,10.9517107178403,18.774361230583374
pitch_types,stuff_raw,mean,2015.0,1,XX,81,0.0281919452660559,0.0000639321491268,0.0000478907777906,,6.24361573789e-05,0.7670359580269048,0.7670359580269048,1.7897505687294446,3.0681438321076198
pitch_types,stuff_raw,mean,2022.0,14,CH,216,0.0210678093118046,0.0000331314797542,0.0002517655115153,,2.82409588698e-05,8.91490663172834,8.91490663172834,20.801448807366125,35.65962652691336
pitch_types,stuff_raw,mean,2024.0,1,SI,428,0.0200331921664354,0.0000141090170231,0.0001246384435603,,1.28597522066e-05,9.692134152919309,9.692134152919309,22.61497969014505,38.76853661167723
pitch_types,stuff_raw,mean,2016.0,1,CH,412,0.0237052478833827,0.0000470657665322,0.0000226782214825,,4.67306573072e-05,0.485296436843571,0.485296436843571,1.132358352634999,1.941185747374284
pitch_types,stuff_raw,mean,2023.0,1,SW,290,0.013527879427844,0.0000249270011781,0.0001259593437101,,2.34719818266e-05,5.3663701957755,5.3663701957755,12.5215304568095,21.465480783102
pitch_types,stuff_raw,mean,2015.0,1,FS,68,0.0217225416340828,0.000049477234763,0.0000212063614174,,4.92090055122e-05,0.4309447264116491,0.4309447264116491,1.0055376949605146,1.7237789056465966
pitch_types,stuff_raw,mean,2021.0,1,SI,376,0.0217329250068454,0.0000223068759337,0.0001414651151466,,2.08623250524e-05,6.780889224513025,6.780889224513025,15.822074857197055,27.123556898052104
pitch_types,stuff_raw,mean,2015.0,1,CU,353,0.020909696825773,0.0001500754495624,0.0000288990815501,,0.0001497057427951,0.1930392315660135,0.1930392315660135,0.4504248736540315,0.7721569262640542
pitch_types,stuff_raw,mean,2021.0,14,CH,209,0.0216891043521864,0.0000291578096895,0.000278558352117,,2.35765075655e-05,11.815081234679171,11.815081234679171,27.568522880918067,47.26032493871669
pitch_types,stuff_raw,mean,2016.0,1,SL,523,0.0228306861230913,0.000062257534343,0.0000233902955337,,6.2020678009e-05,0.3771370498451073,0.3771370498451073,0.8799864496385836,1.5085481993804295
pitch_types,stuff_raw,mean,2024.0,11,FS,102,0.0159301234731149,0.0000399961295396,0.000299947178645,,3.53598678914e-05,8.48270077157045,8.48270077157045,19.792968466997717,33.9308030862818
pitch_types,stuff_raw,mean,2015.0,1,FA,607,0.0302772671991486,0.0000394597695528,0.0000487479712947,,3.91279597305e-05,1.2458602909639982,1.2458602909639982,2.9070073455826626,4.983441163855993
pitch_types,stuff_raw,mean,2018.0,1,CU,364,0.0193098786845066,0.0000346671464732,0.0001680099122944,,3.26578878409e-05,5.144543122706144,5.144543122706144,12.003933952981,20.57817249082457
pitch_types,stuff_raw,mean,2025.0,11,SW,435,0.0149552564194812,0.0000207937119565,0.0001248188781082,,1.90113003113e-05,6.565509779129672,6.565509779129672,15.319522817969236,26.26203911651869
pitch_types,stuff_raw,mean,2023.0,1,FS,82,0.0138662369600661,0.0000558032423612,0.0003226574605959,,5.13823581627e-05,6.2795378050577,6.2795378050577,14.652254878467968,25.1181512202308
pitch_types,stuff_raw,mean,2023.0,11,SW,410,0.0158296706061016,0.0000191709842965,0.0001263100152339,,1.74847522712e-05,7.224009426849634,7.224009426849634,16.85602199598248,28.896037707398538
pitch_types,stuff_raw,mean,2022.0,1,HC,29,0.016407774071602,0.0000346873096742,0.000142151523265,,3.34661274291e-05,4.247623916629279,4.247623916629279,9.911122472134984,16.99049566651712
pitch_types,stuff_raw,mean,2018.0,1,HC,36,0.0184226182782505,0.0000262178661115,0.0001337881480097,,2.53507413118e-05,5.277484644885018,5.277484644885018,12.31413083806504,21.10993857954007
pitch_types,stuff_raw,mean,2021.0,1,FA,716,0.0167946132765145,0.0000525411086291,0.000267485294055,,5.01441986613e-05,5.334321839733957,5.334321839733957,12.446750959379232,21.337287358935832
pitch_types,stuff_raw,mean,2025.0,14,SW,78,0.0175145600624336,0.0000214264251778,0.0001489884488694,,1.89322154422e-05,7.869572862391318,7.869572862391318,18.36233667891308,31.47829144956528
pitch_types,stuff_raw,mean,2020.0,1,FA,570,0.0166833198112921,0.0000491229880511,0.0002542621682527,,4.5926961239e-05,5.536228859760487,5.536228859760487,12.917867339441136,22.14491543904195
pitch_types,stuff_raw,mean,2021.0,1,CU,378,0.0194932961201262,0.0000300628956371,0.0001844956587531,,2.7574023276e-05,6.690922717582785,6.690922717582785,15.612153007693164,26.763690870331143
pitch_types,stuff_raw,mean,2015.0,1,CH,385,0.0242433945671149,0.0000565960256419,0.0000220304148117,,5.63112896709e-05,0.3912255418134682,0.3912255418134682,0.9128595975647592,1.564902167253873
pitch_types,stuff_raw,mean,2021.0,14,SW,27,0.0186474417494038,0.0000335481190693,0.0001570875117953,,3.11615676219e-05,5.041065767333342,5.041065767333342,11.762486790444465,20.16426306933337
pitch_types,stuff_raw,mean,2023.0,1,FA,681,0.0153898261664934,0.0000776708020342,0.000261676076766,,7.52388925277e-05,3.477936316905779,3.477936316905779,8.115184739446818,13.911745267623116
pitch_types,stuff_raw,mean,2025.0,16,SI,19,0.0233041656228551,0.0000232405924612,0.0001622594051813,,1.71255672603e-05,9.474687916281434,9.474687916281434,22.107605137990014,37.89875166512574
pitch_types,stuff_raw,mean,2019.0,1,FA,703,0.0190820237102516,0.0000474838736041,0.0002302472220566,,4.55425435837e-05,5.055651352301597,5.055651352301597,11.79651982203706,20.222605409206388
pitch_types,stuff_raw,mean,2025.0,11,FA,1015,0.0172264459543606,0.0000496902501654,0.0002327154586329,,4.71199242779e-05,4.93879101460556,4.93879101460556,11.523845700746303,19.75516405842224
pitch_types,stuff_raw,mean,2019.0,1,CU,374,0.0182701759826033,0.0000311188218585,0.0001737959262475,,2.91052403543e-05,5.971293283673982,5.971293283673982,13.93301766190596,23.885173134695933
pitch_types,stuff_raw,mean,2025.0,1,CH,422,0.0151902071640192,0.0000555947359157,0.0002122722603278,,5.27658053704e-05,4.022913302231348,4.022913302231348,9.386797705206476,16.091653208925393
pitch_types,stuff_raw,mean,2022.0,1,CU,321,0.0178803733645412,0.0000343617541818,0.0001696360091891,,3.21814985323e-05,5.271227783825837,5.271227783825837,12.29953149559362,21.084911135303347
pitch_types,stuff_raw,mean,2023.0,14,SL,237,0.0197386892686006,0.0000234263455099,0.0001679970572122,,2.05599407639e-05,8.171086635969449,8.171086635969449,19.065868817262047,32.684346543877794
pitch_types,stuff_raw,mean,2025.0,1,FS,101,0.0114126465536079,0.0000435538761726,0.0002991873952767,,4.02074180037e-05,7.4410994321784125,7.4410994321784125,17.36256534174963,29.764397728713654
pitch_types,stuff_raw,mean,2024.0,14,CU,91,0.0222430771283867,0.0000179699014795,0.0001909632653898,,1.47444608144e-05,12.951525850488135,12.951525850488135,30.22022698447232,51.80610340195255
pitch_types,stuff_raw,mean,2018.0,1,SI,393,0.0223916859502989,0.0000188959522178,0.0001311504709703,,1.77298795174e-05,7.3971439479666365,7.3971439479666365,17.260002545255485,29.588575791866543
pitch_types,stuff_raw,mean,2022.0,14,CU,91,0.0225961627758168,0.0000216697471829,0.0002001621360101,,1.80651311854e-05,11.080026707568372,11.080026707568372,25.85339565099287,44.320106830273495
pitch_types,stuff_raw,mean,2025.0,11,CU,425,0.0201754436927866,0.0000269384493657,0.0001759398308057,,2.38320673216e-05,7.382482955880734,7.382482955880734,17.225793563721712,29.52993182352294
pitch_types,stuff_raw,mean,2018.0,1,SL,562,0.0153218660298774,0.000024828351666,0.0001516639379775,,2.3317560325e-05,6.504279858745905,6.504279858745905,15.176653003740446,26.01711943498362
pitch_types,stuff_raw,mean,2023.0,11,SI,502,0.0223727066946249,0.0000141520341195,0.0001278753719905,,1.25747599283e-05,10.169209807554063,10.169209807554063,23.728156217626147,40.67683923021625
pitch_types,stuff_raw,mean,2023.0,14,SI,93,0.0236268867318325,0.0000132438693879,0.0001604727921858,,1.04871919312e-05,15.30178843283832,15.30178843283832,35.70417300995608,61.20715373135329
pitch_types,stuff_raw,mean,2024.0,1,SW,309,0.0132891690328581,0.0000246710522375,0.0001259052691239,,2.32698234697e-05,5.410667136661958,5.410667136661958,12.62488998554457,21.642668546647837
pitch_types,stuff_raw,mean,2021.0,14,FA,352,0.019924975049041,0.0000422142233583,0.0002779897614449,,3.90003053614e-05,7.127886791363804,7.127886791363804,16.631735846515543,28.51154716545522
pitch_types,stuff_raw,mean,2017.0,1,FS,53,0.0161586642627788,0.0000246365791337,0.0002669845897924,,2.17338763621e-05,12.284260080593125,12.284260080593125,28.66327352138396,49.1370403223725
pitch_types,stuff_raw,mean,2019.0,1,SI,377,0.0222727343116036,0.0000175302566965,0.0001309733640736,,1.63106730475e-05,8.029917814665625,8.029917814665625,18.736474900886456,32.11967125866251
pitch_types,stuff_raw,mean,2025.0,14,CU,97,0.021826443057874,0.0000166238583076,0.0001906263954007,,1.31185179646e-05,14.531092301366956,14.531092301366956,33.9058820365229,58.12436920546783
pitch_types,stuff_raw,mean,2021.0,1,SL,616,0.0152209115120467,0.0000269155245862,0.0001592850870168,,2.53409161144e-05,6.285687790338927,6.285687790338927,14.666604844124164,25.14275116135571
pitch_types,stuff_raw,mean,2020.0,1,SI,289,0.0216040295575624,0.0000172865621802,0.0001269037572964,,1.55112497387e-05,8.181401204517321,8.181401204517321,19.08993614387375,32.725604818069286
pitch_types,stuff_raw,mean,2022.0,11,SL,334,0.0171589180036404,0.0000251462255003,0.0001448768676982,,2.27416429857e-05,6.370554132299199,6.370554132299199,14.864626308698128,25.482216529196798
pitch_types,stuff_raw,mean,2024.0,14,CH,206,0.0202236543661861,0.0000259374363397,0.0002383781468473,,2.13903955705e-05,11.1441672998088,11.1441672998088,26.0030570328872,44.57666919923521
pitch_types,stuff_raw,mean,2021.0,1,CH,452,0.0174446619929888,0.0000321142084679,0.0002218278417407,,2.89942176333e-05,7.650761422361602,7.650761422361602,17.851776652177072,30.60304568944641
pitch_types,stuff_raw,mean,2017.0,1,CH,419,0.0183466479176943,0.000025972215122,0.0002151738718377,,2.29735258295e-05,9.366166666548391,9.366166666548391,21.854388888612917,37.464666666193565
pitch_types,stuff_raw,mean,2022.0,1,FS,63,0.0119116220113749,0.0000438495088768,0.0003221505562619,,3.9242396945e-05,8.209247684674846,8.209247684674846,19.154911264241303,32.836990738699384
pitch_types,stuff_raw,mean,2025.0,14,FS,28,0.0159472942131223,0.0000456033103735,0.0002947181786883,,4.02531011144e-05,7.32162667046793,7.32162667046793,17.08379556442517,29.286506681871725
pitch_types,stuff_raw,mean,2021.0,14,XX,11,0.0281528782875762,0.0001658028652019,0.0002880440030059,,0.0001568357962605,1.8365960442312963,1.8365960442312963,4.2853907698730245,7.346384176925187
pitch_types,stuff_raw,mean,2024.0,1,HC,38,0.0159482771910516,0.0000325815127388,0.0001419981242458,,3.1455776187e-05,4.514214604069226,4.514214604069226,10.53316740949486,18.056858416276903
pitch_types,stuff_raw,mean,2015.0,1,SL,516,0.0232289205570509,0.0000794886228657,0.0000210312678349,,7.92871358393e-05,0.265254478072461,0.265254478072461,0.6189271155024091,1.0610179122898442
pitch_types,stuff_raw,mean,2025.0,14,SL,307,0.0174844001548368,0.0000222066757948,0.000166462489625,,1.97353932347e-05,8.434718662324975,8.434718662324975,19.68101021209161,33.7388746492999
pitch_types,stuff_raw,mean,2019.0,1,SL,586,0.0147651022919352,0.000025705761171,0.0001554527519822,,2.42765496749e-05,6.4034121019647845,6.4034121019647845,14.941294904584495,25.613648407859134
pitch_types,stuff_raw,mean,2023.0,1,SI,407,0.0203128137762039,0.0000208873913522,0.0001303353819116,,1.96526885371e-05,6.631936473473164,6.631936473473164,15.47451843810405,26.527745893892657
pitch_types,stuff_raw,mean,2021.0,1,SW,114,0.0140137331245274,0.0000273424875717,0.0001411561389119,,2.57539191575e-05,5.480957599042303,5.480957599042303,12.78890106443204,21.92383039616921
pitch_types,stuff_raw,mean,2016.0,1,FA,619,0.0298418018869291,0.000036871223611,0.0000520629946957,,3.64903649406e-05,1.4267600442043094,1.4267600442043094,3.3291067698100547,5.707040176817237
pitch_types,velo,mean,2025.0,16,SL,50,82.28549282991156,6.062186724667457,2.1821476660894965,,5.990393931457034,0.3642744852939473,0.3642744852939473,0.8499737990192102,1.4570979411757892
pitch_types,velo,mean,2023.0,1,SW,290,82.02170256288409,7.77117582630627,1.797703631058556,,7.75040965291718,0.2319494983574084,0.2319494983574084,0.5412154961672864,0.9277979934296338
pitch_types,velo,mean,2025.0,14,CU,97,79.49002809368051,7.897875545023111,2.2471572265391067,,7.856553613362627,0.2860232790516549,0.2860232790516549,0.6673876511205281,1.1440931162066197
pitch_types,velo,mean,2016.0,1,SI,405,92.20572503144125,7.391812260773144,1.7408707905162726,,7.374675035910316,0.2360606782047017,0.2360606782047017,0.550808249144304,0.944242712818807
pitch_types,velo,mean,2024.0,1,CH,411,85.65684033995204,18.780014646764048,1.5900904968973342,,18.75879847181967,0.0847650503461637,0.0847650503461637,0.1977851174743821,0.339060201384655
pitch_types,velo,mean,2023.0,1,CH,435,85.37475604050799,27.240328650607584,1.7030584922850929,,27.21671841903474,0.0625739836105301,0.0625739836105301,0.1460059617579036,0.2502959344421204
pitch_types,velo,mean,2024.0,14,CU,91,79.2013392999215,7.870490206420928,2.573584873630877,,7.827021399530683,0.3288076960905194,0.3288076960905194,0.7672179575445452,1.315230784362078
pitch_types,velo,mean,2016.0,1,XX,251,85.65852596464097,17.699746273592517,42.960092826361546,,16.485867007633015,2.605874037833186,2.605874037833186,6.080372754944101,10.423496151332746
pitch_types,velo,mean,2021.0,14,SW,27,80.78278726115511,4.89726302057313,2.1016592759197747,,4.865333569723968,0.4319661223226286,0.4319661223226286,1.0079209520861334,1.7278644892905146
pitch_types,velo,mean,2019.0,1,HC,31,89.57357411047896,12.10121640464337,1.5452373004682152,,12.090147212465473,0.1278096348467128,0.1278096348467128,0.2982224813089966,0.5112385393868514
pitch_types,velo,mean,2017.0,1,SI,388,92.30288557182917,6.75152153600857,1.6133966633525834,,6.7389738813276985,0.2394128085023406,0.2394128085023406,0.5586298865054614,0.9576512340093624
pitch_types,velo,mean,2025.0,14,FA,378,92.666575200399,15.408635557956378,1.625682088149297,,15.387841842143832,0.1056471794307711,0.1056471794307711,0.2465100853384659,0.4225887177230845
pitch_types,velo,mean,2024.0,11,FA,952,92.37336890609971,37.06446549203884,1.593183171683228,,37.04720090408402,0.0430041442485226,0.0430041442485226,0.1003430032465528,0.1720165769940906
pitch_types,velo,mean,2023.0,1,FS,82,86.23170244859308,9.101158026029797,1.764788575263993,,9.076977813640823,0.1944246875443365,0.1944246875443365,0.4536576042701186,0.7776987501773464
pitch_types,velo,mean,2023.0,14,SI,93,91.85309873554536,5.30117985530227,1.3661210574078542,,5.277711982207475,0.2588472167510087,0.2588472167510087,0.6039768390856869,1.0353888670040348
pitch_types,velo,mean,2023.0,14,FA,342,92.16446038166822,6.764820949391777,1.584529366014508,,6.743700926255419,0.23496435908737,0.23496435908737,0.5482501712038634,0.9398574363494804
pitch_types,velo,mean,2019.0,1,SI,377,92.66730772699503,6.752899028856509,1.361478467846864,,6.740221360464987,0.2019931386575321,0.2019931386575321,0.4713173235342416,0.8079725546301286
pitch_types,velo,mean,2025.0,11,FS,127,84.9409671327868,7.139931782315777,1.606708733574963,,7.111135491406193,0.2259426410193801,0.2259426410193801,0.5271994957118871,0.9037705640775208
pitch_types,velo,mean,2025.0,14,SW,78,81.15377867401274,5.483878325808284,2.307976521309944,,5.445240582058939,0.4238520753177188,0.4238520753177188,0.9889881757413438,1.6954083012708754
pitch_types,velo,mean,2024.0,11,CU,394,79.23263771216041,9.316014239399212,2.095427504857995,,9.28179301091878,0.2257567586772304,0.2257567586772304,0.526765770246871,0.903027034708922
pitch_types,velo,mean,2023.0,1,SI,407,93.41972196556924,6.960058299874941,1.232789963425195,,6.948379742479954,0.1774212131625953,0.1774212131625953,0.4139828307127224,0.7096848526503814
pitch_types,velo,mean,2022.0,1,SW,228,81.76304535776718,7.1437570608638215,1.894524667781171,,7.120266437062709,0.2660749684758581,0.2660749684758581,0.6208415931103355,1.0642998739034324
pitch_types,velo,mean,2024.0,1,SL,593,86.88137461175174,7.167967010745856,3.039435906881052,,7.1357304110314494,0.425946011382696,0.425946011382696,0.993874026559624,1.703784045530784
pitch_types,velo,mean,2023.0,11,SL,826,85.63496039458852,8.354170465500713,3.2441304217200493,,8.311585261606618,0.3903142805627627,0.3903142805627627,0.910733321313113,1.561257122251051
pitch_types,velo,mean,2019.0,1,SL,586,85.37909001007284,9.434524874398395,3.184591278582771,,9.405246174550175,0.3385973338156754,0.3385973338156754,0.7900604455699094,1.354389335262702
pitch_types,velo,mean,2023.0,16,FA,24,91.40667759038048,4.017173232444884,1.390575937931565,,3.968276983718836,0.3504231039407937,0.3504231039407937,0.8176539091951852,1.4016924157631747
pitch_types,velo,mean,2022.0,1,CU,321,79.30073683335685,13.357652530750348,2.095650086800762,,13.330718078785758,0.1572045912617219,0.1572045912617219,0.3668107129440178,0.6288183650468877
pitch_types,velo,mean,2017.0,1,SW,23,81.67606789347937,7.084663832264012,1.9667882029165829,,7.070275303281057,0.2781770325129869,0.2781770325129869,0.6490797425303029,1.1127081300519477
pitch_types,velo,mean,2022.0,11,SL,334,84.69449234878026,8.998415244392188,3.1805987085800327,,8.94562550533927,0.3555479386747932,0.3555479386747932,0.8296118569078508,1.4221917546991727
pitch_types,velo,mean,2022.0,1,HC,29,91.27837366586392,10.157086538569107,1.3813881028706956,,10.14521943657773,0.1361614809326073,0.1361614809326073,0.3177101221760837,0.5446459237304292
pitch_types,velo,mean,2024.0,14,SI,109,92.0214954135613,4.2196091928743895,1.530377389652884,,4.195385815016602,0.3647763178716921,0.3647763178716921,0.851144741700615,1.4591052714867687
pitch_types,velo,mean,2025.0,11,CH,612,84.71784865185019,37.332106356338805,1.761295638835032,,37.30149792245537,0.0472178260105404,0.0472178260105404,0.1101749273579276,0.1888713040421616
pitch_types,velo,mean,2019.0,1,SW,44,81.49038002539955,10.643786090492082,2.148075629803496,,10.625724794384846,0.202158033580791,0.202158033580791,0.4717020783551792,0.8086321343231644
pitch_types,velo,mean,2021.0,14,FA,352,91.83293506093976,12.238575840883865,1.7779746195514612,,12.218020175099458,0.1455206812618467,0.1455206812618467,0.3395482562776424,0.582082725047387
pitch_types,velo,mean,2015.0,1,CU,353,77.92982707599324,11.686437273806318,2.983490313378497,,11.648269397879776,0.2561316373676551,0.2561316373676551,0.5976404871911952,1.0245265494706204
pitch_types,velo,mean,2021.0,1,CU,378,78.81126695428541,11.970836776952527,2.2185909198293543,,11.940907673698366,0.185797510579211,0.185797510579211,0.4335275246848257,0.7431900423168442
pitch_types,velo,mean,2024.0,14,FS,11,83.02030798948621,9.48043853610939,3.1721275500393125,,9.419564859160117,0.3367594573070492,0.3367594573070492,0.7857720670497814,1.3470378292281968
pitch_types,velo,mean,2025.0,11,CU,425,79.32601001493218,10.179879134048932,2.1455328988191007,,10.14199774675123,0.2115493369643447,0.2115493369643447,0.493615119583471,0.846197347857379
pitch_types,velo,mean,2018.0,1,SI,393,92.55119961465782,6.878914256771787,1.4772509087366354,,6.865779862792324,0.2151614147640083,0.2151614147640083,0.5020433011160195,0.8606456590560335
pitch_types,velo,mean,2015.0,1,FS,68,84.50761597694247,9.834156707539464,2.234518509658617,,9.805893338174442,0.227875057641063,0.227875057641063,0.531708467829147,0.9115002305642522
pitch_types,velo,mean,2025.0,11,FA,1015,92.93403946856712,26.8285793899546,1.4989592685450803,,26.812023490166823,0.0559062343464981,0.0559062343464981,0.130447880141829,0.2236249373859927
pitch_types,velo,mean,2022.0,11,FA,425,92.90614144827994,10.981610164456464,1.4671737713570463,,10.960886951023836,0.1338553876080256,0.1338553876080256,0.3123292377520599,0.5354215504321027
pitch_types,velo,mean,2015.0,1,XX,81,82.1123674664704,41.22421828407335,29.348882516845187,,40.30743037455659,0.7281258627533645,0.7281258627533645,1.698960346424517,2.912503451013458
pitch_types,velo,mean,2022.0,1,SL,575,86.0448952712494,9.034088634934692,3.1263374684345315,,9.002653927208314,0.3472684270341596,0.3472684270341596,0.8102929964130392,1.3890737081366389
pitch_types,velo,mean,2025.0,14,CH,180,84.30582005255724,32.25209996348983,2.066189200356318,,32.211738553043325,0.0641439826960568,0.0641439826960568,0.1496692929574659,0.2565759307842273
pitch_types,velo,mean,2023.0,11,FA,946,92.67638465845286,24.52168732874243,1.597590160623156,,24.50538216533415,0.065193439949006,0.065193439949006,0.1521180265476808,0.2607737597960242
pitch_types,velo,mean,2024.0,14,FA,345,92.46749662833832,8.659264743664183,1.67878574150264,,8.639048385942859,0.1943253083562187,0.1943253083562187,0.4534257194978438,0.7773012334248752
pitch_types,velo,mean,2024.0,1,SI,428,93.49658051455786,6.144648592949039,1.2540324310400075,,6.132079288085087,0.2045036230168534,0.2045036230168534,0.4771751203726579,0.8180144920674137
pitch_types,velo,mean,2023.0,11,HC,34,90.54415329136526,6.079642237983634,1.5818132859661134,,6.064660798777677,0.2608246921715598,0.2608246921715598,0.6085909484003061,1.0432987686862392
pitch_types,velo,mean,2020.0,1,SI,289,92.72869131875554,7.312892240829648,1.1723458640145128,,7.296491779232324,0.1606725395554214,0.1606725395554214,0.3749025922959833,0.6426901582216857
pitch_types,velo,mean,2022.0,14,SW,61,80.25621152226039,6.28526253867497,2.4599671820263795,,6.2510773173509655,0.3935269165841714,0.3935269165841714,0.9182294720297334,1.574107666336686
pitch_types,velo,mean,2015.0,1,FA,607,92.77998951505056,7.764850599395219,1.7737095423915474,,7.752777599587458,0.2287837513210659,0.2287837513210659,0.5338287530824871,0.9151350052842638
pitch_types,velo,mean,2020.0,1,FA,570,93.26558916207632,9.20431501780435,1.3090086397448095,,9.1878610296287,0.1424715323320154,0.1424715323320154,0.3324335754413692,0.5698861293280616
pitch_types,velo,mean,2018.0,1,SL,562,85.31632191741242,10.139873720548607,3.18204009962486,,10.108176016445444,0.314798643637374,0.314798643637374,0.7345301684872061,1.259194574549496
pitch_types,velo,mean,2021.0,14,XX,11,86.86895793090713,7.88624565062631,41.29807179599674,,6.60059952336907,6.256715264997236,6.256715264997236,14.599002284993553,25.026861059988946
pitch_types,velo,mean,2022.0,14,CH,216,84.34900985940996,5.561666437465962,2.0109839211352867,,5.522603267910754,0.3641369520096015,0.3641369520096015,0.8496528880224035,1.4565478080384062
pitch_types,velo,mean,2021.0,1,SW,114,81.58000305331646,9.464727571612077,2.009709686335624,,9.442110338284383,0.2128453930671588,0.2128453930671588,0.4966392504900372,0.8513815722686353
pitch_types,velo,mean,2018.0,1,CH,419,84.95920807925675,8.994397163775227,1.768698903250947,,8.969407697198164,0.1971923858253703,0.1971923858253703,0.4601155669258641,0.7887695433014814
pitch_types,velo,mean,2015.0,1,SL,516,84.83498604986808,8.950904424089522,3.16601715081141,,8.920572853677198,0.3549118652740254,0.3549118652740254,0.8281276856393925,1.4196474610961016
pitch_types,velo,mean,2017.0,1,FA,636,92.92950870221034,11.043939727730908,1.6254286721552078,,11.031472265611736,0.1473446728613129,0.1473446728613129,0.3438042366763968,0.5893786914452517
pitch_types,velo,mean,2018.0,1,FS,61,85.37551751153812,9.99597043924758,1.7151944090553393,,9.972839894721943,0.1719865582082686,0.1719865582082686,0.4013019691526268,0.6879462328330745
pitch_types,velo,mean,2025.0,16,CH,15,83.41297604891562,18.434547572059778,1.7970598732037606,,18.366515060224906,0.0978443579149933,0.0978443579149933,0.228303501801651,0.3913774316599733
pitch_types,velo,mean,2016.0,1,SW,16,81.93438378249012,7.221618064409962,1.9698717138279496,,7.208656812698184,0.2732647378021913,0.2732647378021913,0.6376177215384464,1.0930589512087654
pitch_types,velo,mean,2022.0,1,SI,387,93.2681299533411,7.631767257330664,1.2511269472923552,,7.6203743764457155,0.1641818217172558,0.1641818217172558,0.3830909173402636,0.6567272868690234
pitch_types,velo,mean,2023.0,14,CH,187,84.75942168817548,6.635531051662048,1.8840079181494371,,6.60243523782543,0.2853504578668085,0.2853504578668085,0.6658177350225531,1.1414018314672345
pitch_types,velo,mean,2023.0,14,FS,11,82.60411307191208,7.38255298610094,2.548303532021264,,7.338067292757022,0.3472717584010909,0.3472717584010909,0.8103007696025454,1.3890870336043637
pitch_types,velo,mean,2023.0,14,CU,100,78.09554845347326,8.28492683508148,2.24448056627572,,8.244986549350328,0.2722236783336628,0.2722236783336628,0.6351885827785465,1.0888947133346512
pitch_types,velo,mean,2022.0,14,SI,90,91.59415676263508,5.07039245700244,1.4038437311905458,,5.046969079166032,0.2781558018624752,0.2781558018624752,0.6490302043457756,1.112623207449901
pitch_types,velo,mean,2020.0,1,CU,300,79.02997151508262,12.150772964004831,2.051642788164549,,12.112417538332824,0.16938342669179,0.16938342669179,0.3952279956141766,0.67753370676716
pitch_types,velo,mean,2018.0,1,FA,683,92.94813209695776,12.128459817484377,1.57412241474807,,12.115162419666936,0.1299299473024601,0.1299299473024601,0.3031698770390736,0.5197197892098404
pitch_types,velo,mean,2019.0,1,FA,703,92.65073922075578,19.693016300364853,1.478563179920196,,19.6805497912682,0.0751281440611074,0.0751281440611074,0.1752990028092507,0.3005125762444299
pitch_types,velo,mean,2017.0,1,SL,558,85.21822057354298,9.208368144561158,3.096927957337636,,9.177809552648238,0.3374365026395675,0.3374365026395675,0.7873518394923242,1.34974601055827
pitch_types,velo,mean,2022.0,14,SL,241,82.74544533522662,7.873373023455104,2.7585635343095074,,7.829843021977625,0.352314028080318,0.352314028080318,0.822066065520742,1.409256112321272
pitch_types,velo,mean,2025.0,14,SI,105,92.47525000330045,3.9596567727609657,1.4156710943565534,,3.935961497968564,0.3596760524937076,0.3596760524937076,0.8392441224853178,1.4387042099748306
pitch_types,velo,mean,2024.0,1,FA,671,93.3942663384994,36.32076683258416,1.4632389949383116,,36.307040130531945,0.0403017979344402,0.0403017979344402,0.0940375285136939,0.161207191737761
pitch_types,velo,mean,2022.0,11,HC,13,88.48277834328043,7.97965048538351,1.3356987957314108,,7.96274433577045,0.1677435240173603,0.1677435240173603,0.3914015560405075,0.6709740960694415
pitch_types,velo,mean,2022.0,14,CU,91,77.80814998940097,6.3321431454930375,2.195571029527105,,6.292604246605637,0.3489129370739375,0.3489129370739375,0.8141301865058542,1.3956517482957502
pitch_types,velo,mean,2016.0,1,HC,49,89.81736333152654,7.203761315929931,1.710818594734775,,7.18989028917182,0.2379478025292425,0.2379478025292425,0.5552115392348993,0.9517912101169702
pitch_types,velo,mean,2022.0,11,SW,127,80.63553499858125,7.309007080504138,1.9050410216358813,,7.277681049591974,0.2617648408407081,0.2617648408407081,0.6107846286283191,1.047059363362833
pitch_types,velo,mean,2025.0,1,SL,613,87.12481263151825,7.738482215765254,3.233932366217003,,7.703964138777711,0.4197751064207432,0.4197751064207432,0.9794752483150676,1.6791004256829731
pitch_types,velo,mean,2020.0,1,SL,481,85.35461919577253,9.688280986793062,2.991336862969081,,9.644125112461689,0.3101719262334969,0.3101719262334969,0.723734494544826,1.2406877049339875
pitch_types,velo,mean,2016.0,1,CU,369,78.19886953290383,11.371279146259257,2.8708718168520466,,11.335502561214588,0.2532637438303781,0.2532637438303781,0.5909487356042157,1.0130549753215126
pitch_types,velo,mean,2025.0,14,SL,307,84.49944370665186,7.39929450495352,3.238665521515584,,7.351213657193726,0.4405620177215638,0.4405620177215638,1.0279780413503157,1.7622480708862551
pitch_types,velo,mean,2023.0,11,SI,502,92.44831938287396,6.99204626417637,1.3350957377504022,,6.975578573664572,0.1913956991024214,0.1913956991024214,0.4465899645723166,0.7655827964096856
pitch_types,velo,mean,2022.0,11,CH,252,84.1629134655181,13.8603026601047,1.9759270847306996,,13.825371246718818,0.1429203635453657,0.1429203635453657,0.3334808482725199,0.5716814541814628
pitch_types,velo,mean,2025.0,1,SI,454,93.6997237038766,6.349869737753635,1.1815329082247148,,6.337173284804701,0.1864447846262621,0.1864447846262621,0.4350378307946118,0.7457791385050487
pitch_types,velo,mean,2021.0,14,CH,209,84.38591222591289,7.350464943456159,2.1095112979307133,,7.308197964928198,0.2886499938909959,0.2886499938909959,0.6735166524123238,1.1545999755639835
pitch_types,velo,mean,2022.0,11,SI,205,92.27541934106291,7.687685300511839,1.3512672495505758,,7.664485357210971,0.1763024112609549,0.1763024112609549,0.4113722929422282,0.7052096450438199
pitch_types,velo,mean,2025.0,11,HC,39,91.01802849305948,6.622203489348263,1.4636737823474375,,6.609843028481199,0.2214385086061202,0.2214385086061202,0.5166898534142804,0.8857540344244808
pitch_types,velo,mean,2023.0,1,SL,583,86.5208677099937,7.864258454718453,3.153182122372475,,7.833301800301624,0.4025355083664797,0.4025355083664797,0.939249519521786,1.6101420334659189
pitch_types,velo,mean,2016.0,1,FS,63,84.91546801239495,9.781856532227955,1.9408043440212663,,9.75651392998103,0.1989239556208003,0.1989239556208003,0.464155896448534,0.7956958224832013
pitch_types,velo,mean,2024.0,11,FS,102,84.7559101703072,9.285281206360224,1.8519797162497695,,9.256655291055395,0.2000700747752071,0.2000700747752071,0.4668301744754832,0.8002802991008285
pitch_types,velo,mean,2024.0,14,SL,259,83.96639490808847,7.054979778750894,3.2004961930229543,,7.005498088208708,0.456854909204795,0.456854909204795,1.0659947881445218,1.82741963681918
pitch_types,velo,mean,2025.0,16,CU,11,78.80879634607997,4.225614590500778,1.6182656543605909,,4.173109885093018,0.3877840984109432,0.3877840984109432,0.9048295629588676,1.5511363936437728
pitch_types,velo,mean,2025.0,11,SL,892,86.20524749108927,7.1008982522883946,3.355662314490068,,7.059083910718866,0.4753679594875848,0.4753679594875848,1.1091919054710313,1.9014718379503397
pitch_types,velo,mean,2025.0,16,FA,137,92.40451458767627,3.938052748720609,1.357951435832509,,3.897047736418203,0.3484564541363841,0.3484564541363841,0.8130650596515631,1.3938258165455366
pitch_types,velo,mean,2024.0,11,HC,41,91.04909441942084,7.356136161467123,1.3506797458980562,,7.338668359564042,0.1840497048947302,0.1840497048947302,0.4294493114210373,0.7361988195789211
pitch_types,velo,mean,2024.0,1,SW,309,82.31771284812055,7.72538900449178,1.803609025700654,,7.70531622381992,0.2340733298037848,0.2340733298037848,0.546171102875498,0.9362933192151396
pitch_types,velo,mean,2019.0,1,CH,434,85.09730188432408,9.666965538666217,1.6833151833978757,,9.644537786753345,0.1745355993845437,0.1745355993845437,0.4072497318972687,0.698142397538175
pitch_types,velo,mean,2015.0,1,HC,58,89.38055495155916,6.666606149399977,1.6821143431914878,,6.651694097938282,0.2528851024151675,0.2528851024151675,0.5900652389687241,1.01154040966067
pitch_types,velo,mean,2024.0,1,FS,90,86.1685884608491,10.098529047632894,1.5124328485607772,,10.079736745714811,0.1500468600237755,0.1500468600237755,0.3501093400554761,0.6001874400951022
pitch_types,velo,mean,2021.0,1,SI,376,92.80835820644153,8.093817511073121,1.3076496947026717,,8.080464632401327,0.1618285277135194,0.1618285277135194,0.377599897998212,0.6473141108540776
pitch_types,velo,mean,2018.0,1,HC,36,89.91074312952115,9.163221649586138,1.5464160778167744,,9.153198820571792,0.1689481577021147,0.1689481577021147,0.3942123679716011,0.6757926308084592
pitch_types,velo,mean,2020.0,1,CH,325,84.96143231550084,13.254552717185408,1.4557499332586838,,13.22607816065048,0.1100666361998187,0.1100666361998187,0.2568221511329103,0.4402665447992748
pitch_types,velo,mean,2023.0,14,SL,237,83.33401415825008,7.4793701819262015,3.41110713022762,,7.42116908108876,0.4596455212050196,0.4596455212050196,1.0725062161450458,1.838582084820079
pitch_types,velo,mean,2021.0,16,FA,25,90.6249501298102,19.15321118915346,1.5913944311080153,,19.09850737538624,0.0833255918815399,0.0833255918815399,0.1944263810569266,0.3333023675261599
pitch_types,velo,mean,2021.0,1,CH,452,85.32773520852268,13.09219239133637,1.6756964309625892,,13.06862385519093,0.1282228679569037,0.1282228679569037,0.2991866918994421,0.5128914718276151
pitch_types,velo,mean,2025.0,1,CH,422,85.58520092864565,30.19875468370824,1.6876973793154224,,30.176262914599587,0.0559279783613926,0.0559279783613926,0.1304986161765829,0.2237119134455707
pitch_types,velo,mean,2019.0,1,CU,374,78.88527236274926,10.978490845027403,2.3563765953266933,,10.951190111162632,0.2151708235733046,0.2151708235733046,0.5020652550043775,0.8606832942932187
pitch_types,velo,mean,2017.0,1,HC,37,89.75121874765686,8.46808394334981,1.605166047864889,,8.456890226194876,0.1898057093011509,0.1898057093011509,0.4428799883693521,0.7592228372046038
pitch_types,velo,mean,2022.0,11,XX,10,85.06945290848066,16.67742400666452,18.8428903541793,,16.160501894142275,1.1659842297973009,1.1659842297973009,2.720629869527035,4.663936919189203
pitch_types,velo,mean,2025.0,1,SW,323,82.45160394304366,7.018264997031364,1.818276623015901,,6.996903779529097,0.2598687477074716,0.2598687477074716,0.6063604113174338,1.0394749908298868
pitch_types,velo,mean,2024.0,11,SI,521,92.5777389846016,5.774421233282501,1.2757141384443644,,5.757135445851907,0.2215883490049784,0.2215883490049784,0.5170394810116162,0.8863533960199138
pitch_types,velo,mean,2024.0,1,HC,38,91.95170205149712,7.295524660057807,1.4798071898306502,,7.283793004783689,0.2031643662661439,0.2031643662661439,0.4740501879543357,0.8126574650645757
pitch_types,velo,mean,2024.0,11,SW,406,81.47928157586249,7.212373686704449,1.822863935445052,,7.188084370478877,0.2535952336524413,0.2535952336524413,0.5917222118556963,1.0143809346097652
pitch_types,velo,mean,2020.0,1,FS,49,85.17208148492783,12.642246981528588,1.633961646926097,,12.61494496515222,0.1295258640794538,0.1295258640794538,0.3022270161853923,0.5181034563178154
pitch_types,velo,mean,2023.0,11,SW,410,81.27848716303738,6.980301901983911,1.7862240584969882,,6.956455905242309,0.2567721384032506,0.2567721384032506,0.5991349896075848,1.0270885536130026
pitch_types,velo,mean,2023.0,1,HC,34,91.7280221278475,8.059331908049415,1.4048116193601994,,8.04652683067446,0.1745860852666103,0.1745860852666103,0.4073675322887574,0.6983443410664414
pitch_types,velo,mean,2017.0,1,CH,419,84.70478603301731,10.24244388097419,1.9937284049370176,,10.214659039027374,0.1951830596909339,0.1951830596909339,0.4554271392788458,0.7807322387637359
pitch_types,velo,mean,2021.0,14,SI,76,91.30251678282244,8.620825678213045,1.6847564182950834,,8.5958771026447,0.1959958708316959,0.1959958708316959,0.4573236986072905,0.7839834833267839
pitch_types,velo,mean,2023.0,11,FS,88,85.32957650517768,7.250958403813217,1.7778102498359176,,7.219424202912375,0.2462537454328746,0.2462537454328746,0.5745920726767073,0.9850149817314984
pitch_types,velo,mean,2018.0,1,SW,32,81.48764315357056,7.482005813096928,1.9730169550935608,,7.466691847445794,0.2642424510619773,0.2642424510619773,0.6165657191446138,1.0569698042479094
pitch_types,velo,mean,2024.0,1,CU,299,79.81656800256354,11.028962522094004,1.9680135833745165,,11.003461418766456,0.178854044966074,0.178854044966074,0.4173261049208393,0.7154161798642961
pitch_types,velo,mean,2022.0,11,FS,21,83.75089252379452,7.760453650733034,1.4554923504323458,,7.728533248778709,0.1883271124779527,0.1883271124779527,0.4394299291152231,0.7533084499118112
pitch_types,velo,mean,2021.0,14,SL,242,82.23478246645301,6.817260592439117,2.8656375543658235,,6.772913204188916,0.4231026543487198,0.4231026543487198,0.9872395268136795,1.6924106173948794
pitch_types,velo,mean,2016.0,1,CH,412,84.3989648857472,11.011026841353846,2.255966867210394,,10.97769110075715,0.2055046773045742,0.2055046773045742,0.4795109137106731,0.8220187092182968
pitch_types,velo,mean,2022.0,11,CU,154,78.00378228471341,9.061346574419654,2.5016422048713074,,9.019333939755036,0.2773644064607338,0.2773644064607338,0.6471836150750455,1.1094576258429352
pitch_types,velo,mean,2025.0,1,CU,304,80.24841442933891,11.273560575137488,2.163448192155151,,11.249535503378024,0.1923144463614083,0.1923144463614083,0.4487337081766193,0.7692577854456333
pitch_types,velo,mean,2023.0,14,SW,84,81.18066044181084,5.606564194614561,2.10987311951597,,5.5726852991274045,0.3786097736124347,0.3786097736124347,0.883422805095681,1.514439094449739
pitch_types,velo,mean,2024.0,11,CH,559,84.76510185752635,25.20336243260679,1.6862418390500993,,25.176390706540275,0.0669771079860168,0.0669771079860168,0.1562799186340393,0.2679084319440674
pitch_types,velo,mean,2023.0,11,CH,617,84.89054612643528,17.528310526371545,1.7465056285774752,,17.500056485017172,0.0997999995070165,0.0997999995070165,0.2328666655163719,0.3991999980280661
pitch_types,velo,mean,2021.0,14,CU,127,77.88095182598396,5.748495134058675,2.5234475650700987,,5.699563414384949,0.4427440106554914,0.4427440106554914,1.0330693581961468,1.7709760426219656
pitch_types,velo,mean,2025.0,11,SW,435,81.69363790756334,6.748406108547242,1.7927289395701334,,6.722805967069683,0.2666637931172573,0.2666637931172573,0.6222155172736005,1.0666551724690294
pitch_types,velo,mean,2020.0,1,SW,57,80.85011330352421,11.842403517864897,1.7504662641770286,,11.814854523268728,0.1481580886780771,0.1481580886780771,0.3457022069155132,0.5926323547123084
pitch_types,velo,mean,2024.0,11,SL,836,86.03222478779733,7.462060591113398,3.5097428653919933,,7.417653560259512,0.4731607963191533,0.4731607963191533,1.1040418580780242,1.8926431852766132
pitch_types,velo,mean,2025.0,1,FS,101,86.1242749033007,8.00607783895217,1.5182840853692876,,7.989095592171678,0.1900445510824801,0.1900445510824801,0.4434372858591204,0.7601782043299208
pitch_types,velo,mean,2018.0,1,CU,364,78.7970434984548,11.907726874747697,2.439927677321649,,11.878547371700767,0.2054062336893556,0.2054062336893556,0.4792812119418297,0.8216249347574225
pitch_types,velo,mean,2023.0,1,FA,681,92.94785142685926,45.439939528974165,1.529413792670176,,45.4257257881244,0.0336684503359109,0.0336684503359109,0.0785597174504589,0.1346738013436438
pitch_types,velo,mean,2025.0,1,HC,39,92.26294377785436,6.824831534435346,1.5692802861507082,,6.809409008125363,0.2304576335887822,0.2304576335887822,0.5377344783738253,0.9218305343551292
pitch_types,velo,mean,2022.0,14,FA,346,92.25478359174028,5.20298654456659,1.566416443802024,,5.184520558454693,0.3021333267253766,0.3021333267253766,0.7049777623592122,1.2085333069015065
pitch_types,velo,mean,2015.0,1,SI,409,91.84769505162708,7.740100616051257,1.6784816844363928,,7.724423084265593,0.2172954104307682,0.2172954104307682,0.5070226243384592,0.869181641723073
pitch_types,velo,mean,2025.0,14,FS,28,84.37049053074304,6.935269292083046,1.799347678313456,,6.902604572683162,0.2606766271146861,0.2606766271146861,0.608245463267601,1.0427065084587446
pitch_types,velo,mean,2016.0,1,SL,523,85.1968776636093,9.800042984039818,3.258057023794268,,9.76705103481461,0.3335763284312673,0.3335763284312673,0.7783447663396237,1.334305313725069
pitch_types,velo,mean,2017.0,1,FS,53,84.33913462848197,10.169702497221008,1.7515494003739451,,10.150659348315047,0.1725552341252287,0.1725552341252287,0.4026288796255337,0.690220936500915
pitch_types,velo,mean,2025.0,16,SI,19,92.58268644294202,4.717959879121455,1.3251338460926565,,4.668019927385649,0.2838749334206045,0.2838749334206045,0.6623748446480773,1.1354997336824182
pitch_types,velo,mean,2020.0,1,HC,20,89.88958685687336,12.060497157661509,1.299534878987583,,12.047946591499482,0.1078635989226976,0.1078635989226976,0.2516817308196279,0.4314543956907907
pitch_types,velo,mean,2021.0,1,FA,716,93.01687374468048,20.71836762453284,1.4909597321056884,,20.705007277916103,0.0720096212521471,0.0720096212521471,0.1680224495883433,0.2880384850085885
pitch_types,velo,mean,2017.0,1,CU,361,78.36502521415377,11.82478566390452,2.558375264737125,,11.795703311977835,0.2168904385836194,0.2168904385836194,0.5060776900284452,0.8675617543344777
pitch_types,velo,mean,2024.0,16,FA,12,92.88664788369802,5.552642306914728,1.493662107689,,5.505671931507865,0.2712951527571174,0.2712951527571174,0.6330220230999406,1.0851806110284696
pitch_types,velo,mean,2022.0,1,FS,63,86.28123152477053,13.66509758712542,1.720899458764843,,13.640486807240343,0.1261611468185573,0.1261611468185573,0.2943760092433004,0.5046445872742292
pitch_types,velo,mean,2015.0,1,CH,385,84.28098217257941,11.472807221205336,2.1009957671707187,,11.445652531881615,0.1835627773356251,0.1835627773356251,0.4283131471164586,0.7342511093425006
pitch_types,velo,mean,2023.0,1,CU,299,79.27011996047504,16.96993631403081,2.000192325273984,,16.944203311119647,0.1180458171179612,0.1180458171179612,0.2754402399419097,0.4721832684718452
pitch_types,velo,mean,2023.0,11,CU,393,78.87343534995986,9.835874954095088,2.085841813082417,,9.801995199703008,0.2127976774713801,0.2127976774713801,0.4965279140998869,0.8511907098855205
pitch_types,velo,mean,2024.0,14,CH,206,84.85728409053574,6.181711441484377,1.9597720729138133,,6.144328973201125,0.3189562410250952,0.3189562410250952,0.7442312290585554,1.2758249641003807
pitch_types,velo,mean,2025.0,11,SI,565,92.95844593410098,5.943843289321365,1.267905373481627,,5.926162910246346,0.2139504756592864,0.2139504756592864,0.4992177765383351,0.855801902637146
pitch_types,velo,mean,2022.0,1,FA,688,93.04520150572768,32.04751946071815,1.624124312308458,,32.03239812550738,0.0507025513963991,0.0507025513963991,0.1183059532582647,0.2028102055855966
pitch_types,velo,mean,2022.0,16,FA,27,91.65657385792616,4.333294429682681,1.4225918461980234,,4.291602650655734,0.3314826562474648,0.3314826562474648,0.7734595312440845,1.3259306249898593
pitch_types,velo,mean,2019.0,1,FS,55,85.26095667980846,11.377059023765312,1.7573231756708287,,11.353753488769518,0.1547790497133016,0.1547790497133016,0.3611511159977037,0.6191161988532063
pitch_types,velo,mean,2016.0,1,FA,619,93.00279767626634,6.545066622449136,1.7868873600674489,,6.531994928280726,0.2735592081266009,0.2735592081266009,0.6383048189620688,1.0942368325064038
pitch_types,velo,mean,2025.0,1,FA,699,92.70439344289537,70.90017607456431,1.4809398953746722,,70.88588638497343,0.0208918865362259,0.0208918865362259,0.0487477352511939,0.0835675461449039
pitch_types,velo,mean,2021.0,1,FS,55,85.90952263899783,7.911328242253482,2.0190727309416445,,7.888693745440456,0.2559451280649141,0.2559451280649141,0.5972052988181329,1.0237805122596564
pitch_types,velo,mean,2021.0,1,SL,616,85.46034478294634,9.159374344375058,3.159625675831977,,9.12813994917914,0.3461412394445279,0.3461412394445279,0.8076628920372317,1.3845649577781116
pitch_types,velo,mean,2021.0,1,HC,27,90.45312071180548,12.488714618838475,1.4121878046291958,,12.477754566996612,0.1131764370782225,0.1131764370782225,0.2640783531825192,0.4527057483128901
pitch_types,velo,mean,2024.0,14,SW,82,81.30488788257857,6.223515481762559,2.047024687011429,,6.192199789275578,0.3305811757812985,0.3305811757812985,0.7713560768230299,1.322324703125194
pitch_types,velo,mean,2015.0,1,SW,12,81.7170044100146,7.736233400389909,1.9466888643040203,,7.7143942834328705,0.2523450050361897,0.2523450050361897,0.5888050117511092,1.0093800201447587
pitch_types,velo,mean,2022.0,1,CH,446,85.24438466620921,27.536098920715688,1.6482225119374898,,27.514467170629626,0.0599038499170679,0.0599038499170679,0.1397756498064918,0.2396153996682717
pitch_types,vaa,mean,2021.0,14,SI,76,5.878741944987574,0.3301690317156305,0.9369513110998166,,0.3162942660017301,2.962277258275341,2.962277258275341,6.9119802693091295,11.849109033101364
pitch_types,vaa,mean,2022.0,11,SW,127,7.826425272971028,0.7161472245929169,1.0409982758873488,,0.6990293023016936,1.489205491757862,1.489205491757862,3.4748128141016785,5.956821967031448
pitch_types,vaa,mean,2025.0,14,CH,180,7.246845422364797,2.7799254103781945,1.1869298454006467,,2.7567396524363943,0.4305556545216895,0.4305556545216895,1.0046298605506088,1.7222226180867584
pitch_types,vaa,mean,2023.0,14,CH,187,7.005553388472152,0.2721297293669663,1.1500889361403843,,0.251926454763193,4.565177314234229,4.565177314234229,10.652080399879868,18.26070925693692
pitch_types,vaa,mean,2024.0,14,FS,11,7.670799008077979,0.3653436326038115,1.7092114188158511,,0.3325435695213178,5.139811968928425,5.139811968928425,11.992894594166328,20.559247875713705
pitch_types,vaa,mean,2024.0,14,SL,259,7.479495148452885,0.5396339155773195,1.2389036832589306,,0.5204796829304463,2.380311324129995,2.380311324129995,5.554059756303322,9.52124529651998
pitch_types,vaa,mean,2020.0,1,FS,49,7.760416296380039,0.5629914440043576,1.037445382961437,,0.5456566730882321,1.9012786503459167,1.9012786503459167,4.436316850807139,7.605114601383667
pitch_types,vaa,mean,2022.0,14,SW,61,7.968040213576372,0.6122569888516247,1.2499086278009257,,0.5948874875882134,2.101084077038319,2.101084077038319,4.902529513089411,8.404336308153276
pitch_types,vaa,mean,2022.0,16,FA,27,5.397800919233087,0.2542897840078826,1.0307385021874151,,0.2240820178220904,4.599826939285098,4.599826939285098,10.73292952499856,18.39930775714039
pitch_types,vaa,mean,2025.0,16,SI,19,5.753131549145174,0.2589656121253407,0.9191633374449762,,0.2243253583542402,4.0974562313793,4.0974562313793,9.5607312065517,16.3898249255172
pitch_types,vaa,mean,2023.0,11,FS,88,7.7344012870954035,0.3278991773249764,1.339187751506704,,0.3041451149306028,4.403121029289812,4.403121029289812,10.273949068342894,17.612484117159248
pitch_types,vaa,mean,2024.0,14,CH,206,6.988773320606486,0.3372343762070787,1.212941737745133,,0.314097626445524,3.861671135408918,3.861671135408918,9.01056598262081,15.446684541635673
pitch_types,vaa,mean,2020.0,1,CU,300,9.886805864576376,0.8410172897635689,1.2544235062433304,,0.8175658644801354,1.534339385660358,1.534339385660358,3.580125233207501,6.137357542641433
pitch_types,vaa,mean,2024.0,1,HC,38,5.448090244930018,0.4824907414908592,0.818119596852935,,0.4760048309281614,1.718721205534163,1.718721205534163,4.010349479579713,6.874884822136652
pitch_types,vaa,mean,2021.0,1,SI,376,5.956999816418007,0.3594082985917711,0.7110530049791768,,0.3521474820725118,2.01919093896222,2.01919093896222,4.71144552424518,8.07676375584888
pitch_types,vaa,mean,2016.0,1,FS,63,8.057669580628541,0.4434638677337403,1.1326781272162296,,0.4286736023779036,2.6422856946010413,2.6422856946010413,6.165333287402429,10.569142778404164
pitch_types,vaa,mean,2018.0,1,FS,61,7.909706342361644,0.3848562753525397,1.1631554999292866,,0.3691703449767693,3.150728425931612,3.150728425931612,7.351699660507095,12.60291370372645
pitch_types,vaa,mean,2023.0,11,SW,410,7.818550407740875,0.597629778825897,1.0199339948660642,,0.5840137139192968,1.7464213092211838,1.7464213092211838,4.0749830548494295,6.985685236884736
pitch_types,vaa,mean,2019.0,1,FS,55,7.945978292482059,0.4360624250389407,1.1281958303968844,,0.4211003464802338,2.679161486868644,2.679161486868644,6.2513768026935015,10.716645947474577
pitch_types,vaa,mean,2024.0,11,SI,521,6.017695398163466,0.2493265044522084,0.7023035320037584,,0.2398103681955578,2.928578681931934,2.928578681931934,6.833350257841179,11.714314727727738
pitch_types,vaa,mean,2015.0,1,SW,12,8.173197986812697,1.0779750209482424,1.0693967629929884,,1.065977890123316,1.0032072643357328,1.0032072643357328,2.34081695011671,4.012829057342931
pitch_types,vaa,mean,2022.0,1,SW,228,7.869947833381519,0.7678817290859027,1.0196981609038915,,0.7552382695966505,1.3501674927681842,1.3501674927681842,3.150390816459096,5.400669971072737
pitch_types,vaa,mean,2021.0,1,SL,616,7.553928334018851,0.8713113738264522,1.0861042997488253,,0.8605747187910712,1.262068564220172,1.262068564220172,2.944826649847068,5.048274256880688
pitch_types,vaa,mean,2021.0,14,SL,242,7.993465380529108,0.5786081567927828,1.2925553268713632,,0.5586051201811563,2.313898101134816,2.313898101134816,5.399095569314571,9.255592404539264
pitch_types,vaa,mean,2025.0,14,SL,307,7.462075337634345,0.4945595145162433,1.2509636342817252,,0.4759878554012903,2.628141915988754,2.628141915988754,6.132331137307093,10.512567663955018
pitch_types,vaa,mean,2024.0,11,HC,41,5.613907161425576,0.5591744459220086,0.8362560178559351,,0.5483594807131726,1.525014242059491,1.525014242059491,3.558366564805479,6.100056968237965
pitch_types,vaa,mean,2022.0,11,HC,13,5.896673992321807,0.2788652786066644,0.7184128381043724,,0.2697722143890806,2.663034959813308,2.663034959813308,6.213748239564385,10.652139839253232
pitch_types,vaa,mean,2022.0,11,SI,205,5.966909227407264,0.3165239613023732,0.7144841342918433,,0.3042569642220741,2.348291800382089,2.348291800382089,5.479347534224875,9.393167201528357
pitch_types,vaa,mean,2016.0,1,CH,412,7.450770771806084,0.2887480616218364,0.9890100443125917,,0.2741337590964188,3.6077644999743903,3.6077644999743903,8.41811716660691,14.431057999897565
pitch_types,vaa,mean,2020.0,1,SW,57,8.142349790998257,0.5609906918762683,0.9746687314373024,,0.5456512682238822,1.7862484487755157,1.7862484487755157,4.16791304714287,7.144993795102064
pitch_types,vaa,mean,2025.0,1,SL,613,7.152315245715512,0.9820267344925364,1.1165737177885406,,0.970108743270606,1.1509778934927908,1.1509778934927908,2.685615084816512,4.603911573971163
pitch_types,vaa,mean,2020.0,1,SI,289,6.0046564418259525,0.3817289983472696,0.6653926295641347,,0.3724205283783988,1.7866701184851468,1.7866701184851468,4.168896943132009,7.146680473940588
pitch_types,vaa,mean,2023.0,11,HC,34,5.77151687521462,0.3775399567909648,0.8586477826785367,,0.3694076571891999,2.3243908618785403,2.3243908618785403,5.423578677716594,9.29756344751416
pitch_types,vaa,mean,2016.0,1,HC,49,6.280433468454644,0.4560846019684386,0.8075640619117951,,0.4495370096368249,1.796435097889305,1.796435097889305,4.191681895075045,7.18574039155722
pitch_types,vaa,mean,2018.0,1,CH,419,7.304150070800953,0.3338136859954906,0.9042884755925052,,0.3210372396510581,2.8167712772991527,2.8167712772991527,6.572466313698023,11.26708510919661
pitch_types,vaa,mean,2024.0,16,FA,12,5.230691109410163,0.1919403331168452,0.87418319246826,,0.1644503723598348,5.315787248906038,5.315787248906038,12.403503580780756,21.26314899562416
pitch_types,vaa,mean,2022.0,11,XX,10,5.915871876035703,1.8585325203023773,3.3974505178494585,,1.7653293404363428,1.92454203305186,1.92454203305186,4.490598077121007,7.698168132207441
pitch_types,vaa,mean,2017.0,1,CH,419,7.156158156529082,0.3186934345087339,0.9707150503774608,,0.3051654313046141,3.180946957941967,3.180946957941967,7.422209568531256,12.72378783176787
pitch_types,vaa,mean,2019.0,1,SI,377,6.025054248348914,0.3374270369583175,0.6906038128657151,,0.3309963468400385,2.0864393805514267,2.0864393805514267,4.868358554619995,8.345757522205709
pitch_types,vaa,mean,2018.0,1,CU,364,9.758070380884044,0.7877046132295809,1.3056165998856415,,0.7720905260135591,1.6910149210440035,1.6910149210440035,3.945701482436008,6.764059684176015
pitch_types,vaa,mean,2021.0,1,CU,378,9.921358346952992,0.7253925843148927,1.3582214217567283,,0.7070699864846905,1.9209151112598333,1.9209151112598333,4.482135259606278,7.683660445039334
pitch_types,vaa,mean,2022.0,14,SL,241,7.79616145576321,0.5855376982389912,1.2794314600903238,,0.5653483306005892,2.2630852358423685,2.2630852358423685,5.280532216965526,9.052340943369474
pitch_types,vaa,mean,2016.0,1,XX,251,6.523282241105968,0.6619480096892544,3.170371167641173,,0.5723660844045417,5.539061894171199,5.539061894171199,12.92447775306613,22.156247576684795
pitch_types,vaa,mean,2018.0,1,SI,393,6.071053249140667,0.3258980548005204,0.7084040916726382,,0.3195995591410054,2.2165365108031785,2.2165365108031785,5.171918525207416,8.866146043212716
pitch_types,vaa,mean,2019.0,1,HC,31,6.090933735614565,0.3638706668888448,0.770676151029144,,0.3583499857481035,2.150624198910611,2.150624198910611,5.018123130791427,8.602496795642445
pitch_types,vaa,mean,2025.0,14,CU,97,9.28940273292022,0.6604467880957449,1.56867985848456,,0.6316010619738979,2.4836561445639065,2.4836561445639065,5.795197670649115,9.934624578255626
pitch_types,vaa,mean,2025.0,11,CU,425,9.582124299446786,0.6086627877325858,1.370757496246966,,0.5844607838224425,2.3453369912726227,2.3453369912726227,5.472452979636119,9.381347965090493
pitch_types,vaa,mean,2022.0,1,FS,63,7.615833295213204,0.3101224476381595,1.0648352079398606,,0.2948941176023654,3.6109069132931366,3.6109069132931366,8.425449464350653,14.443627653172548
pitch_types,vaa,mean,2023.0,1,CU,299,9.84081936663743,1.0336707022132965,1.2196154669376793,,1.0179800268894088,1.1980740630682096,1.1980740630682096,2.795506147159156,4.792296252272839
pitch_types,vaa,mean,2018.0,1,HC,36,6.0910702555983365,0.3699542229072866,0.7954522820456383,,0.3647986361758879,2.180524276034054,2.180524276034054,5.087889977412793,8.722097104136216
pitch_types,vaa,mean,2015.0,1,CH,385,7.481706426641893,0.3338125290033376,0.9665045052535168,,0.3213207715327938,3.0079116909965338,3.0079116909965338,7.018460612325245,12.031646763986137
pitch_types,vaa,mean,2018.0,1,SL,562,7.665597524214324,0.7253224593609484,1.0593471486790509,,0.7147698354435689,1.4820814983352588,1.4820814983352588,3.4581901627822704,5.928325993341036
pitch_types,vaa,mean,2025.0,14,SW,78,7.768178033562648,0.4840309182437948,1.259723027571383,,0.4629419448140187,2.721125276469518,2.721125276469518,6.34929231176221,10.884501105878076
pitch_types,vaa,mean,2023.0,1,SI,407,5.895601378164519,0.2935956457183402,0.6629500731580077,,0.2873153378726508,2.307395345012359,2.307395345012359,5.383922471695505,9.229581380049437
pitch_types,vaa,mean,2022.0,11,CH,252,7.283763992435105,0.3586538959214318,1.004367791162167,,0.3408981868288908,2.9462397571105168,2.9462397571105168,6.874559433257872,11.784959028442069
pitch_types,vaa,mean,2025.0,1,SW,323,7.7105908877079665,0.6123994955215057,0.9663413444892516,,0.6010468622753994,1.6077637288229856,1.6077637288229856,3.751448700586967,6.431054915291943
pitch_types,vaa,mean,2023.0,11,SI,502,6.043838128940098,0.2948875175049754,0.7119434650482506,,0.2861060763597384,2.488389880098461,2.488389880098461,5.806243053563075,9.953559520393844
pitch_types,vaa,mean,2025.0,11,FA,1015,5.021852065161417,0.9826683105446216,0.8624651063351838,,0.9731424440514004,0.8862681014554836,0.8862681014554836,2.0679589033961285,3.5450724058219345
pitch_types,vaa,mean,2024.0,11,CH,559,7.40219381279935,1.6877691907926755,1.0041767114305522,,1.6717072128747648,0.6006893454169595,0.6006893454169595,1.401608472639572,2.402757381667838
pitch_types,vaa,mean,2024.0,1,SW,309,7.781761239105341,0.6924509347648448,0.9593821850532468,,0.6817737492403473,1.4071855745725308,1.4071855745725308,3.283433007335905,5.628742298290124
pitch_types,vaa,mean,2025.0,1,HC,39,5.435881091360811,0.3186047050247529,0.8013874391794775,,0.3107288532892087,2.579057048279941,2.579057048279941,6.017799779319862,10.316228193119766
pitch_types,vaa,mean,2022.0,14,CU,91,9.590989032065794,0.6535983950043069,1.6060675887326623,,0.6246755575541749,2.571042790630361,2.571042790630361,5.999099844804175,10.284171162521446
pitch_types,vaa,mean,2023.0,11,FA,946,5.123902308562621,0.8418888270230929,0.8651030916980925,,0.8330594991874468,1.0384649506330583,1.0384649506330583,2.42308488481047,4.153859802532234
pitch_types,vaa,mean,2017.0,1,HC,37,5.989539318805603,0.3842741787659198,0.8454477520793776,,0.3783784005574032,2.234397499524067,2.234397499524067,5.213594165556156,8.937589998096268
pitch_types,vaa,mean,2023.0,14,FA,342,5.077825814054209,0.2062020342777144,0.9654343439275912,,0.1933338627450706,4.9936122426758205,4.9936122426758205,11.651761899576917,19.97444897070328
pitch_types,vaa,mean,2017.0,1,FA,636,5.075928881345626,0.2933623676091085,0.8619240771004966,,0.2867511849931385,3.005825685153214,3.005825685153214,7.0135932653575,12.023302740612856
pitch_types,vaa,mean,2025.0,1,CU,304,9.696487123439509,0.6185016405480789,1.1921784292891822,,0.6052625103402851,1.9696882078801257,1.9696882078801257,4.595939151720293,7.878752831520503
pitch_types,vaa,mean,2022.0,11,SL,334,7.5325673757362,0.7113419594873572,1.1202689082668231,,0.6927483836373234,1.6171368056967146,1.6171368056967146,3.773319213292334,6.468547222786859
pitch_types,vaa,mean,2025.0,16,CH,15,7.176881469876696,0.4375057410589234,0.9717681074235116,,0.4007168581425313,2.425074183122744,2.425074183122744,5.658506427286403,9.700296732490976
pitch_types,vaa,mean,2022.0,11,FA,425,5.0783258432683525,0.3330519909683612,0.8749245518367863,,0.3206940490673218,2.7282219747492644,2.7282219747492644,6.365851274414951,10.91288789899706
pitch_types,vaa,mean,2023.0,11,SL,826,7.357304570502992,0.7706079229672747,1.0846415366110242,,0.7563699993994254,1.4340091985037136,1.4340091985037136,3.346021463175332,5.736036794014855
pitch_types,vaa,mean,2023.0,1,FS,82,7.653540227002151,0.3828369514687883,1.1531510378960383,,0.3670370775327744,3.1417835103949905,3.1417835103949905,7.330828190921643,12.567134041579964
pitch_types,vaa,mean,2023.0,1,SW,290,7.788435983610942,0.6913885342385437,1.008014223316492,,0.6797444579968259,1.4829311389857611,1.4829311389857611,3.4601726576334424,5.9317245559430445
pitch_types,vaa,mean,2025.0,11,CH,612,7.497387963371616,2.844878457632654,1.076603244946932,,2.8261688562942617,0.3809408778067844,0.3809408778067844,0.8888620482158304,1.5237635112271375
pitch_types,vaa,mean,2023.0,14,SL,237,7.566237509606795,0.4898264574085247,1.3301478244784055,,0.4671311667871466,2.8474825039548297,2.8474825039548297,6.6441258425612695,11.38993001581932
pitch_types,vaa,mean,2017.0,1,FS,53,7.793012582469785,0.2804786138103455,1.2120709881064526,,0.2673007677808944,4.53448375090334,4.53448375090334,10.580462085441129,18.13793500361336
pitch_types,vaa,mean,2019.0,1,SL,586,7.641778390710967,0.74720533155819,1.0544083555094306,,0.7375112442930402,1.4296844470760035,1.4296844470760035,3.335930376510676,5.718737788304015
pitch_types,vaa,mean,2024.0,1,FA,671,4.873168028804623,1.3995276893236577,0.8028936189730287,,1.3919957129852798,0.5767931693202846,0.5767931693202846,1.345850728413997,2.3071726772811383
pitch_types,vaa,mean,2022.0,14,FA,346,5.086305571849619,0.1877537660388062,0.955164354654208,,0.1764936367306559,5.411891172665157,5.411891172665157,12.627746069552032,21.647564690660623
pitch_types,vaa,mean,2024.0,1,CH,411,7.36821575339679,0.5601956813706199,0.8835691957692574,,0.5484064412805232,1.6111575817857513,1.6111575817857513,3.75936769083342,6.444630327143006
pitch_types,vaa,mean,2015.0,1,SI,409,6.211942036746466,0.2901690417461084,0.7481550163174923,,0.2831810452980806,2.6419671398909244,2.6419671398909244,6.164589993078823,10.567868559563696
pitch_types,vaa,mean,2023.0,1,CH,435,7.380167880795904,0.9765665292288234,0.9017163649500104,,0.9640656478522086,0.93532672485416,0.93532672485416,2.1824290246597067,3.741306899416641
pitch_types,vaa,mean,2024.0,14,SW,82,7.775140124748512,0.4108122185245352,1.2491311887211232,,0.3917028211488754,3.188976747875816,3.188976747875816,7.44094574504357,12.755906991503265
pitch_types,vaa,mean,2018.0,1,SW,32,7.932696812797093,0.6722857040650899,0.9123374697722816,,0.6652044143487167,1.3715144549446894,1.3715144549446894,3.200200394870942,5.4860578197787575
pitch_types,vaa,mean,2023.0,16,FA,24,5.290174004680444,0.2070336681826942,1.1602219637072857,,0.1662372613361611,6.97931350878737,6.97931350878737,16.2850648538372,27.917254035149483
pitch_types,vaa,mean,2018.0,1,FA,683,5.177952763798331,0.3574009579202097,0.8163580001364422,,0.3505047743784746,2.3290923827900265,2.3290923827900265,5.4345488931767285,9.316369531160106
pitch_types,vaa,mean,2025.0,11,HC,39,5.4158434253893954,0.4991671664989621,0.7676534688849835,,0.4926844715323277,1.5581036408504172,1.5581036408504172,3.635575161984306,6.232414563401669
pitch_types,vaa,mean,2023.0,14,FS,11,8.089494743144005,0.5392023254601199,1.5785658700906369,,0.51164532672052,3.0852736996714705,3.0852736996714705,7.198971965900098,12.341094798685884
pitch_types,vaa,mean,2025.0,14,FA,378,5.007177712517259,1.0228137976088962,0.9736201694339754,,1.0103604518654974,0.9636364602714944,0.9636364602714944,2.24848507396682,3.854545841085977
pitch_types,vaa,mean,2015.0,1,XX,81,6.44400110039174,0.8226127186241785,2.788669257348442,,0.7355014544283189,3.791521064381828,3.791521064381828,8.846882483557598,15.166084257527311
pitch_types,vaa,mean,2016.0,1,SL,523,7.770275486118176,0.6867007653727742,1.0783267642152528,,0.6757813426636713,1.595674068131123,1.595674068131123,3.7232394923059537,6.382696272524493
pitch_types,vaa,mean,2023.0,1,HC,34,5.606951823200217,0.3660592206245555,0.8031573938428861,,0.3587383155076761,2.2388391736363062,2.2388391736363062,5.223958071818048,8.955356694545225
pitch_types,vaa,mean,2025.0,11,FS,127,7.777762826224187,0.4237630255413934,1.2624636065917596,,0.4011364794110999,3.147217147752695,3.147217147752695,7.343506678089621,12.58886859101078
pitch_types,vaa,mean,2019.0,1,SW,44,7.9352230559039745,0.8258997375981747,1.0028538295510123,,0.8174676136466293,1.2267811137830846,1.2267811137830846,2.862489265493864,4.9071244551323385
pitch_types,vaa,mean,2024.0,1,SI,428,5.855892233476133,0.263994366894798,0.6478109054576017,,0.2575012870004154,2.515757932722707,2.515757932722707,5.87010184301965,10.063031730890827
pitch_types,vaa,mean,2015.0,1,HC,58,6.343317644587346,0.3317265917116039,0.8156949875687417,,0.3244954033676577,2.513733566341302,2.513733566341302,5.865378321463038,10.05493426536521
pitch_types,vaa,mean,2016.0,1,SW,16,8.19634251830406,0.9565634809263056,1.023792352611386,,0.9498271892735848,1.077872232099787,1.077872232099787,2.515035208232837,4.31148892839915
pitch_types,vaa,mean,2016.0,1,SI,405,6.194751167862998,0.2785445890473348,0.7703672169732108,,0.2709610530973144,2.843092053884721,2.843092053884721,6.63388145906435,11.372368215538886
pitch_types,vaa,mean,2025.0,16,CU,11,8.835689128260638,0.8593812288388414,1.2467627016752898,,0.8189299542360259,1.5224289882501445,1.5224289882501445,3.552334305917003,6.089715953000577
pitch_types,vaa,mean,2021.0,1,FS,55,7.64682990698415,0.356014324101809,1.1929476297746926,,0.342640972607111,3.4816257399040977,3.4816257399040977,8.12379339310956,13.926502959616393
pitch_types,vaa,mean,2024.0,14,FA,345,4.9614577104638045,0.314753956822914,0.9477638031048772,,0.3033407480940024,3.124419680046329,3.124419680046329,7.290312586774768,12.497678720185316
pitch_types,vaa,mean,2022.0,1,CU,321,9.807020878364757,0.7731495633512083,1.2327616622724742,,0.7573054298360774,1.6278262557014964,1.6278262557014964,3.798261263303492,6.5113050228059866
pitch_types,vaa,mean,2024.0,1,FS,90,7.722305869377572,0.3047050793929435,1.1125572389168883,,0.2908813175282306,3.8247806643990208,3.8247806643990208,8.924488216931048,15.299122657596085
pitch_types,vaa,mean,2024.0,14,SI,109,5.82485589253178,0.2282793033335002,0.8292703103895158,,0.2151533069546814,3.854322864599,3.854322864599,8.993420017397668,15.417291458396
pitch_types,vaa,mean,2020.0,1,SL,481,7.628787430659646,0.9306745437585412,1.049921151998648,,0.9151763940785724,1.1472336467504067,1.1472336467504067,2.676878509084282,4.588934587001628
pitch_types,vaa,mean,2022.0,1,CH,446,7.335364250325625,1.100513606075844,0.8966904102843112,,1.0887451811700102,0.8235998889296492,0.8235998889296492,1.9217330741691816,3.2943995557185968
pitch_types,vaa,mean,2025.0,16,FA,137,5.089001217350636,0.2660252461587967,1.0509522907256916,,0.2342904502940027,4.485681296044671,4.485681296044671,10.4665896907709,17.942725184178684
pitch_types,vaa,mean,2017.0,1,SW,23,7.739993862315028,0.9151638987108848,1.054163070344171,,0.9074519062004988,1.1616737626988427,1.1616737626988427,2.7105721129639666,4.646695050795371
pitch_types,vaa,mean,2016.0,1,FA,619,5.369952221212254,0.2676191880125985,0.8485531374786403,,0.2614117306503467,3.246040777770716,3.246040777770716,7.574095148131671,12.984163111082864
pitch_types,vaa,mean,2025.0,16,SL,50,7.694817368297587,0.5635881758375908,1.119808845246588,,0.52674639555328,2.1258974996314337,2.1258974996314337,4.960427499140011,8.503589998525737
pitch_types,vaa,mean,2015.0,1,FS,68,7.961409888135548,0.3639880880845602,1.1659918401374183,,0.3492400079447178,3.3386548322435803,3.3386548322435803,7.790194608568354,13.354619328974325
pitch_types,vaa,mean,2022.0,11,FS,21,8.150308822693706,0.4515438687224629,1.5807552572690624,,0.4168763260256897,3.791904597555989,3.791904597555989,8.847777394297308,15.167618390223955
pitch_types,vaa,mean,2020.0,1,HC,20,5.7192357284426425,0.3691496163870771,0.7643752266790812,,0.3617674814323585,2.1128909200259343,2.1128909200259343,4.930078813393847,8.451563680103737
pitch_types,vaa,mean,2025.0,11,SI,565,5.932718185977467,0.235767128621622,0.7027924155000985,,0.2259669995449782,3.1101550974933807,3.1101550974933807,7.257028560817888,12.440620389973525
pitch_types,vaa,mean,2025.0,1,SI,454,5.831699159938422,0.2782173811599199,0.643491808972202,,0.271302581395336,2.3718602516152263,2.3718602516152263,5.534340587102195,9.487441006460903
pitch_types,vaa,mean,2024.0,11,CU,394,9.651450817819288,0.6033627319731701,1.3943822409268474,,0.5805905419808229,2.401661997747294,2.401661997747294,5.603877994743685,9.606647990989178
pitch_types,vaa,mean,2024.0,11,SL,836,7.246316995625536,0.7383157908062901,1.1335721319206884,,0.7239732664197678,1.5657651801515975,1.5657651801515975,3.6534520870203946,6.263060720606392
pitch_types,vaa,mean,2017.0,1,SI,388,5.9059552052868,0.3067473671936481,0.7771173414235141,,0.3007035961432996,2.584330055877285,2.584330055877285,6.030103463713664,10.337320223509142
pitch_types,vaa,mean,2023.0,14,CU,100,9.579232514357589,0.4901443749212862,1.5353682298197393,,0.462822665514246,3.3174006897734345,3.3174006897734345,7.740601609471347,13.26960275909374
pitch_types,vaa,mean,2024.0,11,FA,952,5.136418465370614,1.5676856626809468,0.8754522598925365,,1.558198792112773,0.5618360534765301,0.5618360534765301,1.3109507914452367,2.2473442139061204
pitch_types,vaa,mean,2020.0,1,FA,570,5.00467106661051,0.3216367734043827,0.8031705872704383,,0.3115410727766509,2.578056819642028,2.578056819642028,6.015465912498065,10.312227278568113
pitch_types,vaa,mean,2019.0,1,CU,374,9.739911240378344,0.6812752606996352,1.2875890088343422,,0.6663573885194809,1.932279931186956,1.932279931186956,4.508653172769565,7.729119724747825
pitch_types,vaa,mean,2017.0,1,CU,361,9.6516680322795,0.7895632280747649,1.3139923776780216,,0.7746264088820032,1.6962917383290228,1.6962917383290228,3.958014056101053,6.785166953316092
pitch_types,vaa,mean,2025.0,1,CH,422,7.478010078790965,0.8956660180096081,0.911558051303104,,0.8835177777680091,1.0317370790273532,1.0317370790273532,2.4073865177304907,4.126948316109413
pitch_types,vaa,mean,2021.0,14,CU,127,9.571279823346316,0.5174011744941501,1.6850988892761527,,0.48472572380759,3.476396664157741,3.476396664157741,8.111592216368065,13.905586656630966
pitch_types,vaa,mean,2024.0,11,SW,406,7.824401165584461,0.6233839256769084,1.0269909844527674,,0.6096994655824718,1.6844216575975497,1.6844216575975497,3.930317201060949,6.7376866303902
pitch_types,vaa,mean,2021.0,1,CH,452,7.257062443447558,0.4970293713804549,0.9048952222683512,,0.4843020925250496,1.8684520183475093,1.8684520183475093,4.359721376144188,7.473808073390038
pitch_types,vaa,mean,2015.0,1,SL,516,7.8278040230747745,0.6080258261679257,1.0742830727031911,,0.5977338122241247,1.7972600022506022,1.7972600022506022,4.193606671918072,7.18904000900241
pitch_types,vaa,mean,2016.0,1,CU,369,10.02705259733725,0.7785336188227838,1.348130851522264,,0.7617333152433251,1.7698199941427302,1.7698199941427302,4.129579986333037,7.079279976570922
pitch_types,vaa,mean,2015.0,1,FA,607,5.371290252323889,0.2795142468395972,0.8308878448184498,,0.2738586935762153,3.034002075918077,3.034002075918077,7.079338177142178,12.136008303672307
pitch_types,vaa,mean,2021.0,14,FA,352,5.214691874267476,0.3323018307670598,1.00665235586628,,0.3206636391074443,3.139278150364228,3.139278150364228,7.324982350849866,12.557112601456916
pitch_types,vaa,mean,2024.0,1,CU,299,9.793191416208444,0.6887999430650574,1.2009222448775745,,0.6732386468861643,1.78379873233961,1.78379873233961,4.162197042125756,7.13519492935844
pitch_types,vaa,mean,2022.0,1,SL,575,7.42440923381245,0.8489882305360618,1.0656689150507184,,0.8382731394059673,1.2712669235780267,1.2712669235780267,2.966289488348729,5.085067694312108
pitch_types,vaa,mean,2021.0,16,FA,25,5.557261744014002,0.482221196594579,1.2147767480235043,,0.4404635281664204,2.757950818494386,2.757950818494386,6.435218576486901,11.031803273977545
pitch_types,vaa,mean,2024.0,11,FS,102,7.812557914777291,0.3742176820732917,1.3586793790394445,,0.353216674076531,3.846589016760464,3.846589016760464,8.975374372441081,15.386356067041856
pitch_types,vaa,mean,2022.0,14,CH,216,7.066066818632822,0.2903804538525725,1.1417999656614113,,0.2682010991655482,4.257253117954713,4.257253117954713,9.933590608560996,17.029012471818852
pitch_types,vaa,mean,2024.0,14,CU,91,9.271655256013991,0.6713796859323651,1.5051322943508014,,0.6459574409861161,2.330079659819496,2.330079659819496,5.436852539578823,9.320318639277986
pitch_types,vaa,mean,2022.0,1,FA,688,4.939412008834054,1.035049856345295,0.8282859094943843,,1.027338138225625,0.806244680962555,0.806244680962555,1.881237588912628,3.2249787238502203
pitch_types,vaa,mean,2022.0,1,HC,29,5.67732794682445,0.4427167723981887,0.8110123362430905,,0.4357496021362889,1.861188931136261,1.861188931136261,4.342774172651276,7.444755724545045
pitch_types,vaa,mean,2025.0,1,FS,101,7.7234375656624,0.3628010686249574,1.1034084506078163,,0.3504592712047837,3.148464147672846,3.148464147672846,7.346416344569974,12.593856590691386
pitch_types,vaa,mean,2023.0,11,CU,393,9.73278259331108,0.6124804251826534,1.357158796014312,,0.5904364684493925,2.2985687174413365,2.2985687174413365,5.363327007363118,9.194274869765346
pitch_types,vaa,mean,2023.0,14,SI,93,5.827823546669029,0.1805728550318395,0.8949395643566774,,0.1651991602849885,5.417337248039266,5.417337248039266,12.640453578758288,21.66934899215707
pitch_types,vaa,mean,2023.0,11,CH,617,7.339346496220935,0.7390794570982333,0.9727982271122844,,0.7233420435516895,1.3448661470522816,1.3448661470522816,3.1380210097886567,5.379464588209126
pitch_types,vaa,mean,2025.0,14,SI,105,5.735509401525285,0.2303113078286781,0.8446398736317059,,0.2161738616477769,3.9072248013403232,3.9072248013403232,9.116857869794089,15.628899205361291
pitch_types,vaa,mean,2022.0,1,SI,387,5.880467574321479,0.3114081175705183,0.6782557576722712,,0.3052318561820047,2.222100163974492,2.222100163974492,5.1849003826071485,8.888400655897968
pitch_types,vaa,mean,2025.0,14,FS,28,7.567509936229574,0.3229663370662826,1.4599652004609378,,0.2964626467670567,4.924617709454961,4.924617709454961,11.490774655394908,19.698470837819848
pitch_types,vaa,mean,2017.0,1,SL,558,7.504616039561661,0.6692474920210447,1.085692210368726,,0.6585345449790944,1.648648834972191,1.648648834972191,3.846847281601779,6.594595339888764
pitch_types,vaa,mean,2020.0,1,CH,325,7.330029274714956,0.4485202242557887,0.8601074783467968,,0.4316964700801828,1.9923894170064476,1.9923894170064476,4.648908639681711,7.969557668025789
pitch_types,vaa,mean,2021.0,1,HC,27,5.888463828880673,0.5282867474681507,0.8178199458904577,,0.5219396107949065,1.5668861473167934,1.5668861473167934,3.6560676770725182,6.267544589267175
pitch_types,vaa,mean,2025.0,1,FA,699,5.024529743633599,3.6118995289582623,0.7974562727783479,,3.604204819243242,0.2212572017329986,0.2212572017329986,0.5162668040436634,0.8850288069319946
pitch_types,vaa,mean,2021.0,1,FA,716,5.007559915055441,0.5791446247466767,0.83493386981033,,0.5716628627228507,1.4605354383762312,1.4605354383762312,3.4079160228778727,5.842141753504925
pitch_types,vaa,mean,2019.0,1,FA,703,5.173692609413307,0.4800815383954732,0.810706644756424,,0.473246063321545,1.71307636257207,1.71307636257207,3.99717817933483,6.852305450288281
pitch_types,vaa,mean,2023.0,1,SL,583,7.309177279281006,0.8793800912244182,1.068856502341995,,0.8688864945718765,1.2301451444111224,1.2301451444111224,2.870338670292619,4.92058057764449
pitch_types,vaa,mean,2015.0,1,CU,353,10.015081159838454,0.7441139357918282,1.3497894162856343,,0.7268460416288303,1.857049965162932,1.857049965162932,4.333116585380175,7.428199860651729
pitch_types,vaa,mean,2024.0,1,SL,593,7.251598767683038,0.9062622216304344,1.109666577148338,,0.8944929728750973,1.240553711206501,1.240553711206501,2.8946253261485024,4.962214844826004
pitch_types,vaa,mean,2022.0,14,SI,90,5.903313924281277,0.2584107185506386,0.8708971220884831,,0.2438796479662943,3.571011887834308,3.571011887834308,8.332361071613384,14.284047551337231
pitch_types,vaa,mean,2021.0,14,SW,27,7.947560978383619,0.3188505295805901,1.2119632244353349,,0.3004377827338571,4.033990709846746,4.033990709846746,9.412644989642407,16.135962839386984
pitch_types,vaa,mean,2021.0,14,XX,11,7.035534721162363,0.4549324476322217,5.033791921479428,,0.2982259766561084,16.879119578788455,16.879119578788455,39.3846123505064,67.51647831515382
pitch_types,vaa,mean,2025.0,11,SW,435,7.700189866224943,0.7255856481685852,0.9952368628302388,,0.7113736811892126,1.3990352597336586,1.3990352597336586,3.264415606045203,5.596141038934634
pitch_types,vaa,mean,2023.0,1,FA,681,4.982442455886905,1.558747266914134,0.8134870433269432,,1.551187053926708,0.5244287213896383,0.5244287213896383,1.2236670165758226,2.097714885558553
pitch_types,vaa,mean,2022.0,11,CU,154,9.72647692406735,0.6263174304441618,1.4609769342352448,,0.6017817514122289,2.4277521390549035,2.4277521390549035,5.664754991128108,9.711008556219614
pitch_types,vaa,mean,2021.0,1,SW,114,7.969322734895488,0.7019634808225858,1.0326897605554874,,0.6903416105452991,1.4959112195768822,1.4959112195768822,3.490459512346058,5.983644878307529
pitch_types,vaa,mean,2019.0,1,CH,434,7.309073812822165,0.3342675853680486,0.8781011827591712,,0.3225681510163839,2.722219103133249,2.722219103133249,6.351844573977582,10.888876412532998
pitch_types,vaa,mean,2025.0,11,SL,892,7.181099549920014,0.7634871837038297,1.1367271003989523,,0.7493226192176546,1.5170062550437555,1.5170062550437555,3.539681261768763,6.068025020175023
pitch_types,vaa,mean,2023.0,14,SW,84,7.759258540658302,0.4143670623730464,1.2927599501773952,,0.3936088097383626,3.284377580462976,3.284377580462976,7.663547687746943,13.137510321851904
pitch_types,vaa,mean,2021.0,14,CH,209,7.075091115701142,0.2847725712360167,1.2738545536519894,,0.2592491321723011,4.913630927047289,4.913630927047289,11.465138829777008,19.65452370818916
pitch_types,haa,mean,2022.0,11,XX,10,-0.4996237165119449,5.571859444388833,1.9194574758016736,,5.519202447790223,0.3477780519847004,0.3477780519847004,0.8114821212976342,1.3911122079388016
pitch_types,haa,mean,2024.0,14,CH,206,-0.1338919516013342,0.5156805092046155,1.119741588112514,,0.4943215435465232,2.265208957066484,2.265208957066484,5.285487566488462,9.060835828265937
pitch_types,haa,mean,2025.0,14,FS,28,-0.5310986625459276,0.7432536771578167,1.0176966213274072,,0.7247787737411363,1.4041479389280378,1.4041479389280378,3.276345190832088,5.616591755712151
pitch_types,haa,mean,2020.0,1,SI,289,-0.0034634750905346,0.7333026726371412,0.7447605133445919,,0.7228838904558444,1.0302629830012566,1.0302629830012566,2.403946960336265,4.1210519320050265
pitch_types,haa,mean,2025.0,16,SI,19,-0.1873293512895681,0.7939049717802007,0.9538604231831692,,0.7579570985620174,1.2584622863125314,1.2584622863125314,2.9364120013959067,5.033849145250126
pitch_types,haa,mean,2018.0,1,SL,562,-1.3447639989742008,8.647460212050929,0.8422136631738931,,8.639070550496985,0.0974889206253145,0.0974889206253145,0.2274741481257339,0.3899556825012582
pitch_types,haa,mean,2016.0,1,SW,16,-2.427779631138565,17.194268094469752,1.0422810125575332,,17.18741015216654,0.0606421213742984,0.0606421213742984,0.1414982832066964,0.2425684854971939
pitch_types,haa,mean,2015.0,1,SL,516,-1.2656920578354331,8.605330708298684,0.8623832009292964,,8.597068770496266,0.1003113065570505,0.1003113065570505,0.2340597152997846,0.4012452262282021
pitch_types,haa,mean,2021.0,1,SL,616,-1.2830991066102078,8.063661088434179,0.7899332074306548,,8.05585222481847,0.0980570627893382,0.0980570627893382,0.2287998131751225,0.392228251157353
pitch_types,haa,mean,2016.0,1,HC,49,-1.2320151846993517,5.412578828887171,0.8161908767151805,,5.405961291805516,0.1509797855845512,0.1509797855845512,0.3522861663639529,0.603919142338205
pitch_types,haa,mean,2024.0,11,SL,836,-1.3882807207389063,5.96568757798501,0.7946866144944439,,5.955632803500817,0.1334344545263627,0.1334344545263627,0.311347060561513,0.533737818105451
pitch_types,haa,mean,2018.0,1,SW,32,-1.7987304385693046,18.215298263577083,1.1164053943462315,,18.206633059855637,0.0613186079312944,0.0613186079312944,0.143076751839687,0.2452744317251778
pitch_types,haa,mean,2024.0,1,FS,90,-0.5107127995040524,0.6439852599017489,0.8247965778798935,,0.6337369858529083,1.30148089237659,1.30148089237659,3.0367887488787098,5.20592356950636
pitch_types,haa,mean,2021.0,14,SW,27,-2.471143675689488,9.453627032539114,1.2521050576323798,,9.43460443103861,0.1327141023012177,0.1327141023012177,0.3096662387028412,0.5308564092048708
pitch_types,haa,mean,2016.0,1,SL,523,-1.3322246084960652,8.895593970205459,0.8479359034302901,,8.887007546435742,0.0954129833917342,0.0954129833917342,0.2226302945807131,0.3816519335669369
pitch_types,haa,mean,2022.0,1,HC,29,-1.2354958098189377,5.262886340589914,0.7419084142949042,,5.256512821951378,0.1411407979823941,0.1411407979823941,0.3293285286255864,0.5645631919295767
pitch_types,haa,mean,2023.0,1,FS,82,-0.4216859600387869,0.4439734173870855,0.7998191872655557,,0.4330147121393691,1.8470947172070395,1.8470947172070395,4.309887673483092,7.388378868828158
pitch_types,haa,mean,2023.0,11,SI,502,-0.1379239137620697,0.8488123831122276,0.7788096847690433,,0.8392061829771137,0.9280313951050604,0.9280313951050604,2.165406588578474,3.712125580420241
pitch_types,haa,mean,2022.0,11,CH,252,-0.1685314092920915,0.7625436781450876,0.8035148044951389,,0.7483387471967772,1.0737313917060252,1.0737313917060252,2.505373247314058,4.294925566824101
pitch_types,haa,mean,2023.0,14,FS,11,-0.329073546929176,0.7061421215074415,1.164237321416528,,0.6858180495084515,1.6975892107986592,1.6975892107986592,3.961041491863538,6.790356843194637
pitch_types,haa,mean,2017.0,1,FA,636,-0.573835446456407,1.957077907661383,0.9138321133977472,,1.9500685768600736,0.468615372936866,0.468615372936866,1.0934358701860207,1.874461491747464
pitch_types,haa,mean,2024.0,11,SI,521,-0.1004635466599191,0.7744886323179154,0.783556327446662,,0.7638715295454588,1.0257697755968425,1.0257697755968425,2.3934628097259654,4.103079102387371
pitch_types,haa,mean,2022.0,11,SW,127,-1.5807961971195,15.545673754991718,1.1426079080198406,,15.526884988639392,0.0735889979771123,0.0735889979771123,0.1717076619465954,0.2943559919084494
pitch_types,haa,mean,2024.0,1,FA,671,-0.5744553081679497,1.787058715143534,0.7223933421706102,,1.7802819150399407,0.4057746899902666,0.4057746899902666,0.9468076099772889,1.623098759961067
pitch_types,haa,mean,2019.0,1,CU,374,-1.3111593817367546,8.390512462357588,0.8752803119094311,,8.380371555806443,0.1044440936873476,0.1044440936873476,0.2437028852704777,0.4177763747493904
pitch_types,haa,mean,2017.0,1,CH,419,-0.1147609434804985,0.8090177639163361,0.831772267275511,,0.7974260842649021,1.0430713061540626,1.0430713061540626,2.4338330476928127,4.1722852246162505
pitch_types,haa,mean,2023.0,16,FA,24,-0.3801848238518455,1.4453492865813526,1.1100814246119923,,1.406315950850884,0.7893542158434195,0.7893542158434195,1.8418265036346453,3.1574168633736783
pitch_types,haa,mean,2025.0,16,CU,11,-0.5642028453065279,9.816799049357224,0.989192370089906,,9.784704656299308,0.101095782124918,0.101095782124918,0.2358901582914754,0.4043831284996722
pitch_types,haa,mean,2022.0,14,SW,61,-2.0867293772642013,10.96183420537034,1.261509648284403,,10.94430348917052,0.1152663254936851,0.1152663254936851,0.2689547594852653,0.4610653019747405
pitch_types,haa,mean,2024.0,11,FA,952,-0.5369581032646962,1.6273370361417088,0.7395061158638362,,1.6193233509563687,0.4566760032374544,0.4566760032374544,1.0655773408873936,1.826704012949818
pitch_types,haa,mean,2015.0,1,XX,81,-0.3303850616186551,2.448164044601743,3.3840386862984677,,2.342454883404388,1.44465479795295,1.44465479795295,3.37086119522355,5.7786191918118
pitch_types,haa,mean,2015.0,1,SW,12,-2.1954626437633524,16.41415002681656,1.0997752728735972,,16.401812091745807,0.0670520590482229,0.0670520590482229,0.1564548044458535,0.2682082361928918
pitch_types,haa,mean,2025.0,11,FA,1015,-0.5893532117936626,1.6388673348883953,0.7587193872208688,,1.6304873325724805,0.465332892849777,0.465332892849777,1.085776749982813,1.8613315713991083
pitch_types,haa,mean,2021.0,16,FA,25,-0.6826287254276222,0.7558212461910299,1.071818934342616,,0.7189777193881648,1.49075403234291,1.49075403234291,3.4784260754667904,5.96301612937164
pitch_types,haa,mean,2022.0,1,FA,688,-0.579141794707245,1.6676839971847277,0.7508389877707069,,1.6606933450915626,0.4521238011761342,0.4521238011761342,1.0549555360776464,1.8084952047045368
pitch_types,haa,mean,2018.0,1,FS,61,-0.4365396199804302,0.6508520573003802,0.8161991744144766,,0.6398450651798898,1.275620019332345,1.275620019332345,2.976446711775472,5.10248007732938
pitch_types,haa,mean,2022.0,11,FA,425,-0.4778952270029655,1.8671696936152595,0.7799023792196005,,1.8561539000012333,0.4201711825830186,0.4201711825830186,0.9803994260270434,1.6806847303320749
pitch_types,haa,mean,2025.0,11,SI,565,-0.1994496329609227,0.783032670155245,0.8071104340363222,,0.7717778724963468,1.0457807392503893,1.0457807392503893,2.4401550582509084,4.183122957001557
pitch_types,haa,mean,2020.0,1,FS,49,-0.5271809828760949,0.9102015318455124,0.7254360800787812,,0.8980801532467074,0.8077631795516363,0.8077631795516363,1.884780752287152,3.231052718206546
pitch_types,haa,mean,2019.0,1,SW,44,-2.274754767542866,13.925150977049206,1.069915315866662,,13.916154991497567,0.0768829692196123,0.0768829692196123,0.179393594845762,0.3075318768784492
pitch_types,haa,mean,2025.0,11,FS,127,-0.538163671798051,0.9959647351925348,0.9249831588121202,,0.9793866936527004,0.9444514253734876,0.9444514253734876,2.203719992538137,3.7778057014939503
pitch_types,haa,mean,2018.0,1,HC,36,-1.397137829302746,5.934170265106607,0.7737441867400251,,5.929155375649763,0.1304982139475864,0.1304982139475864,0.3044958325443684,0.5219928557903458
pitch_types,haa,mean,2017.0,1,CU,361,-1.4420321113533292,7.649901711678685,0.967586160619204,,7.6389026680159455,0.126665596181829,0.126665596181829,0.295553057757601,0.5066623847273161
pitch_types,haa,mean,2015.0,1,CH,385,-0.0982039112755821,0.6977320037902333,0.8081590266995171,,0.6872868103076504,1.1758686687698263,1.1758686687698263,2.7436935604629284,4.703474675079306
pitch_types,haa,mean,2025.0,1,CU,304,-1.4832469625100284,6.6845844860286645,0.8021357671668554,,6.675676775903275,0.1201579696102527,0.1201579696102527,0.2803685957572562,0.4806318784410108
pitch_types,haa,mean,2021.0,14,CH,209,-0.1895471823881998,0.6627012351312185,0.9876937962733642,,0.642911422903032,1.5362828549747738,1.5362828549747738,3.584659994941139,6.145131419899096
pitch_types,haa,mean,2024.0,14,SL,259,-1.6598429959332637,4.711890488221469,0.9935818262294632,,4.696529086273545,0.2115566214916853,0.2115566214916853,0.4936321168139325,0.8462264859667414
pitch_types,haa,mean,2025.0,11,SL,892,-1.441483800594484,5.854701877301091,0.812068600073898,,5.844582827575868,0.1389438089990618,0.1389438089990618,0.3242022209978109,0.5557752359962473
pitch_types,haa,mean,2023.0,14,CH,187,-0.1723852742384856,0.5428050412813848,0.953510249271473,,0.5260550067421494,1.812567577631372,1.812567577631372,4.229324347806535,7.250270310525488
pitch_types,haa,mean,2022.0,1,CH,446,-0.1210508230919107,0.6253966102234935,0.7415265896769194,,0.6156646002831564,1.204432720893611,1.204432720893611,2.8103430154184257,4.817730883574444
pitch_types,haa,mean,2019.0,1,SI,377,-0.0168059634291384,0.7623049375609451,0.7759996400945238,,0.7550790677867302,1.027706465720359,1.027706465720359,2.397981753347504,4.110825862881436
pitch_types,haa,mean,2022.0,14,FA,346,-0.4500795584611208,0.9242821379545824,0.8878062213471302,,0.9138160722934868,0.971537104965688,0.971537104965688,2.266919911586606,3.886148419862753
pitch_types,haa,mean,2021.0,14,SI,76,-0.1318864065688542,0.4432701675029744,0.9165270636198292,,0.4296978525624604,2.132957049131643,2.132957049131643,4.976899781307167,8.531828196526572
pitch_types,haa,mean,2023.0,1,HC,34,-1.2231528745480578,5.782270244572563,0.7182021697477668,,5.775723719595307,0.1243484288057479,0.1243484288057479,0.2901463338800785,0.4973937152229918
pitch_types,haa,mean,2020.0,1,SW,57,-1.8101628475686495,17.08995830976567,1.0653746957539516,,17.07319134753574,0.0624004425457178,0.0624004425457178,0.145601032606675,0.2496017701828715
pitch_types,haa,mean,2016.0,1,CU,369,-1.5398009911931532,7.6902910381919805,1.0130704031768365,,7.67766623229757,0.131950305278336,0.131950305278336,0.3078840456494507,0.5278012211133442
pitch_types,haa,mean,2024.0,11,FS,102,-0.4909077577146239,0.624646577089182,0.9019188200753836,,0.6107056837150416,1.4768469397383623,1.4768469397383623,3.4459761927228456,5.907387758953449
pitch_types,haa,mean,2021.0,14,XX,11,-0.6643364835682406,2.766965305067146,1.9225775653568895,,2.7071137358834165,0.7101946031571119,0.7101946031571119,1.6571207406999278,2.840778412628448
pitch_types,haa,mean,2023.0,11,FS,88,-0.4086990292326634,0.6966116262171943,0.8922895589054541,,0.6807844938138091,1.3106784408481116,1.3106784408481116,3.05824969531226,5.242713763392447
pitch_types,haa,mean,2025.0,11,CH,612,-0.1572013796100752,0.7736349843887497,0.8702488011684456,,0.7585114853546387,1.1473113037458682,1.1473113037458682,2.677059708740359,4.589245214983473
pitch_types,haa,mean,2015.0,1,SI,409,-0.0788737253389693,0.6478636057438426,0.8592823431676408,,0.6398376461085464,1.3429693429165095,1.3429693429165095,3.133595133471856,5.37187737166604
pitch_types,haa,mean,2020.0,1,HC,20,-1.747096660995489,5.789237114949573,0.6848380569411062,,5.782623129066709,0.1184303458232866,0.1184303458232866,0.2763374735876688,0.4737213832931465
pitch_types,haa,mean,2025.0,14,SI,105,-0.3216522189776226,0.6300919172163403,0.915922843226867,,0.6147613481700298,1.489883588083912,1.489883588083912,3.476395038862461,5.959534352335648
pitch_types,haa,mean,2017.0,1,SI,388,-0.0736491545576977,0.8408224379015097,0.8885788097737654,,0.8339118124396888,1.065554890239704,1.065554890239704,2.4862947438926426,4.262219560958816
pitch_types,haa,mean,2022.0,14,CH,216,-0.1214885970244606,0.5610940966346724,0.985521756593617,,0.5419504311515444,1.8184721331424452,1.8184721331424452,4.243101643999039,7.273888532569782
pitch_types,haa,mean,2016.0,1,SI,405,-0.0614036997834421,0.8834175765787453,0.8509774045751418,,0.8750405096448663,0.9725005816250832,0.9725005816250832,2.269168023791861,3.890002326500333
pitch_types,haa,mean,2024.0,11,HC,41,-0.931123807696574,6.163191158351967,0.7066139637064393,,6.15405280207065,0.1148209133773901,0.1148209133773901,0.2679154645472437,0.4592836535095607
pitch_types,haa,mean,2023.0,11,FA,946,-0.5468812934206047,1.7695551903062392,0.7524174134582232,,1.7618759436633549,0.4270547061865038,0.4270547061865038,0.996460981101842,1.7082188247460153
pitch_types,haa,mean,2018.0,1,CH,419,-0.122712230947005,0.7220011864710785,0.7479684154111648,,0.7114333438138231,1.0513541738168837,1.0513541738168837,2.453159738906061,4.205416695267534
pitch_types,haa,mean,2020.0,1,CU,300,-1.4383935168064272,7.739416494249967,0.8493042956477603,,7.7235387654501215,0.1099631038879447,0.1099631038879447,0.2565805757385377,0.4398524155517791
pitch_types,haa,mean,2025.0,1,SW,323,-2.0349644655710426,14.258386652475206,1.049210819684074,,14.246060463906698,0.0736491904089777,0.0736491904089777,0.1718481109542813,0.2945967616359109
pitch_types,haa,mean,2025.0,14,CU,97,-1.7059289297625573,4.993341335634876,1.005875300635671,,4.974844761411696,0.2021922992327175,0.2021922992327175,0.4717820315430076,0.8087691969308702
pitch_types,haa,mean,2025.0,16,CH,15,-0.001129323578394,0.8846946200821293,1.0153306899693182,,0.8462565589959962,1.1997906298935073,1.1997906298935073,2.7995114697515167,4.799162519574029
pitch_types,haa,mean,2024.0,11,SW,406,-1.906441119130747,12.699830426335977,1.0906764700758411,,12.685297369223846,0.0859795744892793,0.0859795744892793,0.2006190071416518,0.3439182979571175
pitch_types,haa,mean,2023.0,14,SW,84,-2.3027704346345037,8.89743583762834,1.200181488215314,,8.878164146440486,0.1351835208742453,0.1351835208742453,0.3154282153732391,0.5407340834969814
pitch_types,haa,mean,2025.0,1,CH,422,-0.1245845216204218,0.7832383704909489,0.7868065446241885,,0.7727526807270407,1.0181867552810366,1.0181867552810366,2.375769095655752,4.0727470211241465
pitch_types,haa,mean,2025.0,16,FA,137,-0.4199524229960577,1.1205946322888032,0.9533106885253542,,1.0918082445878083,0.8731484610516553,0.8731484610516553,2.037346409120529,3.492593844206622
pitch_types,haa,mean,2018.0,1,FA,683,-0.6163892548779201,2.154092767590372,0.8323085454386305,,2.1470618418301783,0.3876500104576224,0.3876500104576224,0.9045166910677854,1.5506000418304895
pitch_types,haa,mean,2022.0,11,SL,334,-1.2365134099532562,7.293544530783048,0.8179365406216839,,7.2799688928301105,0.1123544005012511,0.1123544005012511,0.2621602678362526,0.4494176020050044
pitch_types,haa,mean,2015.0,1,CU,353,-1.1875620015284367,8.380197710342825,1.0422026496116203,,8.366864782381802,0.124563104187628,0.124563104187628,0.2906472431044654,0.4982524167505123
pitch_types,haa,mean,2023.0,11,HC,34,-0.5993714057375854,6.748504353014452,0.7069625738219127,,6.741808672231792,0.1048624498547037,0.1048624498547037,0.2446790496609752,0.4194497994188148
pitch_types,haa,mean,2022.0,1,SI,387,-0.0488206314089068,0.7499031086402437,0.7447359938566221,,0.743121471902977,1.0021726218588607,1.0021726218588607,2.3384027843373416,4.008690487435443
pitch_types,haa,mean,2017.0,1,SW,23,-2.424650515638427,15.913215833544616,1.081910711995412,,15.905300846250393,0.0680220212401997,0.0680220212401997,0.1587180495604661,0.2720880849607991
pitch_types,haa,mean,2025.0,11,CU,425,-1.4051332550818796,6.092343988925591,0.8850801898089677,,6.076717071492569,0.1456510446999589,0.1456510446999589,0.3398524376332376,0.5826041787998358
pitch_types,haa,mean,2020.0,1,FA,570,-0.5465269419254899,2.076542231493443,0.7593226838352181,,2.0669976906233662,0.3673553614886822,0.3673553614886822,0.8571625101402586,1.4694214459547292
pitch_types,haa,mean,2025.0,11,HC,39,-1.445220946611767,5.051511039634796,0.7624115798088114,,5.045072611475136,0.1511200409830947,0.1511200409830947,0.3526134289605544,0.6044801639323791
pitch_types,haa,mean,2025.0,14,SW,78,-2.787719258682199,6.210327431175777,1.2505635697612765,,6.189391795867287,0.202049508417982,0.202049508417982,0.4714488529752915,0.8081980336719283
pitch_types,haa,mean,2023.0,1,SW,290,-1.9147816502570445,14.65711617343318,1.0480774168532865,,14.645009307213664,0.0715655002238228,0.0715655002238228,0.1669861671889198,0.2862620008952912
pitch_types,haa,mean,2024.0,1,SI,428,-0.1118688408080395,0.7743620829848938,0.7561240634817775,,0.766783368404928,0.986098674850859,0.986098674850859,2.300896907985338,3.944394699403437
pitch_types,haa,mean,2024.0,14,FS,11,-1.057138087913445,0.5617305924227509,1.2111679544108405,,0.5384880696600064,2.2492010921905,2.2492010921905,5.2481358817778325,8.996804368762
pitch_types,haa,mean,2016.0,1,CH,412,-0.1108915301240622,0.7864971055377615,0.8117443106507918,,0.7745022051852756,1.048085215530932,1.048085215530932,2.445532169572175,4.192340862123729
pitch_types,haa,mean,2022.0,11,HC,13,0.0921965823445105,10.315933050882276,0.8005380389626264,,10.305800515088356,0.077678394588619,0.077678394588619,0.1812495873734444,0.3107135783544761
pitch_types,haa,mean,2015.0,1,HC,58,-0.9533933877775078,5.742773068315177,0.8984439016495637,,5.734808305544399,0.1566650276315165,0.1566650276315165,0.3655517311402051,0.6266601105260661
pitch_types,haa,mean,2024.0,1,SL,593,-1.3645402499558308,7.122718864448193,0.7499647363439071,,7.114764653947914,0.1054096337435081,0.1054096337435081,0.2459558120681856,0.4216385349740326
pitch_types,haa,mean,2024.0,1,CH,411,-0.0707382457461368,0.7182597454329857,0.7425477994071519,,0.7083521181328256,1.048274975678006,1.048274975678006,2.4459749432486806,4.193099902712024
pitch_types,haa,mean,2025.0,14,FA,378,-0.4831786983092738,0.8913932773469222,0.8835797641828991,,0.8800916171711296,1.0039633907921783,1.0039633907921783,2.342581245181749,4.015853563168713
pitch_types,haa,mean,2021.0,14,FA,352,-0.5878412374476105,0.9698059393503816,0.9309381748697696,,0.959043100680955,0.9706948250905202,0.9706948250905202,2.2649545918778804,3.8827793003620807
pitch_types,haa,mean,2025.0,1,FS,101,-0.3988468424866658,0.6938768856755769,0.7758485130723787,,0.68519889778106,1.132296790880542,1.132296790880542,2.642025845387931,4.5291871635221685
pitch_types,haa,mean,2023.0,14,CU,100,-1.5066048589559096,5.928694915575721,1.0897085579514956,,5.909303671195074,0.1844055778116945,0.1844055778116945,0.4302796815606206,0.7376223112467782
pitch_types,haa,mean,2021.0,1,FS,55,-0.4584584921210288,0.7609312203091781,0.7852682719779679,,0.7521280940388498,1.0440618801528323,1.0440618801528323,2.4361443870232757,4.176247520611329
pitch_types,haa,mean,2025.0,14,SL,307,-1.6208453128792422,4.763571421260759,0.9631000408359952,,4.749273351227514,0.2027889257178825,0.2027889257178825,0.4731741600083924,0.81115570287153
pitch_types,haa,mean,2022.0,11,CU,154,-0.8256858269633046,7.457500509518783,0.8772601697627505,,7.442767782773809,0.1178674648150595,0.1178674648150595,0.2750240845684722,0.4714698592602381
pitch_types,haa,mean,2021.0,14,SL,242,-1.791965782857985,5.260793808178438,0.9919830740587912,,5.245442299940457,0.1891133325534915,0.1891133325534915,0.4412644426248135,0.7564533302139662
pitch_types,haa,mean,2024.0,16,FA,12,-0.7393816836923204,0.2561586592095122,0.9599627029848008,,0.2259712370986667,4.248163241083856,4.248163241083856,9.91238089586233,16.992652964335424
pitch_types,haa,mean,2022.0,16,FA,27,-0.6504085822649394,0.6996449112736074,0.9979660181804768,,0.6703976055073185,1.488618112568098,1.488618112568098,3.4734422626588954,5.954472450272393
pitch_types,haa,mean,2023.0,1,CH,435,-0.0603579093241583,0.696162699706269,0.7330707616609053,,0.6859998247841801,1.0686165435851738,1.0686165435851738,2.4934386016987387,4.274466174340695
pitch_types,haa,mean,2023.0,11,CH,617,-0.0972727076776285,0.7772454964226061,0.8132600462253979,,0.7640890069146815,1.064352501954274,1.064352501954274,2.48348917122664,4.257410007817096
pitch_types,haa,mean,2024.0,1,HC,38,-1.15256578645083,5.427451396551936,0.7256309843368453,,5.421698719701222,0.1338383082224888,0.1338383082224888,0.3122893858524739,0.5353532328899553
pitch_types,haa,mean,2023.0,11,CU,393,-1.2910902565014537,6.592351481003102,0.9103224245101664,,6.577565364449791,0.1383980810635873,0.1383980810635873,0.322928855815037,0.5535923242543492
pitch_types,haa,mean,2023.0,11,SW,410,-1.781850925187475,13.764775634946895,1.113639182801563,,13.74990861073564,0.0809924788832456,0.0809924788832456,0.188982450727573,0.3239699155329824
pitch_types,haa,mean,2017.0,1,SL,558,-1.3734105466215285,8.314736718831613,0.8878333913983425,,8.305976121663015,0.106890915455772,0.106890915455772,0.249412136063468,0.4275636618230881
pitch_types,haa,mean,2023.0,1,CU,299,-1.4202353100542904,6.388736111182265,0.8021303395242922,,6.378416492362968,0.1257569712615509,0.1257569712615509,0.2934329329436188,0.5030278850462038
pitch_types,haa,mean,2022.0,14,SL,241,-1.4421488486919234,6.700011028324009,1.0008387861722108,,6.684217839840605,0.1497316230788907,0.1497316230788907,0.3493737871840784,0.5989264923155629
pitch_types,haa,mean,2019.0,1,CH,434,-0.0998704586285175,0.7307754243421255,0.7223471552373495,,0.721151188220206,1.001658413709468,1.001658413709468,2.337202965322092,4.006633654837872
pitch_types,haa,mean,2019.0,1,FS,55,-0.5573404437490176,1.073231173822705,0.7758656014416517,,1.0629416817265636,0.7299230190892442,0.7299230190892442,1.7031537112082362,2.9196920763569767
pitch_types,haa,mean,2024.0,11,CU,394,-1.1982356895898036,6.462485329309742,0.8980522621534784,,6.447818894141131,0.1392800072237608,0.1392800072237608,0.3249866835221087,0.5571200288950434
pitch_types,haa,mean,2016.0,1,FS,63,-0.322451835967359,0.8214760335528887,0.8382926548110102,,0.8105297898561241,1.0342527385203375,1.0342527385203375,2.413256389880788,4.137010954081351
pitch_types,haa,mean,2021.0,1,SW,114,-2.0226640845941195,15.167538879630126,1.0378332888374626,,15.155859124186602,0.068477364452486,0.068477364452486,0.1597805170558008,0.2739094578099443
pitch_types,haa,mean,2024.0,1,SW,309,-1.93470727470596,14.466225970556604,1.0937378803421938,,14.454053509523323,0.0756699758736581,0.0756699758736581,0.1765632770385357,0.3026799034946326
pitch_types,haa,mean,2023.0,1,FA,681,-0.5744484805524973,1.803776205909973,0.7254033039126738,,1.7970346068588885,0.4036668526827296,0.4036668526827296,0.9418893229263692,1.614667410730919
pitch_types,haa,mean,2019.0,1,FA,703,-0.5152253319990148,2.110158319117877,0.7919287606780427,,2.1034811698198497,0.3764848347778965,0.3764848347778965,0.8784646144817586,1.5059393391115865
pitch_types,haa,mean,2022.0,1,CU,321,-1.3281048435513705,6.60451462149381,0.8000647026816115,,6.594231748203718,0.1213279625635769,0.1213279625635769,0.2830985793150129,0.4853118502543079
pitch_types,haa,mean,2024.0,14,SW,82,-2.210892335295045,9.384595374399789,1.2518867594399916,,9.365443821887547,0.133670841793345,0.133670841793345,0.3118986308511385,0.5346833671733803
pitch_types,haa,mean,2024.0,14,CU,91,-1.720198544498064,5.358759851514408,1.1182500747453583,,5.339872191327966,0.2094151385423444,0.2094151385423444,0.4886353232654705,0.837660554169378
pitch_types,haa,mean,2022.0,14,CU,91,-1.6116753483102937,6.4789241034212885,1.101962147771705,,6.459079439161954,0.1706066875552596,0.1706066875552596,0.3980822709622724,0.6824267502210385
pitch_types,haa,mean,2019.0,1,SL,586,-1.3207199824542428,8.740378301064762,0.7938682285695767,,8.733079584353565,0.0909035834268467,0.0909035834268467,0.2121083613293092,0.3636143337073871
pitch_types,haa,mean,2020.0,1,CH,325,-0.0749893777215616,0.7012079762153073,0.6899303475008763,,0.6877128969875865,1.0032243840751032,1.0032243840751032,2.3408568961752407,4.012897536300413
pitch_types,haa,mean,2021.0,1,CH,452,-0.0473435406846705,0.6280030821388553,0.7336615163617893,,0.6176841916480765,1.187761523253926,1.187761523253926,2.7714435542591604,4.751046093015704
pitch_types,haa,mean,2025.0,1,HC,39,-0.7088299851764673,5.683412511242266,0.7130169030359726,,5.676405144844063,0.1256106435044745,0.1256106435044745,0.2930915015104405,0.5024425740178982
pitch_types,haa,mean,2023.0,14,SI,93,-0.2185894982951987,0.6618444082586603,0.9524397690708456,,0.6454829478230809,1.475545980390326,1.475545980390326,3.4429406209107603,5.902183921561304
pitch_types,haa,mean,2021.0,1,HC,27,-1.4859367006181776,5.052642867972791,0.704282153176489,,5.047176903116834,0.1395398193278239,0.1395398193278239,0.3255929117649225,0.5581592773112958
pitch_types,haa,mean,2022.0,1,SL,575,-1.394245999066248,7.54490120623818,0.7596410831252194,,7.537263164706807,0.1007847366511275,0.1007847366511275,0.2351643855192975,0.40313894660451
pitch_types,haa,mean,2017.0,1,HC,37,-0.8746203155455747,6.890137893124564,0.8642574549355511,,6.884110944378382,0.1255438010686493,0.1255438010686493,0.2929355358268483,0.5021752042745973
pitch_types,haa,mean,2015.0,1,FS,68,-0.393270639141773,0.6910254179785186,0.8069997510459094,,0.6808180592376073,1.185338344211378,1.185338344211378,2.765789469826549,4.741353376845512
pitch_types,haa,mean,2025.0,1,SI,454,-0.1191248691816285,0.7292512759427601,0.7440647996557924,,0.721255744329525,1.0316240882732526,1.0316240882732526,2.407122872637589,4.12649635309301
pitch_types,haa,mean,2022.0,14,SI,90,-0.0292882821826414,0.4976229409401206,0.9042693981876452,,0.4825350481005894,1.8739973432958608,1.8739973432958608,4.372660467690343,7.495989373183445
pitch_types,haa,mean,2022.0,11,FS,21,-0.7414944354697733,0.9509355840276614,0.8714863711155985,,0.9318230168915564,0.9352488136886408,0.9352488136886408,2.1822472319401616,3.740995254754563
pitch_types,haa,mean,2025.0,14,CH,180,-0.195183816648687,0.6663508865432435,1.0059039542357249,,0.6467013295909229,1.5554382034006626,1.5554382034006626,3.6293558079348793,6.221752813602651
pitch_types,haa,mean,2025.0,11,SW,435,-2.1359452503338074,12.350261133395271,1.1293817286750252,,12.334133579810295,0.0915655502972423,0.0915655502972423,0.2136529506935653,0.3662622011889693
pitch_types,haa,mean,2018.0,1,CU,364,-1.4815757348683078,7.496946795768074,0.978095381083746,,7.485249589568975,0.1306697083884504,0.1306697083884504,0.3048959862397176,0.5226788335538016
pitch_types,haa,mean,2022.0,1,SW,228,-2.1681753922193754,13.948951341721289,1.0562965009856349,,13.935854091445762,0.0757970407880505,0.0757970407880505,0.1768597618387845,0.303188163152202
pitch_types,haa,mean,2025.0,1,SL,613,-1.3236935363097917,6.850201740528262,0.7311300449565524,,6.842397865764722,0.1068528985452148,0.1068528985452148,0.2493234299388346,0.4274115941808594
pitch_types,haa,mean,2022.0,1,FS,63,-0.4779183522137679,0.5827959216984699,0.7353629256497625,,0.5722794124354572,1.28497183311255,1.28497183311255,2.99826761059595,5.139887332450201
pitch_types,haa,mean,2022.0,11,SI,205,-0.16050380158921,0.8737075450924715,0.822572234533835,,0.8595847805480036,0.9569413665158516,0.9569413665158516,2.232863188536987,3.8277654660634064
pitch_types,haa,mean,2016.0,1,XX,251,-0.6999733299190416,1.9757212333517944,3.4653934194248923,,1.8778031669911208,1.8454508333680315,1.8454508333680315,4.306051944525406,7.381803333472126
pitch_types,haa,mean,2023.0,11,SL,826,-1.3759729305736157,6.663347948246807,0.8112886094686266,,6.652698286747421,0.1219488055071973,0.1219488055071973,0.2845472128501272,0.4877952220287895
pitch_types,haa,mean,2023.0,14,SL,237,-1.5522960531125314,5.757779605059632,1.0279277659285588,,5.740240863157257,0.1790739779799373,0.1790739779799373,0.417839281953187,0.7162959119197492
pitch_types,haa,mean,2024.0,1,CU,299,-1.370660428279979,6.582362269842796,0.7951046485184837,,6.572059472154114,0.1209825705149733,0.1209825705149733,0.2822926645349378,0.4839302820598934
pitch_types,haa,mean,2017.0,1,FS,53,-0.1341235411053605,0.6781883042030405,0.8735440705522878,,0.6686909815423755,1.3063494120070327,1.3063494120070327,3.0481486280164094,5.225397648028131
pitch_types,haa,mean,2021.0,1,FA,716,-0.5618810125233836,1.9177618983754416,0.7635308181506657,,1.9109199722231849,0.3995619017275568,0.3995619017275568,0.9323111040309658,1.5982476069102272
pitch_types,haa,mean,2024.0,11,CH,559,-0.074830571854519,0.7144412245907135,0.8055364234581301,,0.7015565319879292,1.1482131328398637,1.1482131328398637,2.679163976626348,4.592852531359454
pitch_types,haa,mean,2021.0,1,SI,376,-0.0910475024728034,0.7134062689044914,0.7568115189179228,,0.7056781958353313,1.0724598313854143,1.0724598313854143,2.502406273232633,4.289839325541658
pitch_types,haa,mean,2024.0,14,FA,345,-0.4813542021952424,0.961001771544848,0.889360740102764,,0.950291867105747,0.9358816705560602,0.9358816705560602,2.1837238979641405,3.743526682224241
pitch_types,haa,mean,2016.0,1,FA,619,-0.5734388195991335,2.038458720505092,0.9091300845919345,,2.031808121989113,0.4474487894565104,0.4474487894565104,1.0440471753985243,1.7897951578260418
pitch_types,haa,mean,2021.0,14,CU,127,-1.9020465194056744,5.124925711255191,1.2015564264013434,,5.101626545842494,0.2355241834352882,0.2355241834352882,0.5495564280156725,0.9420967337411528
pitch_types,haa,mean,2023.0,14,FA,342,-0.4625689709154647,1.11864943668238,0.886211161024261,,1.1068372225158425,0.8006698211774104,0.8006698211774104,1.8682295827472903,3.202679284709642
pitch_types,haa,mean,2020.0,1,SL,481,-1.273575574931017,8.623201903913078,0.7473509786785747,,8.612170068513835,0.0867784742675828,0.0867784742675828,0.2024831066243598,0.3471138970703312
pitch_types,haa,mean,2025.0,1,FA,699,-0.5609094320599181,1.7569787557466543,0.7055008898274399,,1.750171329764541,0.403103900646318,0.403103900646318,0.9405757681747422,1.6124156025852725
pitch_types,haa,mean,2021.0,1,CU,378,-1.276434424793117,7.074203337135963,0.8667163787519975,,7.062511211399806,0.122720708372541,0.122720708372541,0.2863483195359292,0.4908828334901643
pitch_types,haa,mean,2024.0,14,SI,109,-0.160435089731992,0.6327923593850637,0.8914015243726939,,0.6186829272320018,1.4408051121773149,1.4408051121773149,3.361878595080401,5.76322044870926
pitch_types,haa,mean,2025.0,16,SL,50,-1.7988858763211582,4.116417753509521,1.0387915434931474,,4.082241447464941,0.2544659733779915,0.2544659733779915,0.5937539378819803,1.0178638935119662
pitch_types,haa,mean,2023.0,1,SI,407,-0.0674103607875919,0.7460205285048931,0.7475398923306056,,0.7389388781048777,1.0116396829028491,1.0116396829028491,2.3604925934399814,4.0465587316113965
pitch_types,haa,mean,2019.0,1,HC,31,-1.369119529479833,7.0825073386565895,0.7992270563037488,,7.0767821352348745,0.1129365071625485,0.1129365071625485,0.2635185167126132,0.4517460286501941
pitch_types,haa,mean,2023.0,1,SL,583,-1.3743868555018248,7.283195118519875,0.7440229588548449,,7.275890604945465,0.1022586785938106,0.1022586785938106,0.2386035833855582,0.4090347143752426
pitch_types,haa,mean,2018.0,1,SI,393,-0.1149738716973712,0.7349141974476314,0.8042728262497464,,0.7277633227353764,1.1051296501543948,1.1051296501543948,2.5786358503602544,4.420518600617579
pitch_types,haa,mean,2015.0,1,FA,607,-0.5208788772932733,2.001676667104887,0.9147714439820864,,1.995450148498887,0.4584286130476572,0.4584286130476572,1.069666763777867,1.833714452190629
pitch_types,vbreak,mean,2023.0,14,SI,93,7.447553694391059,8.578635106785399,6.06996933654132,,8.47436230511324,0.7162744662071902,0.7162744662071902,1.6713070878167768,2.8650978648287606
pitch_types,vbreak,mean,2022.0,11,SI,205,5.643666754539655,15.011251769038916,4.807611366536519,,14.928709761783612,0.3220379686691778,0.3220379686691778,0.7514219268947481,1.288151874676711
pitch_types,vbreak,mean,2024.0,1,SL,593,1.5945881107358593,14.725126006056206,9.931746069311348,,14.61978878812814,0.6793358107455238,0.6793358107455238,1.5851168917395555,2.7173432429820954
pitch_types,vbreak,mean,2018.0,1,CU,364,-11.854558579968838,24.78599195150112,7.522485236959262,,24.696029292799164,0.304603025359735,0.304603025359735,0.7107403925060484,1.21841210143894
pitch_types,vbreak,mean,2022.0,11,CH,252,4.6337437431173045,13.83427597389437,7.088321727695246,,13.70896512695287,0.5170573899673189,0.5170573899673189,1.206467243257077,2.068229559869276
pitch_types,vbreak,mean,2021.0,14,SL,242,-1.1452073445499946,12.739781976794175,8.681854948505515,,12.60542528135419,0.6887395510048854,0.6887395510048854,1.6070589523447325,2.754958204019541
pitch_types,vbreak,mean,2017.0,1,CU,361,-11.877960212377218,21.67891624444011,10.57996934044228,,21.558648355685374,0.4907529064850748,0.4907529064850748,1.1450901151318411,1.9630116259403
pitch_types,vbreak,mean,2025.0,1,SW,323,-1.2532596479549916,14.043289260293909,9.095518811268285,,13.936434586387795,0.6526431674391237,0.6526431674391237,1.522834057357955,2.6105726697564946
pitch_types,vbreak,mean,2025.0,16,SL,50,-0.6195980930819076,11.006528362802497,6.900097548168339,,10.779514726601088,0.6401120758377612,0.6401120758377612,1.4935948436214428,2.560448303351045
pitch_types,vbreak,mean,2024.0,11,SI,521,6.2167436661800535,13.533226069745949,4.983759688121993,,13.465696669563012,0.3701078236365565,0.3701078236365565,0.8635849218186319,1.480431294546226
pitch_types,vbreak,mean,2023.0,11,HC,34,8.919695263819353,8.7267798693902,4.489727304564259,,8.684257419198756,0.5169961100690748,0.5169961100690748,1.206324256827841,2.067984440276299
pitch_types,vbreak,mean,2019.0,1,CU,374,-11.980652034293106,23.304378887914776,6.562395110946858,,23.22834766149929,0.2825166562244954,0.2825166562244954,0.6592055311904894,1.1300666248979818
pitch_types,vbreak,mean,2021.0,16,FA,25,14.232109912838675,7.162103487779803,4.51065984464873,,7.007050603789793,0.6437315926060417,0.6437315926060417,1.502040382747431,2.574926370424167
pitch_types,vbreak,mean,2021.0,1,FA,716,14.547201887128466,7.465702647646619,3.2150256323973374,,7.436893112482401,0.4323076295128002,0.4323076295128002,1.0087178021965335,1.729230518051201
pitch_types,vbreak,mean,2018.0,1,HC,36,9.23376939532747,8.48757177258846,4.923998873534338,,8.455657723398065,0.5823318581012213,0.5823318581012213,1.3587743355695163,2.3293274324048854
pitch_types,vbreak,mean,2024.0,11,CU,394,-12.531023014521354,18.10333198061493,6.494192924942777,,17.997272830696716,0.3608431669639456,0.3608431669639456,0.8419673895825397,1.4433726678557823
pitch_types,vbreak,mean,2022.0,1,SI,387,6.896613061943362,22.439169611450765,4.896187429854926,,22.39458446339729,0.218632653705072,0.218632653705072,0.5101428586451681,0.8745306148202882
pitch_types,vbreak,mean,2025.0,11,FS,127,1.5306917783451424,10.887882808775794,11.460639881864502,,10.682479107935851,1.0728445865483198,1.0728445865483198,2.5033040352794127,4.29137834619328
pitch_types,vbreak,mean,2020.0,1,SL,481,0.9721045129927668,17.205893070591124,9.232300910873263,,17.069612759317415,0.540861766523311,0.540861766523311,1.2620107885543923,2.163447066093244
pitch_types,vbreak,mean,2023.0,1,SI,407,6.776559160086864,19.32359229062121,4.674924412904433,,19.2793054496401,0.2424840679616756,0.2424840679616756,0.5657961585772432,0.9699362718467026
pitch_types,vbreak,mean,2023.0,11,SW,410,-0.9218693982624026,11.963345725340057,9.438002128743804,,11.837348895917303,0.7973070838521087,0.7973070838521087,1.8603831956549204,3.189228335408435
pitch_types,vbreak,mean,2024.0,14,SI,109,7.383111762726828,9.490849161343224,6.590902945724989,,9.386525918228326,0.7021663822315423,0.7021663822315423,1.638388225206932,2.808665528926169
pitch_types,vbreak,mean,2016.0,1,SI,405,8.37378284339516,16.838717320929995,7.2092966994573535,,16.767748619912958,0.4299501896692185,0.4299501896692185,1.0032171092281768,1.7198007586768744
pitch_types,vbreak,mean,2025.0,11,CU,425,-12.433211566561392,16.487254385223252,6.89498727817193,,16.365516944776207,0.421311914645799,0.421311914645799,0.9830611341735308,1.685247658583196
pitch_types,vbreak,mean,2025.0,1,CH,422,2.5689744936300443,18.26480437859716,7.486338295836103,,18.165034719366258,0.4121290386444847,0.4121290386444847,0.9616344235037976,1.6485161545779392
pitch_types,vbreak,mean,2022.0,1,HC,29,9.938917446943002,15.664733162492784,5.276710914256177,,15.61940247919794,0.3378305233688515,0.3378305233688515,0.7882712211939867,1.3513220934754062
pitch_types,vbreak,mean,2022.0,14,SL,241,-0.4644344875356058,14.781416838575144,9.752854432392628,,14.627517259112333,0.6667470808360869,0.6667470808360869,1.555743188617536,2.666988323344348
pitch_types,vbreak,mean,2022.0,1,FS,63,3.0307343300260787,11.59246647012971,9.883068723049206,,11.451127574534585,0.8630651137821151,0.8630651137821151,2.0138185988249355,3.452260455128461
pitch_types,vbreak,mean,2019.0,1,FS,55,2.281363342160695,11.100448217944525,11.345469264367637,,10.949985153071164,1.0361173194089264,1.0361173194089264,2.4176070786208284,4.1444692776357055
pitch_types,vbreak,mean,2019.0,1,SI,377,7.675601113161303,18.31591511474232,4.677526153310355,,18.272359431075778,0.2559891715656213,0.2559891715656213,0.5973080669864497,1.0239566862624851
pitch_types,vbreak,mean,2025.0,1,HC,39,10.641574951727645,11.3718730741004,4.46157886349168,,11.32802570150959,0.3938531727463439,0.3938531727463439,0.9189907364081356,1.5754126909853758
pitch_types,vbreak,mean,2020.0,1,CH,325,5.341017274222232,17.702943868688134,6.0851520019325545,,17.58391792835044,0.3460634897596685,0.3460634897596685,0.8074814761058932,1.384253959038674
pitch_types,vbreak,mean,2018.0,1,CH,419,5.710883475866302,16.867997475171155,6.892600145790376,,16.770613799150492,0.4109927178777152,0.4109927178777152,0.9589830083813357,1.6439708715108612
pitch_types,vbreak,mean,2021.0,14,SW,27,-2.292708251479983,14.483813520978108,10.00788987840613,,14.331768690668238,0.6983011025654154,0.6983011025654154,1.6293692393193029,2.793204410261662
pitch_types,vbreak,mean,2021.0,1,FS,55,3.231004116968517,11.232728441547438,10.075303820442754,,11.119780835094588,0.906070359646351,0.906070359646351,2.1141641725081524,3.624281438585404
pitch_types,vbreak,mean,2016.0,1,FS,63,2.823896271530764,12.212380207503733,14.992525282657208,,12.016611063599129,1.247650040706798,1.247650040706798,2.9111834283158617,4.990600162827191
pitch_types,vbreak,mean,2024.0,14,CU,91,-11.243664389270933,16.688227447186062,7.947064093937434,,16.55399857524045,0.4800691541573363,0.4800691541573363,1.1201613597004516,1.9202766166293457
pitch_types,vbreak,mean,2022.0,11,FS,21,2.28261543953662,7.521233491462685,12.23698238985859,,7.252864237253793,1.6871930853198998,1.6871930853198998,3.936783865746433,6.7487723412796
pitch_types,vbreak,mean,2021.0,1,SW,114,-1.893647075547656,13.814624311862918,9.123759608152833,,13.71194570047622,0.6653876705357695,0.6653876705357695,1.552571231250129,2.6615506821430786
pitch_types,vbreak,mean,2023.0,14,FS,11,-0.3438955424730023,10.960632259426138,21.64010054244339,,10.582861375947775,2.044825097267737,2.044825097267737,4.771258560291386,8.179300389070947
pitch_types,vbreak,mean,2020.0,1,FA,570,14.555656779547972,7.565185163318193,2.7319086459677675,,7.530845594278776,0.3627625359950565,0.3627625359950565,0.8464459173217985,1.451050143980226
pitch_types,vbreak,mean,2017.0,1,HC,37,9.82047348229466,7.701451338944415,8.980604172534411,,7.638824582590144,1.1756526250128003,1.1756526250128003,2.743189458363201,4.702610500051201
pitch_types,vbreak,mean,2025.0,1,FA,699,14.293475403677157,6.985553657962672,2.801729964526436,,6.958519575326648,0.4026330506363369,0.4026330506363369,0.9394771181514529,1.6105322025453477
pitch_types,vbreak,mean,2023.0,11,FA,946,13.909725374558546,6.251532204981977,3.190208031487919,,6.218972625847162,0.5129799121849876,0.5129799121849876,1.196953128431638,2.0519196487399505
pitch_types,vbreak,mean,2025.0,16,FA,137,13.041324928736683,5.967200418245964,4.182996555001257,,5.840889697057623,0.7161574301100844,0.7161574301100844,1.671034003590197,2.864629720440337
pitch_types,vbreak,mean,2023.0,14,FA,342,14.254190069228002,6.313563057241011,4.247659394235668,,6.256946457633726,0.67887098331381,0.67887098331381,1.58403229439889,2.71548393325524
pitch_types,vbreak,mean,2016.0,1,CH,412,6.026548671812469,18.607389040816315,10.074142658362142,,18.45852647936897,0.5457717694650206,0.5457717694650206,1.273467462085048,2.1830870778600824
pitch_types,vbreak,mean,2024.0,14,FS,11,1.5112646651307509,7.466624226991823,18.195605548820744,,7.117447405882724,2.5564791014516923,2.5564791014516923,5.965117903387282,10.22591640580677
pitch_types,vbreak,mean,2023.0,14,CH,187,5.3991195647307535,11.334178756996607,7.9529639894048625,,11.194471374077958,0.7104367614732424,0.7104367614732424,1.657685776770899,2.84174704589297
pitch_types,vbreak,mean,2024.0,14,CH,206,5.18629448904479,10.248173891106434,9.795744565456449,,10.061320983265697,0.973604219739042,0.973604219739042,2.271743179391098,3.894416878956168
pitch_types,vbreak,mean,2024.0,11,HC,41,9.124355252244165,9.520172411302848,5.38113494478947,,9.450580341447065,0.5693973015804779,0.5693973015804779,1.3285937036877815,2.2775892063219114
pitch_types,vbreak,mean,2023.0,1,SL,583,1.8121662919132715,15.18894127685629,9.58721613795344,,15.094817903932062,0.6351329442308845,0.6351329442308845,1.4819768698720637,2.540531776923538
pitch_types,vbreak,mean,2018.0,1,SI,393,8.003844894095257,18.26051568349176,4.73129140126305,,18.218449271531327,0.2596978113091273,0.2596978113091273,0.605961559721297,1.0387912452365091
pitch_types,vbreak,mean,2020.0,1,HC,20,10.173686638553267,3.702581119249064,4.438065152654012,,3.659719452947991,1.2126790618005008,1.2126790618005008,2.829584477534502,4.850716247202003
pitch_types,vbreak,mean,2015.0,1,SW,12,-2.740211939890667,16.309368250370223,12.280752643565666,,16.17159544125767,0.7594026630319036,0.7594026630319036,1.771939547074442,3.037610652127615
pitch_types,vbreak,mean,2025.0,16,SI,19,7.052724274836578,10.348687848054338,5.144306912377616,,10.15481578020562,0.506587910969809,0.506587910969809,1.1820384589295545,2.026351643879236
pitch_types,vbreak,mean,2025.0,14,CH,180,4.517555365690584,10.351742701582609,9.143955379075605,,10.173122594529604,0.8988346787438288,0.8988346787438288,2.0972809170689337,3.595338714975316
pitch_types,vbreak,mean,2022.0,14,FA,346,14.3043088730446,7.248674147155834,4.574013211222039,,7.194752557677975,0.6357429494000902,0.6357429494000902,1.4834002152668773,2.5429717976003614
pitch_types,vbreak,mean,2025.0,14,FA,378,14.682019139935544,6.281387472520005,4.0946639755783645,,6.229013592241249,0.6573535143154298,0.6573535143154298,1.5338248667360028,2.629414057261719
pitch_types,vbreak,mean,2022.0,11,SL,334,0.6717635710328642,14.748842468691066,9.216434149143987,,14.595873421568198,0.631441084952473,0.631441084952473,1.4733625315557703,2.5257643398098923
pitch_types,vbreak,mean,2022.0,11,CU,154,-12.358742074794378,21.25122379958784,7.424743308828216,,21.12653249580948,0.3514416438334563,0.3514416438334563,0.8200305022780647,1.405766575333825
pitch_types,vbreak,mean,2016.0,1,XX,251,8.107541481555076,14.30715488112597,68.55785479852455,,12.369985918410778,5.542274279915466,5.542274279915466,12.931973319802752,22.169097119661863
pitch_types,vbreak,mean,2015.0,1,CU,353,-12.335640688886258,21.99465277626827,11.857184181872109,,21.842963483810216,0.542837705637357,0.542837705637357,1.2666213131538329,2.171350822549428
pitch_types,vbreak,mean,2024.0,14,FA,345,14.19855320205118,6.492064146426442,4.231564524972109,,6.441106588208722,0.6569623506492711,0.6569623506492711,1.5329121515149655,2.6278494025970844
pitch_types,vbreak,mean,2015.0,1,SL,516,0.6952155982732363,17.326883708416503,12.427596433147814,,17.207822914266554,0.7222062020898891,0.7222062020898891,1.6851478048764077,2.888824808359556
pitch_types,vbreak,mean,2022.0,14,SW,61,-1.4586278024539263,19.533198457736543,11.715569297102917,,19.370391680359837,0.6048183996703407,0.6048183996703407,1.4112429325641282,2.4192735986813627
pitch_types,vbreak,mean,2023.0,11,CU,393,-12.381249383474293,16.48826559961026,6.869516948946586,,16.376685926807266,0.419469297979377,0.419469297979377,0.978761695285213,1.6778771919175082
pitch_types,vbreak,mean,2015.0,1,FA,607,14.19324180389153,6.4620265506355326,6.336882546897605,,6.41889368139058,0.9872234782871168,0.9872234782871168,2.3035214493366056,3.948893913148468
pitch_types,vbreak,mean,2024.0,16,FA,12,14.130082601707342,5.518720064540085,4.093602060418622,,5.389990799363998,0.7594821981702926,0.7594821981702926,1.772125129064016,3.0379287926811704
pitch_types,vbreak,mean,2024.0,1,HC,38,9.796435245475552,8.383056706920222,5.503274713789652,,8.339427697502895,0.6599103575701624,0.6599103575701624,1.5397908343303788,2.63964143028065
pitch_types,vbreak,mean,2016.0,1,HC,49,9.103278500680876,10.499841696015483,7.376689531240731,,10.44003274947432,0.7065772405371203,0.7065772405371203,1.6486802279199473,2.826308962148482
pitch_types,vbreak,mean,2023.0,1,FS,82,2.596926112755534,11.97826052871517,11.242739438373416,,11.824218378134574,0.9508230547537558,0.9508230547537558,2.218587127758764,3.803292219015024
pitch_types,vbreak,mean,2018.0,1,FS,61,3.237207926138413,9.361886025498128,11.88370758511165,,9.201626275363768,1.2914790526679865,1.2914790526679865,3.013451122891968,5.165916210671946
pitch_types,vbreak,mean,2015.0,1,XX,81,8.752345577190667,22.384601096645856,62.41037323369452,,20.435052401691653,3.054084325642741,3.054084325642741,7.126196759833062,12.216337302570963
pitch_types,vbreak,mean,2023.0,14,SW,84,-0.7716679924184914,15.356197733555495,10.966585937854312,,15.18010381804805,0.7224315504888598,0.7224315504888598,1.6856736178073397,2.8897262019554395
pitch_types,vbreak,mean,2024.0,11,CH,559,3.721745514459189,14.822297896878984,7.21659042491359,,14.706867301120155,0.4906952838531381,0.4906952838531381,1.144955662323989,1.9627811354125524
pitch_types,vbreak,mean,2020.0,1,FS,49,3.194908708351033,17.89577469067037,9.852210230135883,,17.73115319814476,0.5556440757145303,0.5556440757145303,1.296502843333904,2.2225763028581214
pitch_types,vbreak,mean,2019.0,1,SW,44,-1.8967610005149549,14.894866536494842,9.266211739767211,,14.816955036684384,0.6253789470795835,0.6253789470795835,1.4592175431856949,2.501515788318334
pitch_types,vbreak,mean,2018.0,1,SW,32,-2.371823116506097,13.200790768628096,8.222868177587491,,13.136967332899234,0.6259335179280501,0.6259335179280501,1.4605115418321166,2.5037340717122003
pitch_types,vbreak,mean,2017.0,1,SW,23,-1.793454066886467,16.5129316185959,13.532271990555053,,16.413932912251923,0.8244381199129979,0.8244381199129979,1.9236889464636615,3.297752479651992
pitch_types,vbreak,mean,2021.0,1,HC,27,9.38804640724771,16.888417504864297,5.95080665359462,,16.84223303194185,0.3533264646266751,0.3533264646266751,0.8244284174622418,1.4133058585067004
pitch_types,vbreak,mean,2022.0,11,HC,13,7.797479353420183,6.225088730875775,4.088227110157683,,6.173343397723293,0.662238733012229,0.662238733012229,1.5452237103618678,2.6489549320489165
pitch_types,vbreak,mean,2017.0,1,FA,636,14.298537354137611,5.716415127095594,6.955884152456678,,5.66306168030232,1.2282903745603104,1.2282903745603104,2.8660108739740577,4.913161498241242
pitch_types,vbreak,mean,2023.0,1,CH,435,4.333378200306015,15.647503192564855,6.843362012488134,,15.552630724834843,0.440013148486865,0.440013148486865,1.0266973464693518,1.7600525939474605
pitch_types,vbreak,mean,2025.0,1,SI,454,6.508437446736816,18.85276542357557,4.79226189416538,,18.801268992765475,0.254890342561951,0.254890342561951,0.5947441326445524,1.019561370247804
pitch_types,vbreak,mean,2025.0,1,SL,613,1.8100939742548448,15.03953573547557,10.276034259318733,,14.929852259904088,0.6882877392508603,0.6882877392508603,1.606004724918674,2.753150957003441
pitch_types,vbreak,mean,2025.0,14,SW,78,-1.616058705228779,13.00368534165571,12.02414455316983,,12.802389612795016,0.9392109533326976,0.9392109533326976,2.191492224442961,3.75684381333079
pitch_types,vbreak,mean,2025.0,14,SL,307,0.4753932124157679,10.466091125631522,10.263266026460837,,10.313723884229695,0.99510769743933,0.99510769743933,2.32191796069177,3.980430789757321
pitch_types,vbreak,mean,2017.0,1,SI,388,8.44586456471391,15.870155868822062,8.684812115323359,,15.802612637906432,0.5495807759338929,0.5495807759338929,1.28235514384575,2.1983231037355715
pitch_types,vbreak,mean,2023.0,1,HC,34,10.061236025167926,11.429747760909835,5.279158066287305,,11.381627410407456,0.4638315660781513,0.4638315660781513,1.082273654182353,1.8553262643126056
pitch_types,vbreak,mean,2019.0,1,HC,31,8.509894561785774,12.31924413159116,5.1300313701571945,,12.282495534403068,0.4176701188930263,0.4176701188930263,0.9745636107503948,1.6706804755721052
pitch_types,vbreak,mean,2018.0,1,SL,562,1.074718184804493,15.50239240244965,9.398697563005042,,15.408767832997365,0.6099577633247251,0.6099577633247251,1.423234781091025,2.4398310532989003
pitch_types,vbreak,mean,2025.0,11,SW,435,-1.1638953227488371,12.896312337711484,8.801450195206746,,12.770627765308134,0.6891947958201553,0.6891947958201553,1.6081211902470292,2.7567791832806217
pitch_types,vbreak,mean,2024.0,1,SI,428,6.533180370529017,17.643143995018992,4.582021082392947,,17.59721789418451,0.2603832668291959,0.2603832668291959,0.6075609559347904,1.041533067316784
pitch_types,vbreak,mean,2015.0,1,HC,58,8.570933065214156,9.432382439138369,8.115898426768558,,9.360434479424624,0.8670429182115736,0.8670429182115736,2.023100142493672,3.4681716728462946
pitch_types,vbreak,mean,2023.0,16,FA,24,12.342797529543736,4.807792727942007,4.593517083624376,,4.646272779464873,0.9886455879057164,0.9886455879057164,2.3068397051133385,3.954582351622866
pitch_types,vbreak,mean,2021.0,14,FA,352,14.394951529259542,6.285617374629949,4.3759797827257465,,6.235025438781213,0.7018383205796731,0.7018383205796731,1.6376227480192371,2.8073532823186924
pitch_types,vbreak,mean,2020.0,1,SI,289,7.485971311472888,20.047360542334214,3.8631562788720095,,19.99331715109544,0.1932223777413717,0.1932223777413717,0.4508522147298673,0.7728895109654871
pitch_types,vbreak,mean,2021.0,14,CU,127,-10.836560551640732,17.726352553676985,8.880607027813419,,17.55415029370832,0.5058978577274894,0.5058978577274894,1.180428334697475,2.023591430909958
pitch_types,vbreak,mean,2024.0,1,FA,671,14.292313979897918,6.274302837691972,2.856814401383484,,6.247502950426857,0.4572729975562947,0.4572729975562947,1.0669703276313542,1.829091990225179
pitch_types,vbreak,mean,2016.0,1,CU,369,-12.32120155985683,24.603706634712196,11.472493659779458,,24.460737296031105,0.4690166743927598,0.4690166743927598,1.094372240249773,1.8760666975710396
pitch_types,vbreak,mean,2016.0,1,SW,16,-3.334420578785532,19.024753206530047,12.580865733084485,,18.94197432992913,0.6641792198612675,0.6641792198612675,1.549751513009624,2.65671687944507
pitch_types,vbreak,mean,2025.0,14,CU,97,-11.37646685543527,20.17760569211286,8.39025221945963,,20.023321236743133,0.4190240030741441,0.4190240030741441,0.9777226738396696,1.6760960122965765
pitch_types,vbreak,mean,2024.0,11,SW,406,-0.944370081977144,12.946703184749094,8.976357001144383,,12.827094930114772,0.699796567348244,0.699796567348244,1.6328586571459027,2.7991862693929765
pitch_types,vbreak,mean,2025.0,14,SI,105,7.573903381412121,7.816294445146961,6.560065661456188,,7.706493122562877,0.8512387615386035,0.8512387615386035,1.986223776923408,3.4049550461544142
pitch_types,vbreak,mean,2016.0,1,FA,619,14.157348637827583,6.540599987880449,6.117966951840091,,6.495844960387348,0.9418277359063194,0.9418277359063194,2.1975980504480788,3.7673109436252776
pitch_types,vbreak,mean,2022.0,11,FA,425,13.62421736938673,6.032296474717132,3.426975329525123,,5.983891887224807,0.5727000744852153,0.5727000744852153,1.3363001737988356,2.2908002979408613
pitch_types,vbreak,mean,2020.0,1,CU,300,-12.771581054815636,26.401512363487814,6.366374758237622,,26.282493099877023,0.2422287236619653,0.2422287236619653,0.5652003552112523,0.9689148946478612
pitch_types,vbreak,mean,2022.0,11,SW,127,-1.8404860427059293,11.996903571137436,9.444673573763746,,11.84159765752884,0.7975844009324924,0.7975844009324924,1.8610302688424825,3.1903376037299696
pitch_types,vbreak,mean,2022.0,14,CH,216,6.059413748444667,10.17366316723792,8.74494345958448,,10.003793480303967,0.8741627340470409,0.8741627340470409,2.039713046109762,3.496650936188164
pitch_types,vbreak,mean,2021.0,14,SI,76,8.976347637845802,11.75339526656241,5.189961034644863,,11.676540159400606,0.444477641818112,0.444477641818112,1.0371144975755948,1.7779105672724482
pitch_types,vbreak,mean,2023.0,11,CH,617,4.251659285772472,15.621789092612008,7.19664517640646,,15.505365585524578,0.4641390192776279,0.4641390192776279,1.0829910449811315,1.856556077110512
pitch_types,vbreak,mean,2024.0,11,FS,102,1.8895611405368284,10.716438466614775,11.586590105694968,,10.537345389013996,1.0995739133477478,1.0995739133477478,2.5656724644780784,4.398295653390991
pitch_types,vbreak,mean,2017.0,1,CH,419,5.851834231792134,17.059657225847463,11.229764517536584,,16.903157859410655,0.6643589683619107,0.6643589683619107,1.5501709261777916,2.657435873447642
pitch_types,vbreak,mean,2025.0,16,CH,15,4.638268561087519,13.360696267853305,7.169275118826981,,13.089284167654606,0.5477209469210876,0.5477209469210876,1.278015542815871,2.1908837876843505
pitch_types,vbreak,mean,2024.0,1,FS,90,1.9352875506468796,12.315546915441288,10.988797132058798,,12.179008758643974,0.9022735224046512,0.9022735224046512,2.105304885610853,3.609094089618605
pitch_types,vbreak,mean,2022.0,16,FA,27,12.923679539265224,11.888324756525634,4.580476819670005,,11.754085109423682,0.3896923305411212,0.3896923305411212,0.9092821045959496,1.558769322164485
pitch_types,vbreak,mean,2019.0,1,FA,703,13.711089525685216,7.969964057869115,3.299246659013873,,7.942146451529887,0.4154099498352038,0.4154099498352038,0.9692898829488088,1.6616397993408154
pitch_types,vbreak,mean,2025.0,11,SL,892,1.7448520503310117,12.80066770298464,10.222995990318456,,12.673280675882046,0.8066574276835344,0.8066574276835344,1.8822006645949136,3.226629710734138
pitch_types,vbreak,mean,2023.0,1,SW,290,-0.9387056099143092,13.16438674810537,9.103488737428023,,13.059227798487107,0.6970924221478586,0.6970924221478586,1.62654898501167,2.7883696885914344
pitch_types,vbreak,mean,2019.0,1,SL,586,0.851582984574315,15.816621081341893,9.875291595505033,,15.725828991166,0.6279663603777256,0.6279663603777256,1.4652548408813597,2.5118654415109027
pitch_types,vbreak,mean,2024.0,1,CU,299,-13.23966899532202,21.53238416735484,6.789997817307508,,21.444400813278545,0.316632666793986,0.316632666793986,0.738809555852634,1.2665306671759442
pitch_types,vbreak,mean,2018.0,1,FA,683,14.079423744181916,5.659633713528434,3.2193227410311724,,5.632438487293716,0.5715682023503107,0.5715682023503107,1.3336591388173915,2.2862728094012432
pitch_types,vbreak,mean,2025.0,16,CU,11,-8.040548410321636,29.930191187985294,6.937001062938284,,29.70511986162954,0.2335288022822924,0.2335288022822924,0.5449005386586824,0.93411520912917
pitch_types,vbreak,mean,2016.0,1,SL,523,1.1133496327519468,18.313834166637527,12.350751380778336,,18.188767183625284,0.679031803315251,0.679031803315251,1.5844075410689191,2.716127213261004
pitch_types,vbreak,mean,2015.0,1,CH,385,5.788486941333613,18.214621800849013,10.264930321610391,,18.08195090347337,0.5676893149642718,0.5676893149642718,1.3246084015833008,2.270757259857087
pitch_types,vbreak,mean,2023.0,14,SL,237,0.345028560810279,12.247566011036165,10.189637502064125,,12.07370805316105,0.8439526164786093,0.8439526164786093,1.9692227717834216,3.375810465914437
pitch_types,vbreak,mean,2022.0,1,CH,446,4.587284608892101,16.76891763713794,7.086518232569687,,16.675912117387398,0.4249553597239709,0.4249553597239709,0.9915625060225988,1.6998214388958837
pitch_types,vbreak,mean,2024.0,11,FA,952,13.673326851009314,7.023013260886915,3.1733596835013254,,6.988625032124637,0.4540749673811847,0.4540749673811847,1.059508257222764,1.816299869524739
pitch_types,vbreak,mean,2025.0,1,CU,304,-13.029526992649782,20.08219604727753,6.349012674702393,,20.0116903214346,0.3172651871342392,0.3172651871342392,0.7402854366465582,1.269060748536957
pitch_types,vbreak,mean,2022.0,1,CU,321,-13.085602321259302,23.47685403522781,6.684164608549265,,23.390945461221907,0.2857586333836073,0.2857586333836073,0.6667701445617505,1.1430345335344294
pitch_types,vbreak,mean,2024.0,1,SW,309,-1.31878403741412,14.561776288850677,9.161264901589552,,14.45981845961716,0.6335670760441973,0.6335670760441973,1.4783231774364602,2.534268304176789
pitch_types,vbreak,mean,2019.0,1,CH,434,5.396329013797199,14.868558193506091,6.584652195917521,,14.78082718071709,0.4454860418439766,0.4454860418439766,1.0394674309692786,1.7819441673759064
pitch_types,vbreak,mean,2023.0,11,SL,826,1.7529095476510366,13.50959202864674,8.96044365708606,,13.391969655155282,0.6690907975315422,0.6690907975315422,1.561211860906932,2.6763631901261693
pitch_types,vbreak,mean,2022.0,1,SW,228,-1.5175596019386608,14.990937011786754,9.200522931542734,,14.876857724969389,0.6184453129574893,0.6184453129574893,1.4430390635674748,2.4737812518299576
pitch_types,vbreak,mean,2022.0,1,FA,688,14.45037777265066,7.690629161506044,3.177884830499763,,7.661041609975015,0.4148110651640393,0.4148110651640393,0.9678924853827584,1.6592442606561577
pitch_types,vbreak,mean,2020.0,1,SW,57,-2.450979950570304,13.636142332632236,8.262946445199603,,13.506099342586804,0.611793696729689,0.611793696729689,1.4275186257026076,2.447174786918756
pitch_types,vbreak,mean,2025.0,14,FS,28,1.7545023334435763,8.758922692006351,12.717311989135853,,8.528057121859696,1.491232036490231,1.491232036490231,3.479541418477205,5.964928145960924
pitch_types,vbreak,mean,2022.0,1,SL,575,1.2698694582709364,16.476800965561864,9.934917123304544,,16.376907329890717,0.606641835554115,0.606641835554115,1.415497616292935,2.42656734221646
pitch_types,vbreak,mean,2024.0,1,CH,411,3.5640920229835857,17.918415745323696,6.628819775359378,,17.829969081248162,0.3717796562154967,0.3717796562154967,0.8674858645028257,1.487118624861987
pitch_types,vbreak,mean,2021.0,1,CH,452,5.216186922880464,17.48976498343687,6.91203623054047,,17.39254774723108,0.3974136699806315,0.3974136699806315,0.9272985632881402,1.5896546799225264
pitch_types,vbreak,mean,2021.0,1,SL,616,0.9671952656040144,17.41928484403445,9.579645271832865,,17.324585516659745,0.5529509068266506,0.5529509068266506,1.290218782595518,2.2118036273066024
pitch_types,vbreak,mean,2022.0,14,SI,90,7.715262733898707,10.017690655055164,6.3009895707977694,,9.91255754359774,0.6356573006597489,0.6356573006597489,1.4832003682060808,2.542629202638996
pitch_types,vbreak,mean,2022.0,14,CU,91,-12.017940341201108,22.92832615540128,8.790308993018728,,22.770026044045355,0.386047384224117,0.386047384224117,0.900777229856273,1.544189536896468
pitch_types,vbreak,mean,2023.0,14,CU,100,-12.241261360661174,17.584662022189455,7.903926661527172,,17.44401251334417,0.4531025562771693,0.4531025562771693,1.0572392979800616,1.812410225108677
pitch_types,vbreak,mean,2025.0,11,FA,1015,13.71857041266951,6.827451868781603,3.093801242067917,,6.793281051467346,0.4554207633437537,0.4554207633437537,1.062648447802092,1.821683053375015
pitch_types,vbreak,mean,2017.0,1,FS,53,2.9038822452387483,10.011636913943164,15.796736989107863,,9.83989204928354,1.6053770620642178,1.6053770620642178,3.745879811483175,6.421508248256872
pitch_types,vbreak,mean,2023.0,1,CU,299,-12.904647149392492,21.592746982901804,6.634885986054724,,21.50738742110517,0.3084933495708511,0.3084933495708511,0.7198178156653193,1.2339733982834045
pitch_types,vbreak,mean,2015.0,1,SI,409,8.218790222496535,15.847277423514276,7.485465382044737,,15.777360889693474,0.4744434404701105,0.4744434404701105,1.1070346944302578,1.8977737618804424
pitch_types,vbreak,mean,2025.0,1,FS,101,1.772037490053429,13.724257257463464,10.95086877060253,,13.601770064378044,0.8051061530059227,0.8051061530059227,1.878581023680486,3.2204246120236912
pitch_types,vbreak,mean,2015.0,1,FS,68,2.691463730544281,10.865672850351633,14.921584661354215,,10.67693677277054,1.397552966634478,1.397552966634478,3.2609569221471157,5.590211866537912
pitch_types,vbreak,mean,2021.0,14,CH,209,6.676551297645447,9.361701052182855,7.856972197715379,,9.204275739741352,0.8536219926344977,0.8536219926344977,1.9917846494804945,3.414487970537991
pitch_types,vbreak,mean,2021.0,1,SI,376,7.325381769410125,24.08307499222343,4.741523706827139,,24.03465759799837,0.1972786043443372,0.1972786043443372,0.4603167434701202,0.789114417377349
pitch_types,vbreak,mean,2021.0,1,CU,378,-13.19759097471325,22.55623055575813,7.398837887292848,,22.456419193009644,0.3294754085101866,0.3294754085101866,0.7687759531904355,1.3179016340407466
pitch_types,vbreak,mean,2023.0,11,SI,502,6.0652069613362345,14.867757179930395,5.094311089401934,,14.804921582438002,0.3440957833538911,0.3440957833538911,0.8028901611590793,1.3763831334155645
pitch_types,vbreak,mean,2025.0,11,CH,612,2.8878992530532006,15.525948734833518,7.841594680918805,,15.389674660771554,0.5095360918127213,0.5095360918127213,1.1889175475630165,2.038144367250885
pitch_types,vbreak,mean,2024.0,11,SL,836,1.859143211933345,13.007062330085803,9.32810428740681,,12.88903846600627,0.7237238302926073,0.7237238302926073,1.6886889373494172,2.8948953211704294
pitch_types,vbreak,mean,2024.0,14,SW,82,-1.3547319188904627,10.009372501343334,11.08006393250676,,9.83986801170621,1.1260378614149218,1.1260378614149218,2.627421676634817,4.504151445659687
pitch_types,vbreak,mean,2023.0,11,FS,88,3.1851979835451387,9.351100074273946,10.830815160259672,,9.158986713911084,1.1825342145992348,1.1825342145992348,2.759246500731548,4.730136858396939
pitch_types,vbreak,mean,2025.0,11,HC,39,9.057238869986842,11.597035346991806,4.47277661393196,,11.55926355592033,0.386943042893172,0.386943042893172,0.902867100084068,1.547772171572688
pitch_types,vbreak,mean,2022.0,11,XX,10,10.183600553197277,39.55086731932244,58.07523100819681,,37.95767378405803,1.529999739672878,1.529999739672878,3.5699993925700486,6.119998958691513
pitch_types,vbreak,mean,2024.0,14,SL,259,0.3142278290853328,11.04500283292228,9.983770034075832,,10.890647448795455,0.9167287877985684,0.9167287877985684,2.13903383819666,3.6669151511942735
pitch_types,vbreak,mean,2021.0,14,XX,11,7.410854711806652,23.211091910337423,71.79038650344461,,20.976192594980024,3.422469839480084,3.422469839480084,7.985762958786862,13.689879357920338
pitch_types,vbreak,mean,2025.0,11,SI,565,6.288785872876757,13.823598827950196,5.182224622141435,,13.751334999996091,0.3768524744792347,0.3768524744792347,0.8793224404515476,1.5074098979169392
pitch_types,vbreak,mean,2017.0,1,SL,558,1.2539491979134747,15.584211926253232,13.155927400632212,,15.454397276958796,0.8512740526119766,0.8512740526119766,1.9863061227612788,3.4050962104479066
pitch_types,vbreak,mean,2023.0,1,FA,681,14.48312817057193,6.404205747314843,2.967873529720042,,6.376623555086355,0.4654302553822075,0.4654302553822075,1.0860039292251509,1.8617210215288305
pitch_types,hbreak,mean,2023.0,11,SW,410,5.823642064166482,135.58205784537847,10.97510174566302,,135.43554081733774,0.0810356105895805,0.0810356105895805,0.1890830913756879,0.3241424423583222
pitch_types,hbreak,mean,2021.0,14,CU,127,5.977411237239552,56.06875274013499,8.151764194290651,,55.91068334098333,0.1457997596733948,0.1457997596733948,0.3401994392379213,0.5831990386935794
pitch_types,hbreak,mean,2024.0,14,SL,259,2.002897078473609,19.03222487832948,9.47553939621914,,18.885727060539185,0.5017301884033801,0.5017301884033801,1.1707037729412204,2.0069207536135205
pitch_types,hbreak,mean,2017.0,1,HC,37,0.917403477753095,8.05584707310542,8.149387638490852,,7.999016852747513,1.0187986584490931,1.0187986584490931,2.3771968697145502,4.075194633796373
pitch_types,hbreak,mean,2024.0,16,FA,12,-10.023609159771787,3.9678959824736713,5.154541320317192,,3.805803940626215,1.354389611428342,1.354389611428342,3.160242426666131,5.417558445713368
pitch_types,hbreak,mean,2025.0,16,CU,11,1.5183534855161762,121.92620102856452,6.99237282711646,,121.69933316271091,0.0574561309860894,0.0574561309860894,0.1340643056342087,0.2298245239443579
pitch_types,hbreak,mean,2022.0,14,FA,346,-5.634267094306376,84.07773498825193,7.511679380806605,,83.98918218502273,0.0894362724506456,0.0894362724506456,0.2086846357181731,0.3577450898025825
pitch_types,hbreak,mean,2022.0,14,SW,61,6.848613071815592,122.83297347252258,15.473317033013554,,122.61794671474512,0.1261912913042838,0.1261912913042838,0.2944463463766623,0.5047651652171353
pitch_types,hbreak,mean,2024.0,11,FA,952,-4.141812537957973,54.86717606971301,5.184223223159361,,54.81099704434768,0.0945836328969676,0.0945836328969676,0.2206951434262578,0.3783345315878706
pitch_types,hbreak,mean,2020.0,1,CU,300,4.5393340705612335,73.89624241810856,5.994724630344766,,73.78417114707163,0.081246757090971,0.081246757090971,0.1895757665455991,0.3249870283638844
pitch_types,hbreak,mean,2017.0,1,FA,636,-3.3702255122229388,66.10085309834845,8.105323670397834,,66.0386831504723,0.1227359978079736,0.1227359978079736,0.2863839948852718,0.4909439912318946
pitch_types,hbreak,mean,2021.0,1,SW,114,7.201810554798952,169.3437623463939,10.212635804711429,,169.22882954368296,0.0603480850883935,0.0603480850883935,0.1408121985395849,0.2413923403535742
pitch_types,hbreak,mean,2021.0,14,FA,352,-6.043490816616691,67.33582563739026,6.705490884494626,,67.25830156700908,0.0996975946205537,0.0996975946205537,0.2326277207812921,0.398790378482215
pitch_types,hbreak,mean,2022.0,1,FS,63,-9.836916269250828,25.25173949205287,9.267128584340552,,25.11920922679285,0.3689259681971188,0.3689259681971188,0.8608272591266105,1.4757038727884753
pitch_types,hbreak,mean,2018.0,1,FA,683,-3.1091467964847186,61.59560924216007,5.401091063283433,,61.54998352979883,0.0877512998954507,0.0877512998954507,0.2047530330893851,0.3510051995818031
pitch_types,hbreak,mean,2022.0,1,SW,228,7.344455761647093,150.98102369680444,10.862254247746474,,150.8463402416322,0.0720087357130895,0.0720087357130895,0.1680203833305422,0.2880349428523581
pitch_types,hbreak,mean,2019.0,1,CU,374,4.182955293534203,74.11225909944105,6.253723097992467,,74.03980411482574,0.0844643387804455,0.0844643387804455,0.1970834571543729,0.3378573551217822
pitch_types,hbreak,mean,2018.0,1,CH,419,-5.379584963955886,166.14949241771828,6.085297281443907,,166.06351490467372,0.0366443964824969,0.0366443964824969,0.0855035917924929,0.1465775859299878
pitch_types,hbreak,mean,2024.0,1,CU,299,4.641190827605841,71.46414028283753,5.983276707933294,,71.38661025009014,0.0838151116430933,0.0838151116430933,0.1955685938338843,0.3352604465723732
pitch_types,hbreak,mean,2017.0,1,SI,388,-6.644881747817196,174.94587430861463,6.998110592873404,,174.8914488364834,0.0400140237812104,0.0400140237812104,0.0933660554894911,0.1600560951248419
pitch_types,hbreak,mean,2024.0,1,FA,671,-3.9934662367206175,61.74396344051803,4.816745315259122,,61.698777364946864,0.0780687320069275,0.0780687320069275,0.1821603746828308,0.31227492802771
pitch_types,hbreak,mean,2015.0,1,SI,409,-5.494237857870364,183.55881817826744,6.158239116733929,,183.50129834329303,0.0335596487454444,0.0335596487454444,0.0783058470727038,0.1342385949817779
pitch_types,hbreak,mean,2020.0,1,CH,325,-5.870522452847504,170.50665903546874,5.023155820347048,,170.40840580452402,0.0294771598656296,0.0294771598656296,0.0687800396864692,0.1179086394625186
pitch_types,hbreak,mean,2024.0,1,SL,593,1.829819292085112,18.31847291585012,5.458521340215248,,18.260579223445323,0.2989237785626692,0.2989237785626692,0.6974888166462282,1.1956951142506769
pitch_types,hbreak,mean,2022.0,1,CU,321,4.258317269232856,75.1187315536073,6.210831216063273,,75.03890652169818,0.0827681466049529,0.0827681466049529,0.1931256754115568,0.3310725864198117
pitch_types,hbreak,mean,2015.0,1,HC,58,1.3171287608077424,7.860216738001897,7.769277962504347,,7.791341590919295,0.997168186228587,0.997168186228587,2.3267257678667037,3.988672744914348
pitch_types,hbreak,mean,2023.0,14,SI,93,-9.865511372003365,132.86262114295326,4.8048103614673,,132.7800818400152,0.0361862283475359,0.0361862283475359,0.0844345328109172,0.1447449133901437
pitch_types,hbreak,mean,2020.0,1,SL,481,2.030569083007528,28.30017502184092,5.779798562001813,,28.214857964399556,0.2048494651043271,0.2048494651043271,0.4779820852434299,0.8193978604173086
pitch_types,hbreak,mean,2024.0,1,FS,90,-8.134245189014653,48.54983272113278,10.03704118711926,,48.42512033569891,0.2072693081099062,0.2072693081099062,0.4836283855897811,0.829077232439625
pitch_types,hbreak,mean,2025.0,1,HC,39,-0.0556366988669626,5.638184282949899,4.75217613741407,,5.591480987078697,0.8498957876090129,0.8498957876090129,1.9830901710876967,3.399583150436052
pitch_types,hbreak,mean,2018.0,1,SL,562,2.455545051626934,27.58651013015752,6.8569450651751325,,27.51820507776261,0.2491785000438205,0.2491785000438205,0.5814165001022479,0.9967140001752822
pitch_types,hbreak,mean,2024.0,14,CU,91,5.217326251880153,61.16500374447326,8.011916514714985,,61.02967949099039,0.1312790200036649,0.1312790200036649,0.3063177133418848,0.5251160800146596
pitch_types,hbreak,mean,2025.0,11,CU,425,4.242113273333406,65.64338150731821,6.308202463745076,,65.5320043008382,0.0962613997701942,0.0962613997701942,0.2246099327971199,0.3850455990807771
pitch_types,hbreak,mean,2017.0,1,SL,558,2.712972433291317,24.411684697539783,9.447958868638844,,24.31845801501631,0.3885097839182427,0.3885097839182427,0.9065228291425664,1.554039135672971
pitch_types,hbreak,mean,2019.0,1,SW,44,8.160596594299575,177.6886674698778,9.566986028526715,,177.60822702117218,0.0538656693385394,0.0538656693385394,0.1256865617899254,0.2154626773541579
pitch_types,hbreak,mean,2024.0,11,CH,559,-6.376147201420402,155.448019960955,6.009420373382009,,155.3518982562411,0.0386826324031775,0.0386826324031775,0.0902594756074142,0.15473052961271
pitch_types,hbreak,mean,2022.0,1,HC,29,1.0043667329242412,9.321954063851573,5.285053365620708,,9.276551712992054,0.5697217596727081,0.5697217596727081,1.3293507725696525,2.2788870386908324
pitch_types,hbreak,mean,2025.0,14,CU,97,5.129830348739382,53.77577117198456,8.572593696274069,,53.61813372379581,0.1598823588384155,0.1598823588384155,0.3730588372896362,0.639529435353662
pitch_types,hbreak,mean,2022.0,11,FS,21,-6.503692434501204,24.87871743233141,8.328358611405925,,24.69606820410505,0.3372341922031768,0.3372341922031768,0.7868797818074125,1.3489367688127072
pitch_types,hbreak,mean,2022.0,11,CU,154,2.4292586408086887,58.79959857400882,6.583408051884018,,58.689036673192895,0.1121744098227989,0.1121744098227989,0.2617402895865309,0.4486976392911959
pitch_types,hbreak,mean,2019.0,1,FS,55,-8.854330285033015,23.18894379006731,8.857706745007068,,23.071473311451765,0.3839246252475108,0.3839246252475108,0.8958241255775253,1.5356985009900437
pitch_types,hbreak,mean,2022.0,16,FA,27,-8.135534299140444,48.62694415122327,5.621589561889026,,48.46219270095955,0.1159994884378749,0.1159994884378749,0.2706654730217083,0.4639979537514999
pitch_types,hbreak,mean,2025.0,1,CH,422,-6.112407556040761,184.5327629099372,6.552830192629674,,184.4454340170283,0.0355272020017839,0.0355272020017839,0.0828968046708291,0.1421088080071357
pitch_types,hbreak,mean,2015.0,1,FA,607,-2.784681899846882,68.61121645293213,7.543423912276399,,68.55987109267659,0.1100268100282669,0.1100268100282669,0.2567292233992896,0.4401072401130679
pitch_types,hbreak,mean,2021.0,1,SI,376,-5.866111674301197,212.7248678071608,4.362314620735024,,212.68032265252583,0.0205111341111801,0.0205111341111801,0.047859312926087,0.0820445364447206
pitch_types,hbreak,mean,2025.0,1,SW,323,6.9807887940507936,148.937546911526,10.849142231931353,,148.81009056962742,0.0729059581269127,0.0729059581269127,0.1701139022961297,0.291623832507651
pitch_types,hbreak,mean,2021.0,1,SL,616,2.106822079013737,26.96091186389862,6.170480787402861,,26.899913740944765,0.2293866384415455,0.2293866384415455,0.5352354896969397,0.9175465537661824
pitch_types,hbreak,mean,2023.0,1,CU,299,4.485933303116334,73.0018385429204,5.769426510021352,,72.927613346022,0.0791116868537431,0.0791116868537431,0.1845939359920673,0.3164467474149726
pitch_types,hbreak,mean,2022.0,14,CH,216,-7.083467465521623,157.34467988792028,7.365464495881262,,157.20160644738624,0.0468536210432837,0.0468536210432837,0.109325115767662,0.1874144841731349
pitch_types,hbreak,mean,2023.0,11,HC,34,0.2792616627597521,5.183999290914753,5.43337393844338,,5.1325395124034685,1.0586131729357182,1.0586131729357182,2.470097403516676,4.234452691742873
pitch_types,hbreak,mean,2022.0,11,SI,205,-6.415200392863643,179.88133834681545,5.233701361333775,,179.79148078912135,0.0291098406796728,0.0291098406796728,0.0679229615859031,0.1164393627186912
pitch_types,hbreak,mean,2020.0,1,FS,49,-8.832776146019077,34.750503551991095,7.858270831714157,,34.61919897740637,0.2269917000922731,0.2269917000922731,0.529647300215304,0.9079668003690928
pitch_types,hbreak,mean,2020.0,1,SW,57,7.048048989718328,189.7572531119136,8.372286445641544,,189.62548931916376,0.0441516932966217,0.0441516932966217,0.1030206176921174,0.176606773186487
pitch_types,hbreak,mean,2019.0,1,FA,703,-3.650847777215801,64.75415044512887,5.05598417264017,,64.71152090211255,0.078131128772081,0.078131128772081,0.1823059671348557,0.3125245150883242
pitch_types,hbreak,mean,2025.0,16,FA,137,-5.576222363087946,52.34783108498166,7.533310788277968,,52.12035350853813,0.1445368321809999,0.1445368321809999,0.3372526084223332,0.578147328724
pitch_types,hbreak,mean,2024.0,11,CU,394,3.970813219758788,65.78835117626386,6.3174626428297,,65.6851782762157,0.0961779020567448,0.0961779020567448,0.2244151047990714,0.3847116082269796
pitch_types,hbreak,mean,2021.0,1,FA,716,-3.653156719439854,60.53661881785038,4.941326291913593,,60.49234006867643,0.0816851569356343,0.0816851569356343,0.19059869951648,0.3267406277425372
pitch_types,hbreak,mean,2025.0,11,FS,127,-6.609068162297805,49.45147992445248,10.045431136028938,,49.27144034959957,0.2038793886428485,0.2038793886428485,0.4757185734999798,0.815517554571394
pitch_types,hbreak,mean,2018.0,1,HC,36,0.5443838929225191,9.213956607024414,5.161910016896803,,9.18050057780372,0.562268906052583,0.562268906052583,1.3119607807893603,2.249075624210332
pitch_types,hbreak,mean,2018.0,1,SI,393,-6.751033393610126,180.30944831100751,4.564478203761301,,180.26886505281877,0.0253203913078606,0.0253203913078606,0.0590809130516749,0.1012815652314427
pitch_types,hbreak,mean,2023.0,14,FA,342,-5.217536709861179,76.58976198855022,6.802305460194991,,76.49909478364934,0.0889200778052721,0.0889200778052721,0.207480181545635,0.3556803112210887
pitch_types,hbreak,mean,2021.0,14,CH,209,-8.256252947475485,128.78126589483446,6.4454985216502445,,128.6521214110463,0.0501002117256717,0.0501002117256717,0.1169004940265673,0.2004008469026869
pitch_types,hbreak,mean,2018.0,1,FS,61,-7.717925125471424,46.10353038034792,9.234178032892784,,45.97900130946253,0.2008346803955565,0.2008346803955565,0.4686142542562986,0.8033387215822263
pitch_types,hbreak,mean,2022.0,11,HC,13,1.0385331914239164,5.25696605381849,5.080958383213057,,5.192655564897753,0.9784893913550194,0.9784893913550194,2.283141913161712,3.913957565420078
pitch_types,hbreak,mean,2023.0,1,SW,290,6.534986647054373,157.76861785443683,11.105851220157875,,157.64032861471637,0.070450571359194,0.070450571359194,0.1643846665047861,0.2818022854367762
pitch_types,hbreak,mean,2023.0,11,FA,946,-3.834373168606677,54.1904048503869,5.141627433582378,,54.137928891561295,0.0949727397935946,0.0949727397935946,0.2216030595183873,0.3798909591743784
pitch_types,hbreak,mean,2022.0,11,SW,127,5.05164932379038,151.45911808358446,10.948788427000595,,151.27907887139972,0.0723747692587949,0.0723747692587949,0.1688744616038549,0.2894990770351798
pitch_types,hbreak,mean,2018.0,1,CU,364,4.94490362386474,73.17714401315354,7.268552666071836,,73.09021817652413,0.0994463123439741,0.0994463123439741,0.232041395469273,0.3977852493758966
pitch_types,hbreak,mean,2025.0,1,FA,699,-4.171328550859778,60.17141282915088,4.909778677859411,,60.12403804136534,0.0816608271467309,0.0816608271467309,0.1905419300090388,0.3266433085869238
pitch_types,hbreak,mean,2025.0,1,FS,101,-7.880833054120965,67.53863382798589,9.691061038619448,,67.43023778293177,0.1437198111300816,0.1437198111300816,0.3353462259701904,0.5748792445203265
pitch_types,hbreak,mean,2022.0,1,SL,575,2.1858894614379576,22.894348586284845,6.630477320086641,,22.827680442251225,0.2904577772086928,0.2904577772086928,0.6777348134869499,1.1618311088347713
pitch_types,hbreak,mean,2025.0,16,SI,19,-9.956783850217278,119.93332585570184,5.38783712857588,,119.73027593213764,0.0449997887888412,0.0449997887888412,0.1049995071739629,0.1799991551553651
pitch_types,hbreak,mean,2016.0,1,CU,369,5.529914538802893,74.87351897414784,10.185218970375564,,74.7465915542076,0.1362633232980136,0.1362633232980136,0.3179477543620317,0.5450532931920544
pitch_types,hbreak,mean,2017.0,1,CU,361,5.572853238569862,70.19968273077191,9.629334968208576,,70.0902211860856,0.1373848563359963,0.1373848563359963,0.3205646647839915,0.5495394253439854
pitch_types,hbreak,mean,2025.0,1,CU,304,4.765803619830497,72.80410266491528,6.105013020687525,,72.73630655292779,0.0839335032257255,0.0839335032257255,0.1958448408600262,0.3357340129029021
pitch_types,hbreak,mean,2023.0,11,CH,617,-5.964293562026634,161.61238950977892,5.946449181912477,,161.51619101013006,0.036816427781779,0.036816427781779,0.0859049981574843,0.147265711127116
pitch_types,hbreak,mean,2024.0,1,CH,411,-5.729444524114083,191.1076336598394,5.518947595823884,,191.0339957392743,0.0288898715355156,0.0288898715355156,0.0674097002495365,0.1155594861420627
pitch_types,hbreak,mean,2022.0,11,CH,252,-5.467003498591386,142.97236870490104,6.160099272990565,,142.8634674322449,0.0431187859549333,0.0431187859549333,0.1006105005615112,0.1724751438197335
pitch_types,hbreak,mean,2021.0,1,HC,27,1.345514463409717,9.929310200684997,4.847449231251495,,9.891688933385304,0.490052736584845,0.490052736584845,1.1434563853646382,1.96021094633938
pitch_types,hbreak,mean,2024.0,1,SI,428,-6.594474380311103,205.01379645242912,4.456035618939847,,204.9691331177396,0.0217400325168969,0.0217400325168969,0.0507267425394263,0.0869601300675879
pitch_types,hbreak,mean,2019.0,1,SL,586,2.1609856975669897,26.1063105007718,6.7008740583540245,,26.044703574446675,0.2572835601372893,0.2572835601372893,0.6003283069870085,1.0291342405491573
pitch_types,hbreak,mean,2018.0,1,SW,32,7.143898057879694,202.49692326646164,10.342169257819462,,202.4166504515912,0.0510934709903859,0.0510934709903859,0.1192180989775671,0.2043738839615436
pitch_types,hbreak,mean,2016.0,1,FA,619,-2.966505178945721,72.68914795926605,7.474516401413711,,72.63446930708041,0.1029059133042374,0.1029059133042374,0.2401137977098873,0.4116236532169497
pitch_types,hbreak,mean,2021.0,14,XX,11,-1.3194041817996185,28.647390948249733,69.69472990528388,,26.47773130807125,2.632201720546908,2.632201720546908,6.141804014609452,10.528806882187634
pitch_types,hbreak,mean,2023.0,16,FA,24,-6.789928137122742,98.8068216482634,5.0893918876573,,98.62786545837464,0.0516019672939718,0.0516019672939718,0.1204045903526008,0.2064078691758872
pitch_types,hbreak,mean,2024.0,14,CH,206,-7.794433926533512,142.61596637813054,13.085965619954395,,142.3663528126018,0.0919175448512021,0.0919175448512021,0.2144742713194716,0.3676701794048086
pitch_types,hbreak,mean,2016.0,1,XX,251,-2.783383737573076,48.19352676879317,64.25220333781779,,46.3780181818068,1.3854020904028772,1.3854020904028772,3.2326048776067133,5.541608361611509
pitch_types,hbreak,mean,2023.0,11,SI,502,-7.53763558744713,168.6757959602028,4.766307603614616,,168.61700610994637,0.0282670634094093,0.0282670634094093,0.0659564812886217,0.1130682536376373
pitch_types,hbreak,mean,2015.0,1,XX,81,-3.599455062727115,57.84687360599713,56.02793805648134,,56.09669670655797,0.9987742834406756,0.9987742834406756,2.330473328028243,3.995097133762702
pitch_types,hbreak,mean,2025.0,14,SL,307,1.7617617558450005,19.697625167273628,9.04529228300764,,19.56333982094413,0.4623593090850432,0.4623593090850432,1.078838387865101,1.8494372363401728
pitch_types,hbreak,mean,2025.0,11,SL,892,1.7599646649905496,14.875806241422811,6.815419333352154,,14.790880451746723,0.460785235577189,0.460785235577189,1.0751655496801076,1.843140942308756
pitch_types,hbreak,mean,2023.0,1,CH,435,-5.874596275281711,192.40985310748397,5.386695880805114,,192.33517502817284,0.0280068161219916,0.0280068161219916,0.0653492376179804,0.1120272644879665
pitch_types,hbreak,mean,2024.0,1,HC,38,0.4926898126614941,9.019229564932951,5.227025309572327,,8.977790612978673,0.5822173332953342,0.5822173332953342,1.3585071110224465,2.328869333181337
pitch_types,hbreak,mean,2017.0,1,CH,419,-4.855762974806079,162.78343418019665,8.824728057675525,,162.66045169486966,0.0542524502159233,0.0542524502159233,0.1265890505038212,0.2170098008636935
pitch_types,hbreak,mean,2022.0,14,CU,91,5.437818277580679,74.86236765201986,8.671744953283751,,74.70620269890556,0.116077977999152,0.116077977999152,0.2708486153313547,0.4643119119966081
pitch_types,hbreak,mean,2024.0,14,FA,345,-6.036551721666718,75.37145951539087,6.566715333223465,,75.29238148717762,0.087216199083061,0.087216199083061,0.2035044645271424,0.3488647963322443
pitch_types,hbreak,mean,2016.0,1,CH,412,-4.738300851989785,164.8584838056233,8.251343585221058,,164.736556195192,0.0500881150838448,0.0500881150838448,0.1168722685289714,0.2003524603353795
pitch_types,hbreak,mean,2021.0,14,SL,242,3.001819622551656,27.271806293336788,7.430682302633247,,27.156812213734245,0.2736213015044256,0.2736213015044256,0.6384497035103265,1.0944852060177026
pitch_types,hbreak,mean,2024.0,14,FS,11,-6.148981749678041,15.681620485170535,14.310913995501696,,15.406991567616384,0.9288584298041344,0.9288584298041344,2.167336336209647,3.7154337192165374
pitch_types,hbreak,mean,2023.0,1,HC,34,0.3778033978958483,8.157182036146354,5.392842674524957,,8.108025432679689,0.6651240452193095,0.6651240452193095,1.551956105511722,2.6604961808772383
pitch_types,hbreak,mean,2024.0,11,FS,102,-6.802689988895847,46.0799237097283,10.35261119028294,,45.91990415415943,0.2254493205283661,0.2254493205283661,0.5260484145661876,0.9017972821134644
pitch_types,hbreak,mean,2025.0,11,FA,1015,-4.420745430528053,57.43011349864002,5.160265002204481,,57.37311873430745,0.0899422084077642,0.0899422084077642,0.2098651529514497,0.3597688336310568
pitch_types,hbreak,mean,2025.0,14,CH,180,-7.822808920944911,131.96686643649534,6.842410215919556,,131.83320523687215,0.0519020242557663,0.0519020242557663,0.1211047232634547,0.2076080970230652
pitch_types,hbreak,mean,2019.0,1,CH,434,-5.699128139296188,166.37010798407306,5.562710986618551,,166.295992866951,0.0334506616227916,0.0334506616227916,0.0780515437865138,0.1338026464911665
pitch_types,hbreak,mean,2023.0,14,CH,187,-7.592496135649851,148.27239814035164,6.207727654716838,,148.1633488116149,0.0418978627609839,0.0418978627609839,0.0977616797756292,0.1675914510439359
pitch_types,hbreak,mean,2022.0,11,XX,10,-0.0003594635260769,9.89871226301029,45.11708092696368,,8.661003167153327,5.209221155589605,5.209221155589605,12.15484936304241,20.83688462235842
pitch_types,hbreak,mean,2022.0,1,SI,387,-7.072792690580653,203.51054216623416,4.678982268315877,,203.4679349090241,0.0229961653191593,0.0229961653191593,0.0536577190780385,0.0919846612766374
pitch_types,hbreak,mean,2015.0,1,FS,68,-7.011402240364037,60.50491262808549,11.155985488169764,,60.3638058361211,0.1848124937393217,0.1848124937393217,0.4312291520584174,0.739249974957287
pitch_types,hbreak,mean,2015.0,1,CU,353,4.824319345888329,82.33922476153066,10.438304437675278,,82.20568723775385,0.1269778866696387,0.1269778866696387,0.2962817355624905,0.5079115466785551
pitch_types,hbreak,mean,2015.0,1,SW,12,8.225793552749199,168.68349928074772,12.140638000245804,,168.5472983612879,0.0720310448063181,0.0720310448063181,0.168072437881409,0.2881241792252726
pitch_types,hbreak,mean,2021.0,1,FS,55,-8.780030267486026,32.202530186880935,10.311368783245946,,32.086936211346696,0.32135722511268,0.32135722511268,0.74983352526292,1.2854289004507202
pitch_types,hbreak,mean,2025.0,14,FA,378,-6.022509877109419,71.11998976667562,6.986314673165337,,71.03062946495992,0.0983563671868028,0.0983563671868028,0.22949819010254,0.3934254687472115
pitch_types,hbreak,mean,2023.0,1,SI,407,-7.231495158933253,199.72261675315207,4.47641533878922,,199.6802104430678,0.0224179217803134,0.0224179217803134,0.0523084841540646,0.0896716871212537
pitch_types,hbreak,mean,2022.0,1,FA,688,-3.9486944251445935,62.09849431509446,5.230764687660454,,62.04979351944024,0.0842994696835155,0.0842994696835155,0.1966987625948696,0.3371978787340623
pitch_types,hbreak,mean,2025.0,11,SI,565,-7.865067625633442,167.98216887621405,4.988629869947627,,167.91260464136627,0.0297096807032594,0.0297096807032594,0.0693225883076053,0.1188387228130376
pitch_types,hbreak,mean,2021.0,1,CU,378,4.27275832939801,72.2965390895652,6.122335865052862,,72.21394791846461,0.0847805173588553,0.0847805173588553,0.1978212071706623,0.3391220694354213
pitch_types,hbreak,mean,2023.0,11,FS,88,-6.822780927795346,44.24011412271967,9.868486627660523,,44.0650702225438,0.2239525905171888,0.2239525905171888,0.5225560445401074,0.8958103620687556
pitch_types,hbreak,mean,2023.0,1,SL,583,1.8683732041902523,20.18695269600278,6.078763061907444,,20.12727388263704,0.3020162142848038,0.3020162142848038,0.7047044999978755,1.2080648571392152
pitch_types,hbreak,mean,2017.0,1,SW,23,9.317694146628108,166.9324683449394,12.918866873351142,,166.8379571565163,0.0774336193845356,0.0774336193845356,0.180678445230583,0.3097344775381424
pitch_types,hbreak,mean,2023.0,14,SW,84,7.242287158094644,98.90366843409517,13.8495279347614,,98.6812822132802,0.1403460476408116,0.1403460476408116,0.3274741111618938,0.5613841905632465
pitch_types,hbreak,mean,2024.0,14,SW,82,7.112378048586819,114.42626904540278,13.313275888140778,,114.22260054235409,0.1165555312602445,0.1165555312602445,0.2719629062739039,0.4662221250409782
pitch_types,hbreak,mean,2023.0,1,FA,681,-3.7261603691044254,60.04963025276333,4.928961556812226,,60.00382251743181,0.0821441259909784,0.0821441259909784,0.1916696273122829,0.3285765039639137
pitch_types,hbreak,mean,2022.0,11,SL,334,1.889564504995996,23.5382861033736,6.6492663128125225,,23.42792542423485,0.2838179733120644,0.2838179733120644,0.6622419377281503,1.1352718932482575
pitch_types,hbreak,mean,2015.0,1,SL,516,2.8715472140430904,29.488876650387557,8.963304691956075,,29.403005003317823,0.3048431509277592,0.3048431509277592,0.7113006854981048,1.219372603711037
pitch_types,hbreak,mean,2025.0,16,SL,50,3.4250982535778176,25.851162881863228,9.228766657296324,,25.54753588791105,0.3612390133352675,0.3612390133352675,0.842891031115624,1.44495605334107
pitch_types,hbreak,mean,2022.0,11,FA,425,-2.9185145432512147,58.25265604290441,5.426064678473505,,58.17601515780514,0.0932697893411065,0.0932697893411065,0.2176295084625819,0.3730791573644261
pitch_types,hbreak,mean,2025.0,11,SW,435,7.305596924879976,126.46515936545369,11.297423904100684,,126.30383232716406,0.0894464063041019,0.0894464063041019,0.2087082813762379,0.3577856252164079
pitch_types,hbreak,mean,2016.0,1,SI,405,-5.759180842918695,183.20742485252316,6.275331673345584,,183.14565015301025,0.0342641589800403,0.0342641589800403,0.0799497042867607,0.1370566359201612
pitch_types,hbreak,mean,2025.0,11,HC,39,-0.2069066266368248,7.428622573118588,5.925288084513388,,7.378584584887873,0.803038579600891,0.803038579600891,1.8737566857354124,3.212154318403564
pitch_types,hbreak,mean,2023.0,11,SL,826,1.9110688885504807,18.53095952014467,6.963995458118175,,18.43954421682765,0.3776663553192892,0.3776663553192892,0.8812214957450082,1.510665421277157
pitch_types,hbreak,mean,2025.0,14,SI,105,-11.033162233094036,107.18519125506896,5.335414846600313,,107.09588794060164,0.0498190448690194,0.0498190448690194,0.116244438027712,0.1992761794760778
pitch_types,hbreak,mean,2021.0,16,FA,25,-7.110638285772153,50.66743350902298,7.101465706153479,,50.42332227558524,0.1408369259633647,0.1408369259633647,0.3286194939145178,0.563347703853459
pitch_types,hbreak,mean,2024.0,11,SI,521,-7.654170468532763,166.24808327027912,4.804755226793652,,166.18297936102272,0.0289124388386105,0.0289124388386105,0.0674623572900913,0.1156497553544422
pitch_types,hbreak,mean,2019.0,1,SI,377,-6.59910969489338,190.7407092670645,4.267142818515491,,190.70097494668408,0.0223760933561482,0.0223760933561482,0.0522108844976792,0.089504373424593
pitch_types,hbreak,mean,2021.0,14,SI,76,-9.906687263866049,122.057147451172,4.489580317859582,,121.99066387371596,0.0368026550171673,0.0368026550171673,0.0858728617067237,0.1472106200686692
pitch_types,hbreak,mean,2025.0,16,CH,15,-7.670596080546017,123.380181826648,7.369623485618193,,123.10118500273585,0.0598663894702102,0.0598663894702102,0.1396882420971573,0.2394655578808411
pitch_types,hbreak,mean,2016.0,1,HC,49,1.2283657099334688,8.687116025820922,7.582268166849814,,8.625640282598798,0.8790382995852651,0.8790382995852651,2.051089365698952,3.516153198341061
pitch_types,hbreak,mean,2025.0,14,SW,78,9.2909865523729,70.54359672153282,14.364233810036858,,70.30312565088568,0.2043185658823677,0.2043185658823677,0.4767433203921912,0.8172742635294707
pitch_types,hbreak,mean,2015.0,1,CH,385,-4.262524825697714,167.13423463591042,8.215692493801548,,167.02804947326783,0.0491875018579824,0.0491875018579824,0.1147708376686257,0.1967500074319298
pitch_types,hbreak,mean,2022.0,14,SL,241,2.324110178319515,32.552164055816554,10.242739951766293,,32.390534106138624,0.3162263369354288,0.3162263369354288,0.7378614528493338,1.2649053477417151
pitch_types,hbreak,mean,2020.0,1,SI,289,-6.683384458559453,199.2881421768748,3.977397535307323,,199.2325006144849,0.0199635979222265,0.0199635979222265,0.0465817284851952,0.079854391688906
pitch_types,hbreak,mean,2023.0,11,CU,393,3.7520564212037386,63.418920500569726,6.597879711958165,,63.311752956632496,0.1042125577612359,0.1042125577612359,0.2431626347762172,0.4168502310449438
pitch_types,hbreak,mean,2024.0,11,SW,406,6.435048729785949,126.0261380325641,11.0580682908134,,125.87879136980072,0.0878469531720203,0.0878469531720203,0.2049762240680473,0.3513878126880812
pitch_types,hbreak,mean,2025.0,1,SI,454,-6.932332146597675,208.339151068901,4.450467893401787,,208.2913274697308,0.0213665539869802,0.0213665539869802,0.0498552926362872,0.085466215947921
pitch_types,hbreak,mean,2016.0,1,SW,16,8.47861249311965,165.9141585948494,12.84918171613769,,165.82961426775228,0.077484240513224,0.077484240513224,0.1807965611975228,0.3099369620528962
pitch_types,hbreak,mean,2024.0,14,SI,109,-10.395442140058684,122.61447232619015,5.405444638025439,,122.52891295446815,0.0441156663165216,0.0441156663165216,0.1029365547385504,0.1764626652660864
pitch_types,hbreak,mean,2023.0,1,FS,82,-8.463936506678039,47.26198391168334,8.97383667505253,,47.13902908310607,0.190369569539323,0.190369569539323,0.4441956622584203,0.7614782781572921
pitch_types,hbreak,mean,2021.0,14,SW,27,8.146666322537833,87.70496536573481,11.248523000244557,,87.53407222126695,0.128504509327645,0.128504509327645,0.2998438550978385,0.5140180373105803
pitch_types,hbreak,mean,2023.0,14,CU,100,5.162982496135962,71.38298503430701,7.820058466145255,,71.24382795080844,0.1097647149384611,0.1097647149384611,0.2561176681897425,0.4390588597538444
pitch_types,hbreak,mean,2024.0,11,HC,41,0.1535488595850096,7.621476270188028,5.731918905175542,,7.54734765142092,0.7594613591301055,0.7594613591301055,1.772076504636913,3.0378454365204224
pitch_types,hbreak,mean,2023.0,14,FS,11,-4.197911190077262,36.4350466729651,16.11321967697693,,36.1537584589333,0.4456858806334001,0.4456858806334001,1.0399337214779336,1.7827435225336008
pitch_types,hbreak,mean,2016.0,1,FS,63,-6.627324612295499,69.73124453918905,10.540615792890284,,69.59360746397341,0.1514595402795703,0.1514595402795703,0.353405593985664,0.6058381611182811
pitch_types,hbreak,mean,2024.0,11,SL,836,1.825459440535248,15.183916808294098,6.715350285115447,,15.09895082111416,0.4447560870073698,0.4447560870073698,1.037764203017196,1.7790243480294792
pitch_types,hbreak,mean,2021.0,1,CH,452,-5.6014095736266825,185.0781756844761,5.622918336651888,,184.9990897882412,0.0303943027129925,0.0303943027129925,0.0709200396636492,0.1215772108519701
pitch_types,hbreak,mean,2017.0,1,FS,53,-7.606398174915848,51.83753157422431,11.494124476830166,,51.71256545913261,0.2222694692243365,0.2222694692243365,0.5186287615234519,0.8890778768973462
pitch_types,hbreak,mean,2019.0,1,HC,31,1.3519447995923812,10.306231121316427,5.257435850823423,,10.26856987163128,0.5119929957674056,0.5119929957674056,1.1946503234572798,2.0479719830696226
pitch_types,hbreak,mean,2020.0,1,HC,20,1.051712150837706,9.930510179947536,4.133164016237088,,9.890593168651382,0.4178883860411235,0.4178883860411235,0.9750729007626217,1.6715535441644944
pitch_types,hbreak,mean,2025.0,11,CH,612,-6.966235489292683,149.29278320882526,6.260368439676349,,149.18398825740044,0.0419640774643641,0.0419640774643641,0.0979161807501831,0.1678563098574567
pitch_types,hbreak,mean,2023.0,14,SL,237,2.362939234954691,26.130643597995014,10.538153269163494,,25.95083918328639,0.4060814062595163,0.4060814062595163,0.9475232812722044,1.624325625038065
pitch_types,hbreak,mean,2024.0,1,SW,309,6.424483470916907,153.19787396177156,11.293822117570905,,153.07218241161704,0.0737810223885185,0.0737810223885185,0.1721557189065431,0.295124089554074
pitch_types,hbreak,mean,2022.0,14,SI,90,-6.672863003280713,198.09029289395716,6.070103195518317,,197.9890121619956,0.0306587882288726,0.0306587882288726,0.0715371725340362,0.1226351529154906
pitch_types,hbreak,mean,2020.0,1,FA,570,-3.6701432013272624,59.43018037973355,4.40114540549859,,59.37485882396788,0.0741247304443607,0.0741247304443607,0.1729577043701749,0.2964989217774428
pitch_types,hbreak,mean,2022.0,1,CH,446,-5.848089235391973,190.25377988861587,5.708184545571693,,190.1788640197689,0.0300148209160526,0.0300148209160526,0.0700345821374562,0.1200592836642106
pitch_types,hbreak,mean,2025.0,14,FS,28,-6.676167613636556,52.398185349671664,11.692567916271718,,52.18592261987667,0.2240559777287185,0.2240559777287185,0.52279728136701,0.8962239109148744
pitch_types,hbreak,mean,2025.0,1,SL,613,1.6565431956706769,16.328331671904646,5.766598076372203,,16.2667806393488,0.3545014962839662,0.3545014962839662,0.8271701579959212,1.418005985135865
pitch_types,hbreak,mean,2016.0,1,SL,523,2.6982002659067783,28.167289875313443,8.628618311716515,,28.07991419860036,0.3072879158635965,0.3072879158635965,0.7170051370150585,1.229151663454386
pitch_types,loc_adj_vaa,mean,2025.0,11,HC,39,0.5058982537754244,0.4851553362417213,0.1460518350461005,,0.4839219548602807,0.3018086564976558,0.3018086564976558,0.7042201984945302,1.2072346259906233
pitch_types,loc_adj_vaa,mean,2019.0,1,FA,703,0.1139714452725909,0.9848051816652158,0.1702167895426375,,0.9833699983845454,0.173095365754767,0.173095365754767,0.403889186761123,0.6923814630190682
pitch_types,loc_adj_vaa,mean,2025.0,1,SI,454,0.428475706385839,0.2623528887023088,0.1651633388940195,,0.2605780853544209,0.6338343405562111,0.6338343405562111,1.4789467946311594,2.535337362224845
pitch_types,loc_adj_vaa,mean,2017.0,1,SI,388,0.5471846031173625,0.3565847183044793,0.2079033318906001,,0.3549678194507621,0.5856962814609129,0.5856962814609129,1.36662465674213,2.342785125843652
pitch_types,loc_adj_vaa,mean,2015.0,1,XX,81,2.6775326997673807,1.635823041504788,2.629547017708261,,1.5536823701536002,1.6924611286207094,1.6924611286207094,3.9490759667816553,6.769844514482838
pitch_types,loc_adj_vaa,mean,2024.0,1,CU,299,5.337640647002636,1.1342105596445575,0.2650523726790845,,1.1307760671186924,0.2343986403554322,0.2343986403554322,0.5469301608293419,0.937594561421729
pitch_types,loc_adj_vaa,mean,2021.0,14,FA,352,0.1963757973604862,0.692419270400314,0.1926829326587853,,0.690191608698882,0.2791731024114049,0.2791731024114049,0.6514039056266117,1.11669240964562
pitch_types,loc_adj_vaa,mean,2023.0,14,SL,237,2.970511852342289,0.6793848604845948,0.4397967027702953,,0.6718809471600665,0.6545753449762874,0.6545753449762874,1.5273424716113373,2.6183013799051498
pitch_types,loc_adj_vaa,mean,2021.0,14,CU,127,5.483370379289004,0.6890738148286145,0.4037233911150788,,0.6812452868761344,0.5926255915345287,0.5926255915345287,1.3827930469139005,2.3705023661381146
pitch_types,loc_adj_vaa,mean,2023.0,16,FA,24,0.30422179043405,0.2428559134593376,0.1928790906215694,,0.2360737854706175,0.817028837984113,0.817028837984113,1.90640062196293,3.268115351936452
pitch_types,loc_adj_vaa,mean,2016.0,1,FA,619,0.1992141700685696,0.3162537780465356,0.2308696422323003,,0.3145648873959705,0.7339332884336971,0.7339332884336971,1.712511006345293,2.9357331537347884
pitch_types,loc_adj_vaa,mean,2025.0,14,CU,97,5.04631285682236,0.9238294813833796,0.3539953109534537,,0.9173200258479168,0.3859016493466838,0.3859016493466838,0.900437181808929,1.5436065973867354
pitch_types,loc_adj_vaa,mean,2017.0,1,CU,361,5.391724194949104,1.250877486867587,0.3975857800791509,,1.246357927232736,0.3189980754259756,0.3189980754259756,0.7443288426606097,1.2759923017039023
pitch_types,loc_adj_vaa,mean,2022.0,11,SI,205,0.6752552431931055,0.3374314818629145,0.1514949094822539,,0.3348304617378967,0.4524525895760439,0.4524525895760439,1.0557227090107693,1.809810358304176
pitch_types,loc_adj_vaa,mean,2024.0,14,CU,91,5.064861288100888,0.9593283060688728,0.3375582384441169,,0.9536268217185871,0.3539730959284296,0.3539730959284296,0.8259372238330025,1.4158923837137185
pitch_types,loc_adj_vaa,mean,2021.0,14,SL,242,3.4516352185975947,0.7284146392567905,0.373398153812888,,0.7226360882066688,0.5167167263117626,0.5167167263117626,1.2056723613941127,2.0668669052470503
pitch_types,loc_adj_vaa,mean,2025.0,16,CU,11,4.740620356773095,0.8228801165330365,0.230022223203888,,0.815417034662631,0.2820915107556674,0.2820915107556674,0.6582135250965574,1.12836604302267
pitch_types,loc_adj_vaa,mean,2021.0,14,SI,76,0.7037360940049618,0.4159852308827221,0.1709387550805673,,0.4134538985177727,0.413440907664387,0.413440907664387,0.9646954512169033,1.6537636306575485
pitch_types,loc_adj_vaa,mean,2018.0,1,HC,36,1.078236577330346,0.536364829271692,0.1801998278368004,,0.5351968951763789,0.336698193619778,0.336698193619778,0.7856291184461486,1.346792774479112
pitch_types,loc_adj_vaa,mean,2022.0,14,SW,61,3.647393688419153,0.6694715577201327,0.3947313367352196,,0.6639861275857769,0.5944873248639164,0.5944873248639164,1.3871370913491383,2.3779492994556657
pitch_types,loc_adj_vaa,mean,2022.0,1,SL,575,2.445635245002816,0.8659249438156028,0.3981834645841501,,0.8619212874742589,0.4619719577305854,0.4619719577305854,1.0779345680380326,1.8478878309223417
pitch_types,loc_adj_vaa,mean,2024.0,1,SI,428,0.4614926644274053,0.2579273641753969,0.158057848342747,,0.2563431329922267,0.6165870195069353,0.6165870195069353,1.4387030455161822,2.4663480780277416
pitch_types,loc_adj_vaa,mean,2020.0,1,CU,300,5.517288079451864,1.2905064930153451,0.2577552612739849,,1.2856877629603884,0.2004804499970388,0.2004804499970388,0.4677877166597572,0.8019217999881555
pitch_types,loc_adj_vaa,mean,2020.0,1,FA,570,-0.0667332728760035,0.4277804218119303,0.1721906672604815,,0.4256160180661967,0.4045681082277794,0.4045681082277794,0.9439922525314852,1.6182724329111176
pitch_types,loc_adj_vaa,mean,2025.0,1,SW,323,3.12210282827427,0.6330857782218202,0.2821533530797689,,0.6297710245326186,0.4480253014008823,0.4480253014008823,1.0453923699353922,1.7921012056035297
pitch_types,loc_adj_vaa,mean,2022.0,1,HC,29,0.6860747655170593,0.5684679862575035,0.219814767698815,,0.5665796217478686,0.3879680088399543,0.3879680088399543,0.9052586872932268,1.5518720353598172
pitch_types,loc_adj_vaa,mean,2017.0,1,SL,558,2.5872573831450465,0.8215743612117298,0.4331640337899565,,0.8173001633219859,0.5299938177294918,0.5299938177294918,1.236652241368814,2.119975270917968
pitch_types,loc_adj_vaa,mean,2025.0,11,SW,435,3.241097631367159,0.6843084698047799,0.282825762344966,,0.6802697223010631,0.4157553292071955,0.4157553292071955,0.9700957681501228,1.6630213168287822
pitch_types,loc_adj_vaa,mean,2015.0,1,CH,385,2.6375400419238324,0.5984614117856862,0.2471230670917225,,0.5952674262401383,0.4151462959305789,0.4151462959305789,0.968674690504684,1.6605851837223158
pitch_types,loc_adj_vaa,mean,2024.0,1,FA,671,-0.1004334958499726,2.953080756778635,0.239174840043827,,2.950837048280553,0.0810532185039474,0.0810532185039474,0.1891241765092107,0.3242128740157898
pitch_types,loc_adj_vaa,mean,2021.0,1,FS,55,2.56222325695644,0.4724674119771233,0.2333610526590246,,0.4698513546544969,0.4966699581628867,0.4966699581628867,1.1588965690467357,1.986679832651547
pitch_types,loc_adj_vaa,mean,2025.0,16,FA,137,0.0288952743337728,0.2745836517621241,0.1448965569849546,,0.2702083221700891,0.5362401713658026,0.5362401713658026,1.251227066520206,2.1449606854632104
pitch_types,loc_adj_vaa,mean,2023.0,1,FA,681,0.0201171511111377,3.456730482898119,0.241332053813151,,3.454487642348307,0.0698604478576444,0.0698604478576444,0.163007711667837,0.2794417914305778
pitch_types,loc_adj_vaa,mean,2015.0,1,SI,409,0.8935331898436238,0.3736688965140426,0.1874792780879173,,0.3719177827731956,0.5040879645226501,0.5040879645226501,1.1762052505528504,2.0163518580906006
pitch_types,loc_adj_vaa,mean,2025.0,16,SL,50,3.212373476579267,0.6482908269059039,0.2694278002748859,,0.6394266356090164,0.4213584252996776,0.4213584252996776,0.983169659032581,1.6854337011987106
pitch_types,loc_adj_vaa,mean,2025.0,1,CU,304,5.199341802676647,1.0238512798623676,0.2799981197918733,,1.0207419033841567,0.2743084406190934,0.2743084406190934,0.640053028111218,1.0972337624763735
pitch_types,loc_adj_vaa,mean,2025.0,11,FS,127,2.8617668547641526,0.5766197760874753,0.2604732261370008,,0.5719514359974144,0.4554114383553683,0.4554114383553683,1.0626266894958594,1.8216457534214732
pitch_types,loc_adj_vaa,mean,2016.0,1,HC,49,1.2583040322026575,0.5671096982187788,0.2048507668828263,,0.5654488029738964,0.3622799549763714,0.3622799549763714,0.8453198949448667,1.4491198199054858
pitch_types,loc_adj_vaa,mean,2023.0,11,SL,826,2.5151221506632506,0.8707798174260347,0.3940945020760451,,0.8656065991694296,0.4552813049879567,0.4552813049879567,1.062323044971899,1.8211252199518269
pitch_types,loc_adj_vaa,mean,2023.0,11,HC,34,0.8109146145886384,0.416611712870137,0.1739240101587859,,0.414964469160802,0.4191298848080146,0.4191298848080146,0.9779697312187008,1.6765195392320589
pitch_types,loc_adj_vaa,mean,2017.0,1,SW,23,3.2095105456816384,0.810516403813292,0.3895848517419378,,0.8076662987931904,0.4823586824460212,0.4823586824460212,1.1255035923740495,1.929434729784085
pitch_types,loc_adj_vaa,mean,2022.0,14,CU,91,5.49984387842231,0.7756172811342503,0.3796545069158674,,0.7687802802086526,0.4938400693795455,0.4938400693795455,1.1522934952189394,1.9753602775181824
pitch_types,loc_adj_vaa,mean,2025.0,14,SW,78,3.379577682848623,0.5450641289405522,0.3944851420307095,,0.5384600687649073,0.7326172634036907,0.7326172634036907,1.7094402812752785,2.9304690536147637
pitch_types,loc_adj_vaa,mean,2023.0,14,SW,84,3.3824571100460847,0.5676799541539027,0.3437807328262314,,0.5621597589297511,0.6115356486574685,0.6115356486574685,1.426916513534093,2.446142594629874
pitch_types,loc_adj_vaa,mean,2018.0,1,SI,393,0.6619565678692483,0.3338738883813366,0.1706561445834916,,0.3323565665609745,0.5134730640328207,0.5134730640328207,1.1981038160765816,2.0538922561312827
pitch_types,loc_adj_vaa,mean,2023.0,11,SI,502,0.7073750275285988,0.3234830500110628,0.1576473792301259,,0.3215385540638791,0.4902907512571777,0.4902907512571777,1.1440117529334146,1.961163005028711
pitch_types,loc_adj_vaa,mean,2024.0,1,SL,593,2.246172271430702,0.882880325928386,0.4158645415920193,,0.8784696197403177,0.4733966118429366,0.4733966118429366,1.1045920943001857,1.8935864473717468
pitch_types,loc_adj_vaa,mean,2022.0,11,CH,252,2.469230457402795,0.7711352298305193,0.2357979951705139,,0.7669666765936543,0.307442294908781,0.307442294908781,0.7173653547871557,1.229769179635124
pitch_types,loc_adj_vaa,mean,2024.0,16,FA,12,0.0322685405364397,0.076405370812073,0.1492956425563953,,0.0717105523913712,2.0819201299913543,2.0819201299913543,4.857813636646493,8.327680519965417
pitch_types,loc_adj_vaa,mean,2021.0,1,SI,376,0.5730784471751698,0.3562647427741703,0.1716663191048057,,0.3545117965988101,0.4842330234191757,0.4842330234191757,1.1298770546447432,1.9369320936767032
pitch_types,loc_adj_vaa,mean,2022.0,14,SL,241,3.19087288846601,0.7834363456397566,0.3835833849728097,,0.7773834180537397,0.4934288229779208,0.4934288229779208,1.1513339202818154,1.973715291911684
pitch_types,loc_adj_vaa,mean,2024.0,14,FS,11,3.0188813942412973,0.3920529871245831,0.4754794497598113,,0.3829284541529066,1.2416926572135805,1.2416926572135805,2.8972828668316875,4.966770628854322
pitch_types,loc_adj_vaa,mean,2021.0,1,SL,616,2.6322717404056557,0.8737406713550098,0.3925836218408018,,0.869859796450804,0.4513182738673736,0.4513182738673736,1.0530759723572052,1.8052730954694949
pitch_types,loc_adj_vaa,mean,2025.0,11,SL,892,2.33598245337944,0.8094905462094826,0.4408384129018735,,0.8039973331723868,0.5483083024198943,0.5483083024198943,1.2793860389797531,2.193233209679577
pitch_types,loc_adj_vaa,mean,2020.0,1,SW,57,3.651586268482295,0.5679068605823633,0.2560575146594085,,0.5638770045194262,0.4541017147483039,0.4541017147483039,1.0595706677460424,1.816406858993216
pitch_types,loc_adj_vaa,mean,2022.0,11,XX,10,1.407465084896622,1.8726818930955584,2.8189692708320835,,1.7953483458942598,1.5701517074826834,1.5701517074826834,3.663687317459594,6.280606829930734
pitch_types,loc_adj_vaa,mean,2022.0,11,SL,334,2.7393533790527846,0.8263323954465231,0.3946124396491363,,0.8197828462500408,0.4813621576179896,0.4813621576179896,1.123178367775309,1.925448630471959
pitch_types,loc_adj_vaa,mean,2022.0,14,FA,346,0.0405337778301111,0.225517964991784,0.1674813221698923,,0.2235435808607769,0.7492110555131523,0.7492110555131523,1.7481591295306886,2.996844222052609
pitch_types,loc_adj_vaa,mean,2020.0,1,FS,49,2.736117382964259,0.8236014825976676,0.2198775342202117,,0.8199275285294257,0.2681670349751169,0.2681670349751169,0.6257230816086061,1.0726681399004676
pitch_types,loc_adj_vaa,mean,2023.0,14,CH,187,2.160684430186574,0.3975839583658599,0.2257440501767887,,0.3936183789288511,0.5735099331263528,0.5735099331263528,1.33818984396149,2.294039732505411
pitch_types,loc_adj_vaa,mean,2024.0,14,FA,345,-0.054448343297486,0.5038204141313142,0.1737494726606195,,0.5017280795311558,0.346302070282734,0.346302070282734,0.8080381639930461,1.385208281130936
pitch_types,loc_adj_vaa,mean,2015.0,1,CU,353,5.840143132892936,1.2117046525903676,0.4308096473985767,,1.2061932925915997,0.3571646850008168,0.3571646850008168,0.8333842650019058,1.428658740003267
pitch_types,loc_adj_vaa,mean,2016.0,1,SI,405,0.832622711813505,0.3018612701935126,0.195811277682597,,0.2999336935378499,0.6528485525347846,0.6528485525347846,1.5233132892478305,2.6113942101391387
pitch_types,loc_adj_vaa,mean,2025.0,14,FA,378,-0.056212137622608,1.7490263837036537,0.1835400296488534,,1.7466787665129584,0.10507944171971,0.10507944171971,0.2451853640126568,0.4203177668788402
pitch_types,loc_adj_vaa,mean,2025.0,1,HC,39,0.4032519941964669,0.2591578139223064,0.2292170274711757,,0.2569051216097422,0.8922244369241238,0.8922244369241238,2.081857019489622,3.568897747696496
pitch_types,loc_adj_vaa,mean,2016.0,1,FS,63,3.0436960833155755,0.7350434334611516,0.2945149281743069,,0.73119772139672,0.4027842532273351,0.4027842532273351,0.9398299241971152,1.6111370129093403
pitch_types,loc_adj_vaa,mean,2021.0,14,XX,11,2.23221864230122,0.7161472381847143,6.461327463900901,,0.5150003015446778,12.54625957406427,12.54625957406427,29.27460567281663,50.18503829625708
pitch_types,loc_adj_vaa,mean,2024.0,11,SI,521,0.6820532003493106,0.2785411034093514,0.1430549463867877,,0.2766027244891707,0.5171856013023056,0.5171856013023056,1.206766403038713,2.0687424052092225
pitch_types,loc_adj_vaa,mean,2016.0,1,CU,369,5.806553187243967,1.233781023638306,0.3967391519681728,,1.2288368906653115,0.3228574556818294,0.3228574556818294,0.7533340632576019,1.2914298227273178
pitch_types,loc_adj_vaa,mean,2020.0,1,HC,20,0.8405754288643852,0.3992128263549127,0.1472357238820439,,0.3977908624477683,0.3701334992363648,0.3701334992363648,0.8636448315515177,1.4805339969454592
pitch_types,loc_adj_vaa,mean,2025.0,14,SL,307,2.732254979536392,0.6734083292110936,0.4123342839458095,,0.667286862884659,0.6179265723339765,0.6179265723339765,1.4418286687792785,2.471706289335906
pitch_types,loc_adj_vaa,mean,2019.0,1,SL,586,2.680161214173223,0.8305941439314994,0.4090957912139921,,0.8268329727693856,0.4947744038844641,0.4947744038844641,1.1544736090637495,1.9790976155378568
pitch_types,loc_adj_vaa,mean,2024.0,11,HC,41,0.6658287679985352,0.5326384208842944,0.1799676373997495,,0.5303109712807808,0.3393624630565356,0.3393624630565356,0.7918457471319166,1.357449852226143
pitch_types,loc_adj_vaa,mean,2023.0,11,CU,393,5.490434330718823,0.9663131606759776,0.2957963084364201,,0.9615086226630494,0.3076377075196327,0.3076377075196327,0.7178213175458097,1.2305508300785313
pitch_types,loc_adj_vaa,mean,2015.0,1,HC,58,1.3344348787187053,0.4467465762108675,0.2199081561827296,,0.4447970763120548,0.4944010828624452,0.4944010828624452,1.1536025266790388,1.9776043314497809
pitch_types,loc_adj_vaa,mean,2023.0,14,SI,93,0.5635678261788919,0.1879646012206665,0.1788155268801932,,0.1848928235993145,0.9671307052333654,0.9671307052333654,2.256638312211186,3.868522820933462
pitch_types,loc_adj_vaa,mean,2023.0,11,SW,410,3.39072968714133,0.6059024417141877,0.2920935715786091,,0.6020030079768729,0.4852028440193947,0.4852028440193947,1.1321399693785876,1.9408113760775791
pitch_types,loc_adj_vaa,mean,2025.0,1,SL,613,2.155557667386761,0.9255032542412516,0.4402200636613513,,0.920804470120822,0.4780820227812192,0.4780820227812192,1.1155247198228448,1.912328091124877
pitch_types,loc_adj_vaa,mean,2015.0,1,FS,68,3.009617222106561,0.5698256850385087,0.3188827219133043,,0.5657922880831456,0.5636038677615257,0.5636038677615257,1.31507569144356,2.254415471046103
pitch_types,loc_adj_vaa,mean,2022.0,11,FA,425,0.0247944958243916,0.56021510345772,0.1649176779329037,,0.5578857105082702,0.2956119413466478,0.2956119413466478,0.6897611964755117,1.1824477653865917
pitch_types,loc_adj_vaa,mean,2025.0,11,SI,565,0.5813761007563928,0.2507667663755921,0.156144675796095,,0.2485893980038183,0.6281228284469985,0.6281228284469985,1.4656199330429964,2.512491313787994
pitch_types,loc_adj_vaa,mean,2020.0,1,CH,325,2.4032496214474883,0.8369099885862528,0.1693620629926931,,0.8335972564147581,0.2031701300471012,0.2031701300471012,0.4740636367765695,0.8126805201884049
pitch_types,loc_adj_vaa,mean,2022.0,11,HC,13,1.099721968508219,0.3918833419294624,0.142730864191936,,0.3900767749458418,0.365904543308821,0.365904543308821,0.8537772677205824,1.4636181732352842
pitch_types,loc_adj_vaa,mean,2024.0,14,SI,109,0.5391147197001614,0.2139326926184625,0.1634417243857401,,0.2113456767135673,0.773338385375394,0.773338385375394,1.804456232542586,3.093353541501576
pitch_types,loc_adj_vaa,mean,2015.0,1,SW,12,3.642448304635287,1.0352180108650548,0.3168662319748361,,1.0316632164514603,0.3071411550997608,0.3071411550997608,0.7166626952327753,1.2285646203990437
pitch_types,loc_adj_vaa,mean,2021.0,1,CU,378,5.612505755052617,1.1735975346556986,0.2881881578057511,,1.1697098359120932,0.2463757668422386,0.2463757668422386,0.5748767892985569,0.9855030673689548
pitch_types,loc_adj_vaa,mean,2024.0,11,SW,406,3.3677729245515704,0.6168340234767612,0.2891584604846447,,0.6129810418309882,0.4717249649694252,0.4717249649694252,1.100691584928659,1.886899859877701
pitch_types,loc_adj_vaa,mean,2018.0,1,CU,364,5.468841284199876,1.2000781964767218,0.3320590214265517,,1.1961070471194946,0.2776164744002031,0.2776164744002031,0.647771773600474,1.1104658976008126
pitch_types,loc_adj_vaa,mean,2024.0,11,FS,102,2.910582386071547,0.5936828976342443,0.2790478748908844,,0.5893696749987425,0.4734683285010885,0.4734683285010885,1.1047594331692066,1.8938733140043544
pitch_types,loc_adj_vaa,mean,2023.0,11,FA,946,0.1176186031008663,1.750061546524449,0.1985809390166873,,1.748034809792937,0.1136023939021044,0.1136023939021044,0.2650722524382436,0.4544095756084176
pitch_types,loc_adj_vaa,mean,2017.0,1,FA,636,-0.0553261226137439,0.4659499077355598,0.2363404052351533,,0.4641371151473794,0.509203848436269,0.509203848436269,1.188142313017961,2.0368153937450764
pitch_types,loc_adj_vaa,mean,2022.0,14,CH,216,2.2028156090877418,0.3621147676627144,0.2360159637372705,,0.357530180231503,0.6601287857278194,0.6601287857278194,1.5403005000315786,2.6405151429112776
pitch_types,loc_adj_vaa,mean,2025.0,1,FS,101,2.5634831581118185,0.466032386361741,0.240690908439271,,0.4633402206173163,0.5194690590827498,0.5194690590827498,1.2120944711930828,2.077876236330999
pitch_types,loc_adj_vaa,mean,2024.0,11,CH,559,2.5221538647878,3.256213469007432,0.237206369996858,,3.2524193126268783,0.0729322843078538,0.0729322843078538,0.1701753300516589,0.2917291372314153
pitch_types,loc_adj_vaa,mean,2022.0,1,FA,688,-0.0547191095015351,2.1924847049129346,0.2313469715566649,,2.1903307595034645,0.1056219342913807,0.1056219342913807,0.2464511800132217,0.4224877371655229
pitch_types,loc_adj_vaa,mean,2023.0,1,CU,299,5.477874320968204,1.903341403398519,0.2716018588094221,,1.8998471737011509,0.1429598457018551,0.1429598457018551,0.3335729733043286,0.5718393828074206
pitch_types,loc_adj_vaa,mean,2019.0,1,SW,44,3.380883450520768,0.8205737869532814,0.3068338403673802,,0.8179938885690227,0.375105296818473,0.375105296818473,0.875245692576437,1.5004211872738924
pitch_types,loc_adj_vaa,mean,2018.0,1,CH,419,2.3625268502427645,0.5089934499318798,0.1964504559300666,,0.5062178547791436,0.3880749248083622,0.3880749248083622,0.9055081578861784,1.5522996992334492
pitch_types,loc_adj_vaa,mean,2025.0,11,CH,612,2.6176922882895286,5.447143048940022,0.2655284272953974,,5.442528599706264,0.0487876953572146,0.0487876953572146,0.1138379558335009,0.1951507814288587
pitch_types,loc_adj_vaa,mean,2025.0,1,FA,699,0.1291027757947663,7.238641176036372,0.2725010313504313,,7.236011795084888,0.0376590087284724,0.0376590087284724,0.0878710203664356,0.1506360349138897
pitch_types,loc_adj_vaa,mean,2022.0,14,SI,90,0.6538868594412455,0.2464686814525785,0.173082121237331,,0.2435807760309182,0.710573814804504,0.710573814804504,1.658005567877176,2.842295259218016
pitch_types,loc_adj_vaa,mean,2025.0,11,FA,1015,0.037444599067738,2.0570189997057646,0.2134849872413386,,2.054661073023479,0.1039027750339333,0.1039027750339333,0.2424398084125111,0.4156111001357335
pitch_types,loc_adj_vaa,mean,2019.0,1,CU,374,5.401375976402395,1.0785216514094504,0.2996723543885897,,1.075049678716283,0.2787520989229339,0.2787520989229339,0.6504215641535125,1.1150083956917356
pitch_types,loc_adj_vaa,mean,2025.0,14,SI,105,0.4140242695383766,0.2184907014781279,0.1701076665752626,,0.2156434667497624,0.7888375620146167,0.7888375620146167,1.8406209780341056,3.1553502480584674
pitch_types,loc_adj_vaa,mean,2023.0,11,CH,617,2.4283156339914025,1.596888675673968,0.2089787869108479,,1.5935079277445297,0.1311438639697507,0.1311438639697507,0.3060023492627516,0.5245754558790028
pitch_types,loc_adj_vaa,mean,2018.0,1,SL,562,2.729505730811013,0.8969394378309156,0.4028341120027148,,0.892926629668495,0.4511390954397559,0.4511390954397559,1.0526578893594305,1.804556381759024
pitch_types,loc_adj_vaa,mean,2021.0,14,CH,209,2.268338776843053,0.4417012609091373,0.2563849312948299,,0.436564233960497,0.587278827147414,0.587278827147414,1.370317263343966,2.349115308589656
pitch_types,loc_adj_vaa,mean,2023.0,1,SW,290,3.23583754459276,0.7243506080511085,0.2826280217305984,,0.7210858304746083,0.3919478233882043,0.3919478233882043,0.9145449212391434,1.567791293552817
pitch_types,loc_adj_vaa,mean,2024.0,11,SL,836,2.400210159504033,0.8124333813977054,0.4318366867394831,,0.8069695665806794,0.5351337951557171,0.5351337951557171,1.2486455220300066,2.1405351806228685
pitch_types,loc_adj_vaa,mean,2024.0,1,CH,411,2.3098748153904145,1.3170920752640016,0.18851607949362,,1.3145767529410464,0.143404391620239,0.143404391620239,0.334610247113891,0.5736175664809561
pitch_types,loc_adj_vaa,mean,2022.0,11,CU,154,5.590293032362546,1.0009391304613802,0.3456333758282766,,0.9951345558830108,0.3473232577292892,0.3473232577292892,0.8104209347016748,1.3892930309171567
pitch_types,loc_adj_vaa,mean,2019.0,1,HC,31,1.1163910465783011,0.5793026624171432,0.1920997334094464,,0.5779265703012022,0.3323947077036592,0.3323947077036592,0.7755876513085382,1.329578830814637
pitch_types,loc_adj_vaa,mean,2023.0,1,CH,435,2.35470681276497,2.342479599221715,0.2071159151969099,,2.3396082623050014,0.088525894926041,0.088525894926041,0.2065604214940956,0.354103579704164
pitch_types,loc_adj_vaa,mean,2024.0,14,SL,259,2.8260073669063743,0.6874563163669601,0.4181795189663253,,0.6809909971474963,0.6140749594605163,0.6140749594605163,1.4328415720745378,2.456299837842065
pitch_types,loc_adj_vaa,mean,2015.0,1,FA,607,0.214461908224454,0.3788506183643714,0.220423354174952,,0.3773502762570656,0.5841346039582362,0.5841346039582362,1.362980742569218,2.336538415832945
pitch_types,loc_adj_vaa,mean,2020.0,1,SL,481,2.7014175197146018,0.9418657028578856,0.379356128372809,,0.9362659318195146,0.4051798911828163,0.4051798911828163,0.945419746093238,1.6207195647312655
pitch_types,loc_adj_vaa,mean,2024.0,11,FA,952,0.1884677081986301,3.1914851635031503,0.2117548526680811,,3.189190474264823,0.0663976812852155,0.0663976812852155,0.1549279229988363,0.2655907251408622
pitch_types,loc_adj_vaa,mean,2023.0,1,SI,407,0.4856151744715787,0.3096164663757056,0.179998993976175,,0.3079112865441389,0.5845806952918314,0.5845806952918314,1.3640216223476067,2.3383227811673257
pitch_types,loc_adj_vaa,mean,2020.0,1,SI,289,0.6204345440938878,0.3689395284969851,0.1460829783204343,,0.3668959095023627,0.3981591904869509,0.3981591904869509,0.9290381111362188,1.5926367619478037
pitch_types,loc_adj_vaa,mean,2016.0,1,SL,523,2.865925471910169,0.885882911707089,0.4316202567813015,,0.8815122105522897,0.4896361634184063,0.4896361634184063,1.1424843813096148,1.9585446536736253
pitch_types,loc_adj_vaa,mean,2018.0,1,SW,32,3.423685193939917,0.6897193273982253,0.2781998733378702,,0.6875600234482784,0.4046190352118367,0.4046190352118367,0.9441110821609522,1.618476140847347
pitch_types,loc_adj_vaa,mean,2021.0,14,SW,27,3.5928200676315574,0.3927015916460027,0.3304282189485272,,0.3876815621402801,0.8523186326538891,0.8523186326538891,1.988743476192408,3.4092745306155563
pitch_types,loc_adj_vaa,mean,2025.0,14,FS,28,2.8005266599606844,0.3420790072063354,0.307980169557875,,0.3364880444699031,0.9152781937410618,0.9152781937410618,2.135649118729144,3.661112774964248
pitch_types,loc_adj_vaa,mean,2022.0,1,SW,228,3.326434362702628,0.8451002888156887,0.2922016842458789,,0.8414772165192954,0.3472484798275921,0.3472484798275921,0.8102464529310481,1.3889939193103684
pitch_types,loc_adj_vaa,mean,2023.0,14,FA,342,0.0556100575433523,0.2963403643735371,0.1539256057205812,,0.2942887063709634,0.5230428568555107,0.5230428568555107,1.2204333326628585,2.0921714274220427
pitch_types,loc_adj_vaa,mean,2024.0,14,SW,82,3.4047633138181848,0.5124869993271028,0.3646251702885283,,0.506908908462728,0.7193110324186353,0.7193110324186353,1.6783924089768154,2.877244129674541
pitch_types,loc_adj_vaa,mean,2022.0,1,CU,321,5.444598371828771,1.3262990802304098,0.2771138583545741,,1.322737459922905,0.2095002725414048,0.2095002725414048,0.4888339692632779,0.8380010901656193
pitch_types,loc_adj_vaa,mean,2022.0,11,SW,127,3.4584894400239565,0.7269412194196916,0.3035012007867294,,0.7219505195398751,0.4203905843577225,0.4203905843577225,0.9809113635013524,1.68156233743089
pitch_types,loc_adj_vaa,mean,2023.0,1,SL,583,2.310222202434932,0.8714290492311043,0.3969905913554704,,0.8675315577236752,0.4576093950946729,0.4576093950946729,1.0677552552209035,1.830437580378692
pitch_types,loc_adj_vaa,mean,2019.0,1,CH,434,2.3253641558085847,0.5395625253145503,0.1832593607868067,,0.5371208581092787,0.3411883154787524,0.3411883154787524,0.7961060694504223,1.3647532619150096
pitch_types,loc_adj_vaa,mean,2025.0,16,CH,15,2.49324303443552,0.7895551674851861,0.2305495151405162,,0.7808270984591061,0.2952632094806718,0.2952632094806718,0.6889474887882343,1.1810528379226874
pitch_types,loc_adj_vaa,mean,2024.0,1,HC,38,0.4409364830868068,0.4580887586844204,0.2339761419457195,,0.4562338363279549,0.5128425892934655,0.5128425892934655,1.1966327083514194,2.051370357173862
pitch_types,loc_adj_vaa,mean,2023.0,1,HC,34,0.5683158926107567,0.4354890039882521,0.215736821916078,,0.4335225291533411,0.4976369332809686,0.4976369332809686,1.16115284432226,1.9905477331238743
pitch_types,loc_adj_vaa,mean,2023.0,14,FS,11,3.5136354284766536,0.6033715777818154,0.4297724112131706,,0.595869047783852,0.7212531223287638,0.7212531223287638,1.6829239521004489,2.8850124893150557
pitch_types,loc_adj_vaa,mean,2021.0,1,CH,452,2.282189100630927,0.9326074496694275,0.1869410119557014,,0.9299781393027448,0.2010165659333253,0.2010165659333253,0.4690386538444259,0.8040662637333016
pitch_types,loc_adj_vaa,mean,2017.0,1,HC,37,0.9975763706952412,0.5400216687222051,0.2354363192356834,,0.5383798400970428,0.4373052289499661,0.4373052289499661,1.020378867549921,1.7492209157998646
pitch_types,loc_adj_vaa,mean,2022.0,1,CH,446,2.3462896384776384,2.5098739008405064,0.2036219837873119,,2.507201506892836,0.0812148458061752,0.0812148458061752,0.1895013068810756,0.324859383224701
pitch_types,loc_adj_vaa,mean,2023.0,1,FS,82,2.510762548520807,0.5225178873397465,0.2461971067224146,,0.5191446230215504,0.4742360718088274,0.4742360718088274,1.1065508342205972,1.8969442872353093
pitch_types,loc_adj_vaa,mean,2022.0,16,FA,27,0.2791082768054316,0.2613409381689707,0.1394539518171981,,0.2572539729869786,0.5420866787711646,0.5420866787711646,1.2648689171327174,2.1683467150846583
pitch_types,loc_adj_vaa,mean,2016.0,1,XX,251,2.1207596536462856,0.9403733312085588,3.456924645443919,,0.8426945583053074,4.102227327058968,4.102227327058968,9.571863763137593,16.408909308235874
pitch_types,loc_adj_vaa,mean,2019.0,1,SI,377,0.6134508087910967,0.3207459179961044,0.1492906167148887,,0.3193557697290735,0.4674743056671245,0.4674743056671245,1.0907733798899573,1.8698972226684984
pitch_types,loc_adj_vaa,mean,2021.0,16,FA,25,0.6236222334377064,1.0140679104635388,0.2184413743404247,,1.0065590389811534,0.2170179451783899,0.2170179451783899,0.5063752054162431,0.8680717807135596
pitch_types,loc_adj_vaa,mean,2017.0,1,CH,419,2.2352197594033973,0.5502375699767013,0.2671645075742045,,0.5465143328505379,0.4888517857907111,0.4888517857907111,1.1406541668449923,1.9554071431628444
pitch_types,loc_adj_vaa,mean,2016.0,1,SW,16,3.641738541161772,0.9079936254728048,0.3292221619081699,,0.9058274279079414,0.3634490983216602,0.3634490983216602,0.8480478960838739,1.4537963932866411
pitch_types,loc_adj_vaa,mean,2018.0,1,FA,683,0.0648589523687823,0.576870968591579,0.1879922533876236,,0.5752829041840902,0.326782270114994,0.326782270114994,0.7624919636016526,1.3071290804599762
pitch_types,loc_adj_vaa,mean,2025.0,1,CH,422,2.4277047137581347,2.271542120323525,0.226853897177071,,2.268518861806187,0.1000008864799346,0.1000008864799346,0.2333354017865141,0.4000035459197386
pitch_types,loc_adj_vaa,mean,2019.0,1,FS,55,2.8014259459362822,0.7058376810790492,0.2450687272336397,,0.7025875914666261,0.348808789409542,0.348808789409542,0.8138871752889314,1.395235157638168
pitch_types,loc_adj_vaa,mean,2022.0,1,SI,387,0.4647947517100613,0.3095496915858032,0.175167613608826,,0.3079545986489394,0.5688098647570865,0.5688098647570865,1.3272230177665352,2.275239459028346
pitch_types,loc_adj_vaa,mean,2023.0,14,CU,100,5.508466179120994,0.8753283224273122,0.3413200067513412,,0.8692545703083406,0.3926582826366604,0.3926582826366604,0.9162026594855408,1.5706331305466417
pitch_types,loc_adj_vaa,mean,2021.0,1,HC,27,0.9026793415987836,0.603422480595994,0.2675624009257182,,0.6013459170005099,0.4449392493763142,0.4449392493763142,1.0381915818780665,1.779756997505257
pitch_types,loc_adj_vaa,mean,2022.0,1,FS,63,2.44856656624995,0.575632403028733,0.2253781294648479,,0.5724092446350687,0.3937360054492734,0.3937360054492734,0.9187173460483048,1.5749440217970938
pitch_types,loc_adj_vaa,mean,2022.0,11,FS,21,3.2354102554605624,0.6091388859900887,0.2975905226252561,,0.6026124283984882,0.493834027645492,0.493834027645492,1.1522793978394816,1.9753361105819685
pitch_types,loc_adj_vaa,mean,2021.0,1,FA,716,-0.0250970663073437,1.193305685206296,0.1864176550242506,,1.1916352145470472,0.1564385247670864,0.1564385247670864,0.3650232244565349,0.6257540990683457
pitch_types,loc_adj_vaa,mean,2016.0,1,CH,412,2.582182326954178,0.522739068723841,0.259383718007094,,0.5189062339140005,0.4998662591709821,0.4998662591709821,1.1663546047322917,1.9994650366839284
pitch_types,loc_adj_vaa,mean,2024.0,1,FS,90,2.530258742970245,0.4810625961171708,0.2374008850748268,,0.4781128392984192,0.4965373559580368,0.4965373559580368,1.158587163902086,1.9861494238321475
pitch_types,loc_adj_vaa,mean,2025.0,14,CH,180,2.478451377976417,5.231099796796162,0.2709433968326672,,5.2258071267708575,0.0518471865225705,0.0518471865225705,0.1209767685526646,0.2073887460902823
pitch_types,loc_adj_vaa,mean,2024.0,1,SW,309,3.1828451477030284,0.7338478750987713,0.2888070950175109,,0.730633674353401,0.3952830332835406,0.3952830332835406,0.9223270776615946,1.5811321331341623
pitch_types,loc_adj_vaa,mean,2017.0,1,FS,53,2.8302713751142083,0.5625138921686281,0.3257699103884798,,0.5589720651945875,0.5828017725269936,0.5828017725269936,1.359870802562985,2.3312070901079744
pitch_types,loc_adj_vaa,mean,2015.0,1,SL,516,2.9614269426381234,0.7667446914533687,0.4214441330260574,,0.7627071067572578,0.5525635323078061,0.5525635323078061,1.289314908718214,2.2102541292312243
pitch_types,loc_adj_vaa,mean,2023.0,11,FS,88,2.715821813055272,0.4762796349838818,0.2668968903004738,,0.4715455076160585,0.5660045234017719,0.5660045234017719,1.3206772212708011,2.2640180936070875
pitch_types,loc_adj_vaa,mean,2024.0,14,CH,206,2.1459157644129343,0.444647074178789,0.2854151406250015,,0.4392028071696616,0.6498481702890101,0.6498481702890101,1.5163123973410235,2.5993926811560404
pitch_types,loc_adj_vaa,mean,2024.0,11,CU,394,5.384919717586391,0.923892148963093,0.2991326562658805,,0.919006899078618,0.3254955502138082,0.3254955502138082,0.7594896171655526,1.301982200855233
pitch_types,loc_adj_vaa,mean,2018.0,1,FS,61,2.806011203656148,0.6279802719871319,0.267765060750146,,0.6243692809371424,0.4288568783336779,0.4288568783336779,1.0006660494452484,1.715427513334712
pitch_types,loc_adj_vaa,mean,2025.0,11,CU,425,5.31862195999268,1.0081350778018805,0.3126976920665307,,1.0026141079827788,0.3118823978007516,0.3118823978007516,0.7277255948684204,1.2475295912030069
pitch_types,loc_adj_vaa,mean,2025.0,16,SI,19,0.5545680911109305,0.230681310773858,0.1761055797057772,,0.2240444686338394,0.786029580554342,0.786029580554342,1.8340690212934645,3.1441183222173685
pitch_types,loc_adj_vaa,mean,2021.0,1,SW,114,3.437488117411425,0.6905700661224511,0.2864105855043836,,0.6873468070199465,0.4166900647231377,0.4166900647231377,0.9722768176873212,1.6667602588925512
pitch_types,rpm,mean,2015.0,1,SI,409,2065.454385456741,68677.39974989474,91942.11104819376,,67816.42838303445,1.355749827002019,1.355749827002019,3.1634162630047107,5.422999308008077
pitch_types,rpm,mean,2023.0,1,SW,290,2500.555072330756,52527.54224840034,33464.14054526508,,52139.846454046616,0.6418150957686202,0.6418150957686202,1.497568556793447,2.5672603830744807
pitch_types,rpm,mean,2020.0,1,CU,299,2526.2330739824915,79228.66381605103,26249.85841101275,,78740.47581419136,0.3333718540507187,0.3333718540507187,0.7778676594516769,1.3334874162028747
pitch_types,rpm,mean,2025.0,1,FS,101,1282.5057988348608,90694.58028412942,27016.34879706788,,90392.01586996068,0.2988798129685924,0.2988798129685924,0.697386230260049,1.1955192518743696
pitch_types,rpm,mean,2023.0,14,SI,93,2180.546952650156,23623.49430133401,12992.83377304797,,23400.17366536231,0.5552451857346846,0.5552451857346846,1.2955721000475977,2.2209807429387385
pitch_types,rpm,mean,2022.0,1,CH,445,1748.6989602623105,63472.56782101294,23198.774415897115,,63168.92343639917,0.3672497986965775,0.3672497986965775,0.8569161969586808,1.46899919478631
pitch_types,rpm,mean,2025.0,14,CH,178,1717.9270530690424,109540.48001641792,23644.16686400329,,109075.9532084023,0.216767914178374,0.216767914178374,0.5057917997495395,0.8670716567134963
pitch_types,rpm,mean,2025.0,11,FA,1015,2239.261057417386,31407.214664458326,26319.41490687822,,31113.26128655816,0.8459227293619964,0.8459227293619964,1.9738197018446584,3.3836909174479857
pitch_types,rpm,mean,2025.0,14,SW,78,2516.4149377259546,54565.25083305192,77600.53212444717,,53257.12163743845,1.457092117233311,1.457092117233311,3.3998816068777256,5.828368468933244
pitch_types,rpm,mean,2018.0,1,SL,557,2352.580041944969,46196.0855531378,20109.16524348437,,45987.599687695474,0.4372736428960613,0.4372736428960613,1.0203051667574763,1.7490945715842454
pitch_types,rpm,mean,2024.0,14,SW,82,2534.329504788081,49052.07250560469,49444.35980668755,,48294.08153680214,1.0238182036655743,1.0238182036655743,2.38890914188634,4.095272814662297
pitch_types,rpm,mean,2018.0,1,FA,683,2239.960788462016,24892.24828988173,8996.741447474988,,24816.22248938543,0.36253468678898,0.36253468678898,0.8459142691742866,1.45013874715592
pitch_types,rpm,mean,2020.0,1,SW,57,2523.450704171223,67659.34432145639,30176.812940368465,,67184.41894092376,0.4491638599554367,0.4491638599554367,1.0480490065626855,1.796655439821747
pitch_types,rpm,mean,2022.0,11,CU,153,2413.9625470463902,77025.57472545911,21155.423818660336,,76670.41465896442,0.275926821483374,0.275926821483374,0.6438292501278726,1.103707285933496
pitch_types,rpm,mean,2025.0,11,SW,435,2492.237263843845,46085.42500552938,65339.93042547383,,45143.21204820016,1.4473921429363357,1.4473921429363357,3.3772483335181165,5.789568571745343
pitch_types,rpm,mean,2025.0,14,FA,376,2301.329887189793,27733.86074777782,24119.72900812032,,27424.901727294706,0.8794827871384895,0.8794827871384895,2.052126503323142,3.5179311485539584
pitch_types,rpm,mean,2020.0,1,FS,49,1382.2508539371115,75219.05052796396,88389.5035301362,,73742.11968933731,1.1986298183793165,1.1986298183793165,2.7968029095517384,4.794519273517266
pitch_types,rpm,mean,2019.0,1,CU,373,2515.4105209042086,69588.20061253081,15970.014239160017,,69399.90729859979,0.2301157863287553,0.2301157863287553,0.5369368347670956,0.9204631453150212
pitch_types,rpm,mean,2025.0,1,CU,304,2566.4279430158463,67141.45439572792,16050.92886918253,,66962.9144571205,0.2396987795305817,0.2396987795305817,0.559297152238024,0.958795118122327
pitch_types,rpm,mean,2024.0,14,CH,205,1802.997948566658,73734.11229433981,18599.585863037028,,73377.52741829531,0.2534779586808422,0.2534779586808422,0.5914485702552985,1.0139118347233689
pitch_types,rpm,mean,2025.0,11,SI,564,2154.8809012199654,21259.2350723062,35859.36320131509,,20752.36136241119,1.727965438490641,1.727965438490641,4.031919356478163,6.911861753962566
pitch_types,rpm,mean,2025.0,1,CH,421,1740.751980115002,85189.44552184954,23806.10469770175,,84873.397590109,0.280489592424141,0.280489592424141,0.6544757156563291,1.1219583696965645
pitch_types,rpm,mean,2015.0,1,CH,385,1700.4666466222943,100030.3167875982,92644.1702221407,,98832.74220824678,0.9373833827956896,0.9373833827956896,2.1872278931899425,3.749533531182759
pitch_types,rpm,mean,2015.0,1,FS,68,1280.720583916826,95893.32131858656,140937.28237758798,,94110.34424803834,1.4975748256337476,1.4975748256337476,3.494341259812077,5.99029930253499
pitch_types,rpm,mean,2023.0,11,CH,612,1736.692681527137,61357.106103337166,21990.369919666107,,61002.823071364895,0.3604811845173198,0.3604811845173198,0.8411227638737464,1.4419247380692797
pitch_types,rpm,mean,2018.0,1,HC,36,2354.281545037456,27220.99034193112,8447.06099469415,,27166.21547026768,0.3109399247730739,0.3109399247730739,0.7255264911371725,1.2437596990922957
pitch_types,rpm,mean,2022.0,11,FS,21,1168.4851901812508,127182.63545146523,69979.36116109802,,125608.4341203245,0.5571231076255792,0.5571231076255792,1.299953917793018,2.2284924305023166
pitch_types,rpm,mean,2019.0,1,CH,434,1776.4082556377084,61868.9965931517,27861.61148695777,,61496.4715266573,0.4530603268007077,0.4530603268007077,1.057140762534985,1.812241307202831
pitch_types,rpm,mean,2022.0,14,FA,346,2292.146949847666,20958.81190768612,11394.76949106934,,20821.22131122016,0.5472671041121356,0.5472671041121356,1.2769565762616495,2.1890684164485426
pitch_types,rpm,mean,2023.0,1,FS,82,1306.1499775672603,76933.95796300925,38777.60914047846,,76400.07326140409,0.5075598423551276,0.5075598423551276,1.184306298828631,2.0302393694205105
pitch_types,rpm,mean,2025.0,16,CH,13,1822.8266189774552,42836.82394602031,21478.56711727886,,41962.75888188129,0.5118483076324348,0.5118483076324348,1.1943127178090147,2.0473932305297398
pitch_types,rpm,mean,2025.0,16,SI,14,2175.78550373067,12843.426996453863,13158.216735531834,,12355.264659480516,1.0649886585339303,1.0649886585339303,2.484973536579171,4.259954634135721
pitch_types,rpm,mean,2017.0,1,CU,361,2457.836465447217,74701.83081906657,13957.592082210762,,74540.68412036588,0.1872479740013184,0.1872479740013184,0.4369119393364097,0.7489918960052738
pitch_types,rpm,mean,2017.0,1,SI,388,2142.1870195876345,21495.46227774218,9912.136340482755,,21418.353333070016,0.462787039990529,0.462787039990529,1.079836426644568,1.851148159962116
pitch_types,rpm,mean,2023.0,1,SL,583,2364.1750580336543,42794.52750031876,27856.63422817726,,42520.20614990388,0.6551387387438674,0.6551387387438674,1.528657057069024,2.6205549549754696
pitch_types,rpm,mean,2021.0,14,CH,209,1843.536338266167,60707.37443734558,17161.455420532762,,60360.69777171844,0.2843150601975585,0.2843150601975585,0.6634018071276364,1.137260240790234
pitch_types,rpm,mean,2016.0,1,SI,405,2080.338652382294,65807.94109145486,92921.40273149309,,64893.127874853904,1.4319143763680426,1.4319143763680426,3.3411335448587662,5.727657505472172
pitch_types,rpm,mean,2021.0,1,FS,55,1270.9110038984252,89150.07615816982,51169.60900031448,,88576.43283897436,0.5776887526430103,0.5776887526430103,1.3479404228336909,2.3107550105720414
pitch_types,rpm,mean,2024.0,16,FA,12,2340.251319563636,6508.202154011859,6046.988544638384,,6318.045812386433,0.9570979261947348,0.9570979261947348,2.233228494454381,3.82839170477894
pitch_types,rpm,mean,2025.0,1,SI,454,2202.744063221668,19014.76529733057,24664.32492651196,,18749.211450163835,1.3154859868144713,1.3154859868144713,3.0694673025670998,5.261943947257885
pitch_types,rpm,mean,2023.0,11,SI,501,2122.1350280036577,19678.111109853,18642.61424873569,,19447.51281084696,0.9586117479422696,0.9586117479422696,2.236760745198629,3.834446991769079
pitch_types,rpm,mean,2024.0,11,HC,41,2318.449914020475,18471.53483873021,61606.380669905615,,17663.561336531417,3.4877666794460387,3.4877666794460387,8.138122252040757,13.951066717784157
pitch_types,rpm,mean,2022.0,1,CU,320,2474.2102511558774,69628.95272557813,17158.861740037708,,69410.1083265003,0.2472098395139166,0.2472098395139166,0.5768229588658055,0.9888393580556666
pitch_types,rpm,mean,2019.0,1,HC,31,2393.1121440268425,32642.00077331231,9119.416722543803,,32575.687998405087,0.2799454833614041,0.2799454833614041,0.6532061278432763,1.1197819334456165
pitch_types,rpm,mean,2022.0,11,SI,205,2110.362152743285,20674.44785910537,17393.45504882033,,20374.567131514865,0.8536846420612576,0.8536846420612576,1.991930831476268,3.4147385682450304
pitch_types,rpm,mean,2024.0,14,SL,256,2374.135445167183,39677.11247426284,16798.90576852136,,39418.84242451473,0.4261643603738616,0.4261643603738616,0.9943835075390104,1.7046574414954463
pitch_types,rpm,mean,2023.0,11,SL,824,2326.163331482523,38806.32921240601,19254.973372615143,,38550.73989265644,0.4994709161544015,0.4994709161544015,1.1654321376936034,1.997883664617606
pitch_types,rpm,mean,2017.0,1,CH,419,1743.779487163906,61635.391969464494,26952.809099991176,,61258.66194145182,0.4399836406115337,0.4399836406115337,1.026628494760245,1.7599345624461349
pitch_types,rpm,mean,2023.0,11,FS,88,1238.7407689700992,76296.62365663063,55689.588227507,,75279.80029633101,0.7397680122461907,0.7397680122461907,1.7261253619077783,2.959072048984763
pitch_types,rpm,mean,2022.0,1,SW,228,2491.5287856148675,49974.384685345445,16219.048633116405,,49773.10337894701,0.3258597019686083,0.3258597019686083,0.7603393045934194,1.3034388078744332
pitch_types,rpm,mean,2021.0,14,SW,27,2485.3154192073766,62758.54694468641,13359.983428791762,,62555.20932315866,0.2135710770269254,0.2135710770269254,0.498332513062826,0.8542843081077017
pitch_types,rpm,mean,2023.0,14,FS,11,948.347233624565,56453.04280834781,141591.7303882268,,53981.27827208421,2.62297846439567,2.62297846439567,6.120283083589897,10.491913857582682
pitch_types,rpm,mean,2025.0,14,SL,305,2401.4712277104823,43593.747547947874,28064.799026834185,,43170.95057748876,0.6500852691779367,0.6500852691779367,1.5168656280818524,2.600341076711747
pitch_types,rpm,mean,2021.0,1,HC,27,2418.5262799568204,31273.08642105201,16752.465575141945,,31143.05603779943,0.5379197710978937,0.5379197710978937,1.255146132561752,2.1516790843915747
pitch_types,rpm,mean,2022.0,1,HC,29,2376.535241307944,33341.57702680777,17640.13024477845,,33189.99334264058,0.5314894179901939,0.5314894179901939,1.2401419753104523,2.125957671960776
pitch_types,rpm,mean,2016.0,1,CH,412,1706.5494529267714,90278.17615744482,93646.8343516518,,88894.38518825002,1.053461747368381,1.053461747368381,2.458077410526222,4.213846989473524
pitch_types,rpm,mean,2023.0,14,SW,84,2478.366466014478,42662.96161373238,17633.38083928158,,42379.32272550065,0.4160845361662931,0.4160845361662931,0.9708639177213506,1.6643381446651726
pitch_types,rpm,mean,2025.0,1,HC,39,2439.0847336430397,34422.00617154384,17290.143135630064,,34252.07506738941,0.5047911141620615,0.5047911141620615,1.17784593304481,2.019164456648246
pitch_types,rpm,mean,2024.0,11,SI,519,2119.569198703711,19265.11942822907,27188.96871344893,,18896.799380949054,1.4388134289481678,1.4388134289481678,3.357231334212392,5.755253715792671
pitch_types,rpm,mean,2018.0,1,CH,419,1760.5172830821186,54551.73182713576,25434.12220233368,,54191.83388379475,0.4693349602612243,0.4693349602612243,1.09511490727619,1.8773398410448967
pitch_types,rpm,mean,2019.0,1,SI,377,2167.1447011208443,22691.09960478292,10333.078764032987,,22594.867861654748,0.4573197253155452,0.4573197253155452,1.0670793590696055,1.829278901262181
pitch_types,rpm,mean,2021.0,14,SI,76,2181.9552280393896,23400.84572878629,11868.490544008544,,23224.198824488743,0.5110398267643929,0.5110398267643929,1.19242626245025,2.0441593070575714
pitch_types,rpm,mean,2024.0,11,FA,951,2205.082798142383,35251.5509999492,21292.98128579247,,35019.67132524076,0.6080291584702954,0.6080291584702954,1.4187347030973558,2.432116633881182
pitch_types,rpm,mean,2022.0,11,HC,13,2234.304905147005,21047.43426457751,17124.750106452942,,20815.42320332728,0.8226952649089357,0.8226952649089357,1.9196222847875168,3.2907810596357434
pitch_types,rpm,mean,2024.0,1,CU,298,2515.303442579893,70792.93532554299,23868.278006667755,,70485.67638207122,0.3386259341158696,0.3386259341158696,0.7901271796036957,1.3545037364634784
pitch_types,rpm,mean,2023.0,11,HC,34,2311.3603922836373,23102.604871864023,17862.145326684386,,22932.155381099343,0.7789126242100358,0.7789126242100358,1.8174627898234168,3.1156504968401437
pitch_types,rpm,mean,2023.0,1,HC,34,2399.7965788491406,28230.99960189353,27827.366680018586,,27976.76381487732,0.9946599565322388,0.9946599565322388,2.320873231908557,3.9786398261289553
pitch_types,rpm,mean,2025.0,11,CH,611,1704.0888696717304,80642.84999904534,33467.33644914573,,80055.74127600137,0.4180504223146625,0.4180504223146625,0.9754509854008792,1.6722016892586502
pitch_types,rpm,mean,2019.0,1,SL,581,2384.7222702419645,49344.28007273965,20234.476900717185,,49146.36244366656,0.4117187090684629,0.4117187090684629,0.9606769878264134,1.6468748362738517
pitch_types,rpm,mean,2024.0,11,CU,392,2444.2746492910387,52246.34324705211,34645.67844185039,,51681.80134480164,0.6703651486663049,0.6703651486663049,1.564185346888045,2.68146059466522
pitch_types,rpm,mean,2023.0,1,CH,435,1761.8549737440626,66887.78833031107,23351.831324181192,,66563.03125371585,0.3508228349032345,0.3508228349032345,0.8185866147742138,1.403291339612938
pitch_types,rpm,mean,2020.0,1,SI,289,2160.683181693291,25807.138511796173,28062.89333243729,,25414.296487675965,1.1042168074983187,1.1042168074983187,2.5765058841627435,4.416867229993276
pitch_types,rpm,mean,2023.0,11,SW,410,2444.475616373021,49279.6848617662,21308.5101651282,,48990.02212773023,0.4349561245261567,0.4349561245261567,1.0148976238943657,1.739824498104627
pitch_types,rpm,mean,2018.0,1,SW,31,2586.888541811932,62244.6297048792,20645.782558709157,,62105.608656329125,0.3324302427008766,0.3324302427008766,0.7756705663020454,1.3297209708035065
pitch_types,rpm,mean,2024.0,11,CH,559,1714.5472172467844,72050.25718657648,24065.98088427936,,71662.39643125853,0.3358243944209209,0.3358243944209209,0.7835902536488155,1.343297577683684
pitch_types,rpm,mean,2017.0,1,FS,51,1346.7930886437616,55646.15390530718,55207.46591977402,,55034.542866332566,1.0031420821257924,1.0031420821257924,2.3406648582935152,4.0125683285031695
pitch_types,rpm,mean,2023.0,11,FA,945,2206.9315046846814,27303.329941227967,14016.304366222095,,27158.63218834369,0.5160902165108964,0.5160902165108964,1.2042105051920915,2.064360866043585
pitch_types,rpm,mean,2019.0,1,FA,703,2256.8947595743657,31002.81883218926,9061.686906479004,,30926.397789232367,0.2930081598327629,0.2930081598327629,0.6836857062764469,1.1720326393310518
pitch_types,rpm,mean,2025.0,16,FA,131,2258.332382609293,21670.451717387827,13699.735052185162,,21246.24319140939,0.6448074103625271,0.6448074103625271,1.50455062417923,2.579229641450109
pitch_types,rpm,mean,2020.0,1,SL,481,2399.112588693335,51857.93765712656,30490.266286281498,,51407.579907416526,0.5931083770368792,0.5931083770368792,1.383919546419385,2.372433508147517
pitch_types,rpm,mean,2016.0,1,SL,523,820.3375893332037,73827.87752490421,93309.67295104008,,72882.97267702402,1.2802671121077294,1.2802671121077294,2.9872899282513683,5.1210684484309175
pitch_types,rpm,mean,2023.0,14,CU,99,2463.061138559926,62071.84015409741,19938.046236539085,,61722.70329773898,0.3230261341659261,0.3230261341659261,0.7537276463871609,1.2921045366637047
pitch_types,rpm,mean,2017.0,1,FA,636,2232.5651047517745,23540.3078666524,9161.844893427313,,23470.024889125794,0.390363663298551,0.390363663298551,0.9108485476966188,1.5614546531942042
pitch_types,rpm,mean,2024.0,1,SW,309,2530.219021091621,52527.84883623085,25188.840671364887,,52245.76755491672,0.4821221287425498,0.4821221287425498,1.1249516337326162,1.9284885149701991
pitch_types,rpm,mean,2015.0,1,SL,516,807.2837304998452,70717.27283089321,95834.19719463936,,69797.0910494061,1.3730399899732613,1.3730399899732613,3.2037599766042764,5.492159959893045
pitch_types,rpm,mean,2015.0,1,SW,12,1441.630689103051,59344.337301139145,117079.9760941899,,58030.86428645558,2.017546654419145,2.017546654419145,4.707608860311338,8.07018661767658
pitch_types,rpm,mean,2018.0,1,SI,393,2145.989559855416,21103.21066433306,9616.603673113788,,21017.70125061514,0.4575478335354268,0.4575478335354268,1.0676116115826626,1.8301913341417075
pitch_types,rpm,mean,2025.0,1,SW,323,2562.505256055424,54077.02879685182,23920.85499433334,,53795.70948009823,0.4446610189829893,0.4446610189829893,1.0375423776269752,1.7786440759319575
pitch_types,rpm,mean,2022.0,1,SL,575,2356.259800488436,41440.33216879087,17463.377010846976,,41264.48886030928,0.4232059451884869,0.4232059451884869,0.987480538773136,1.692823780753948
pitch_types,rpm,mean,2022.0,1,FS,63,1316.742333477414,70994.05902388826,38839.44677972102,,70438.12565256572,0.551398073414043,0.551398073414043,1.2865955046327668,2.2055922936561725
pitch_types,rpm,mean,2025.0,1,SL,613,2415.750754171428,37673.85103882139,15463.2963158875,,37508.45517618986,0.4122616152345166,0.4122616152345166,0.9619437688805388,1.6490464609380666
pitch_types,rpm,mean,2024.0,14,FS,11,968.4044643132828,96108.0381608291,113228.73371892294,,93934.31703420948,1.2054032785237234,1.2054032785237234,2.812607649888688,4.821613114094894
pitch_types,rpm,mean,2022.0,14,CH,216,1834.0540788348944,62428.04588994249,18474.55475767196,,62063.70243610904,0.2976708451560787,0.2976708451560787,0.6945653053641836,1.1906833806243151
pitch_types,rpm,mean,2024.0,1,CH,411,1779.2820346951323,73861.11086527907,21241.9383206669,,73576.82516364362,0.28870419827741,0.28870419827741,0.6736431293139568,1.1548167931096405
pitch_types,rpm,mean,2021.0,14,CU,127,2432.329182557062,87071.80505027597,17236.18002690986,,86736.01964984334,0.1987199792715066,0.1987199792715066,0.4636799516335155,0.7948799170860266
pitch_types,rpm,mean,2022.0,16,FA,27,2273.0249972487554,29995.22681596453,6127.717688773056,,29815.642311454245,0.2055202307823158,0.2055202307823158,0.4795472051587368,0.8220809231292632
pitch_types,rpm,mean,2020.0,1,FA,569,2281.7828525617124,27512.78172093552,23626.88721944308,,27217.00096838436,0.8680929705256063,0.8680929705256063,2.025550264559748,3.472371882102425
pitch_types,rpm,mean,2025.0,1,FA,699,2270.5286991959506,55308.90070436403,14895.641502644225,,55164.98577758152,0.2700198557596231,0.2700198557596231,0.6300463301057873,1.0800794230384925
pitch_types,rpm,mean,2022.0,11,SL,333,2340.4812129951715,38608.64240965195,16373.927200380698,,38335.1931975792,0.4271252036213732,0.4271252036213732,0.9966254751165372,1.708500814485493
pitch_types,rpm,mean,2021.0,1,SL,616,2365.918141765078,44591.73364937827,19342.420076996,,44400.37604451244,0.4356364022143587,0.4356364022143587,1.0164849385001704,1.7425456088574351
pitch_types,rpm,mean,2025.0,14,FS,28,1147.3894668391963,68244.16523900496,45079.30083773541,,67409.05236296698,0.6687425391326369,0.6687425391326369,1.5603992579761528,2.674970156530548
pitch_types,rpm,mean,2024.0,1,SI,428,2161.6835847947814,22135.7655560548,27094.868855654357,,21863.142909843587,1.239294321378435,1.239294321378435,2.891686749883015,4.95717728551374
pitch_types,rpm,mean,2016.0,1,HC,49,1300.0493501150297,127871.48760650704,104169.15315002354,,127026.90179526982,0.8200558439023705,0.8200558439023705,1.913463635772198,3.2802233756094825
pitch_types,rpm,mean,2025.0,11,FS,127,1129.359007335479,87405.13621608164,37035.73088539409,,86734.66371726098,0.4270003398655438,0.4270003398655438,0.9963341263529356,1.7080013594621757
pitch_types,rpm,mean,2021.0,1,CH,452,1748.491708262416,57015.75830614235,21530.375940553808,,56712.26230767254,0.3796423394952626,0.3796423394952626,0.8858321254889462,1.5185693579810509
pitch_types,rpm,mean,2022.0,14,SI,89,2196.4921005917595,26347.786545889303,13502.133225964488,,26124.585814963837,0.5168362599735701,0.5168362599735701,1.2059512732716635,2.0673450398942803
pitch_types,rpm,mean,2024.0,1,FS,90,1273.3514971849518,97382.85193601488,28284.00594188066,,97031.04111063544,0.2914944085741701,0.2914944085741701,0.6801536200063968,1.1659776342966803
pitch_types,rpm,mean,2023.0,1,CU,299,2482.126587547394,72112.65564282428,25442.578346708186,,71784.01350561222,0.3544323743436138,0.3544323743436138,0.8270088734684321,1.4177294973744554
pitch_types,rpm,mean,2022.0,11,FA,424,2233.1356893737607,23387.125109502314,14395.046639919246,,23182.083309305403,0.6209556944410171,0.6209556944410171,1.448896620362373,2.483822777764068
pitch_types,rpm,mean,2023.0,1,FA,681,2232.360619141853,41537.6665599554,20006.532277672573,,41351.18078548116,0.4838200964915875,0.4838200964915875,1.128913558480371,1.9352803859663503
pitch_types,rpm,mean,2016.0,1,CU,369,1316.6941483864016,159564.8467393201,88417.93269235834,,158462.9892234696,0.55797213674714,0.55797213674714,1.301934985743327,2.23188854698856
pitch_types,rpm,mean,2024.0,14,CU,90,2469.0977138865637,77411.9210830473,24012.525811123745,,77008.43653673072,0.3118168202216453,0.3118168202216453,0.7275725805171723,1.2472672808865812
pitch_types,rpm,mean,2022.0,1,FA,688,2234.144472661641,33036.0939483168,13238.364935505346,,32912.62919024489,0.402227511481493,0.402227511481493,0.9385308601234836,1.608910045925972
pitch_types,rpm,mean,2016.0,1,SW,16,1488.931760005113,53359.845660906365,119292.08452179932,,52571.10154890176,2.269157027475134,2.269157027475134,5.294699730775313,9.076628109900536
pitch_types,rpm,mean,2016.0,1,XX,251,1683.0381438826807,80872.62767677999,289241.4573878901,,72695.82304946757,3.978790599716699,3.978790599716699,9.283844732672298,15.915162398866798
pitch_types,rpm,mean,2024.0,11,SW,406,2441.632828768875,44870.813412736105,40589.24731975864,,44326.64503128912,0.9156850758975256,0.9156850758975256,2.1365985104275595,3.662740303590102
pitch_types,rpm,mean,2023.0,16,FA,24,2218.0161797441715,37476.53127971236,8688.907402015451,,37171.00680895349,0.2337549651714714,0.2337549651714714,0.5454282520667668,0.935019860685886
pitch_types,rpm,mean,2015.0,1,FA,607,2096.7802341750094,80541.62365978793,96037.59863641516,,79887.7812572898,1.2021562887960628,1.2021562887960628,2.8050313405241463,4.808625155184252
pitch_types,rpm,mean,2019.0,1,SW,43,2585.650436537165,58779.47994880509,19103.805004977326,,58624.671157363104,0.3258663055643927,0.3258663055643927,0.7603547129835829,1.303465222257571
pitch_types,rpm,mean,2024.0,14,FA,342,2287.13094785982,20669.46748664113,13827.010293399844,,20503.736394698917,0.674365395029889,0.674365395029889,1.573519255069741,2.697461580119556
pitch_types,rpm,mean,2017.0,1,HC,37,2326.2263776914115,34417.69316430783,8405.533698401776,,34359.06729402821,0.2446380056382585,0.2446380056382585,0.5708220131559365,0.978552022553034
pitch_types,rpm,mean,2025.0,14,CU,97,2482.422046193759,85439.36927625813,44777.77748936739,,84602.55109732256,0.5292721898877171,0.5292721898877171,1.23496844307134,2.1170887595508683
pitch_types,rpm,mean,2025.0,14,SI,105,2215.864157197416,22912.68263812877,22630.506324558188,,22528.679859654232,1.004519859376506,1.004519859376506,2.343879671878514,4.018079437506024
pitch_types,rpm,mean,2020.0,1,CH,325,1768.4693096177732,63273.627753729794,37569.24730226903,,62538.06818750624,0.6007420502601095,0.6007420502601095,1.401731450606922,2.402968201040438
pitch_types,rpm,mean,2017.0,1,SW,23,2560.7274502072364,64744.50165448292,19090.89261742525,,64598.14477809235,0.2955331408201631,0.2955331408201631,0.6895773285803806,1.1821325632806523
pitch_types,rpm,mean,2023.0,14,FA,342,2288.010101966129,19487.728401863693,11381.51379303559,,19335.90355005744,0.5886207367331319,0.5886207367331319,1.373448385710641,2.3544829469325275
pitch_types,rpm,mean,2024.0,1,FA,671,2255.5561797173955,39297.37770196821,17070.536860737,,39136.70947486732,0.4361771106919272,0.4361771106919272,1.0177465916144968,1.7447084427677089
pitch_types,rpm,mean,2025.0,11,HC,39,2303.407589608395,39543.96231064103,68161.3772778608,,38963.07711351442,1.749383835349567,1.749383835349567,4.0818956158156565,6.997535341398269
pitch_types,rpm,mean,2023.0,14,CH,187,1845.7017095510384,63827.06479332433,17440.17303366385,,63520.29051555973,0.2745606623035164,0.2745606623035164,0.6406415453748715,1.0982426492140656
pitch_types,rpm,mean,2024.0,14,SI,109,2206.588876889941,22397.715998179887,13260.94637563722,,22187.14071995477,0.5976861346406178,0.5976861346406178,1.394600980828108,2.390744538562472
pitch_types,rpm,mean,2021.0,14,SL,242,2384.4889534204176,47553.02333335605,15378.884189370136,,47313.506345252645,0.3250421576694923,0.3250421576694923,0.7584317012288154,1.3001686306779694
pitch_types,rpm,mean,2025.0,11,CU,424,2453.788974349713,69113.12928765359,44209.0662165633,,68329.3819547241,0.6469993574046488,0.6469993574046488,1.509665167277514,2.5879974296185955
pitch_types,rpm,mean,2022.0,14,SL,241,2378.820055711466,43822.57219901842,14611.22243236135,,43587.212900588005,0.335218094024182,0.335218094024182,0.7821755527230914,1.340872376096728
pitch_types,rpm,mean,2015.0,1,CU,353,1291.4715230439704,149355.31816057616,94755.08765189168,,148142.15784738288,0.6396227044938082,0.6396227044938082,1.492452977152219,2.5584908179752333
pitch_types,rpm,mean,2021.0,1,FA,716,2243.523192035662,28963.651926800707,13570.714119943364,,28841.95253406331,0.4705199519316834,0.4705199519316834,1.0978798878405946,1.8820798077267336
pitch_types,rpm,mean,2016.0,1,FS,63,1277.512355428241,116352.7742422472,127425.36198232256,,114688.88149858313,1.1110524430731046,1.1110524430731046,2.5924557005039106,4.444209772292418
pitch_types,rpm,mean,2024.0,1,SL,593,2386.5521075321217,45416.63147162686,20468.099806614668,,45198.827984353135,0.4528458086059285,0.4528458086059285,1.0566402200805,1.8113832344237144
pitch_types,rpm,mean,2016.0,1,FA,619,2101.633764878633,72366.65419925988,92003.46888625802,,71693.61594568369,1.2832867706932432,1.2832867706932432,2.994335798284234,5.1331470827729735
pitch_types,rpm,mean,2021.0,1,SI,376,2137.061374157263,22750.245950131197,16742.660569573018,,22579.080858269823,0.7415120515608077,0.7415120515608077,1.7301947869752177,2.9660482062432307
pitch_types,rpm,mean,2023.0,14,SL,237,2373.3190594093007,50806.80668492213,16834.360098539277,,50519.41228850445,0.3332255728234172,0.3332255728234172,0.7775263365879734,1.332902291293669
pitch_types,rpm,mean,2022.0,11,XX,10,1949.628900442944,336991.58601003536,210370.5142701301,,331092.7244929013,0.635382473572416,0.635382473572416,1.482559105002304,2.541529894289664
pitch_types,rpm,mean,2025.0,11,SL,888,2349.244348044746,36919.84627679511,33953.726746611144,,36496.43412320265,0.9303299777724044,0.9303299777724044,2.1707699481356104,3.721319911089618
pitch_types,rpm,mean,2023.0,1,SI,407,2148.936931151796,20793.01744096392,31873.406188240508,,20489.431241933533,1.555602291341724,1.555602291341724,3.629738679797356,6.222409165366897
pitch_types,rpm,mean,2024.0,1,HC,38,2385.345987814504,29586.37772467457,17470.251749402596,,29447.83165765138,0.5932610574695176,0.5932610574695176,1.3842758007622078,2.3730442298780705
pitch_types,rpm,mean,2021.0,14,XX,11,2174.23352559268,17564.90501237087,66694.25154603709,,15488.652962782577,4.306007223888068,4.306007223888068,10.04735018907216,17.224028895552273
pitch_types,rpm,mean,2018.0,1,CU,363,2476.4106260380527,75851.4532415687,14651.36718145674,,75675.50436119497,0.1936077903297027,0.1936077903297027,0.4517515107693063,0.774431161318811
pitch_types,rpm,mean,2024.0,11,FS,102,1192.536563419516,95759.9280309562,45619.51265139472,,95051.4800713276,0.4799453161293372,0.4799453161293372,1.119872404301787,1.9197812645173489
pitch_types,rpm,mean,2015.0,1,XX,81,1627.3823546377498,93291.78636368476,259246.715028606,,85193.54774135399,3.0430322706559205,3.0430322706559205,7.100408631530481,12.172129082623684
pitch_types,rpm,mean,2025.0,16,SL,43,2381.2361560045533,46099.11097703376,19808.614798547605,,45432.12226393381,0.4360046110870905,0.4360046110870905,1.0173440925365445,1.744018444348362
pitch_types,rpm,mean,2021.0,14,FA,352,2288.8145096027247,23141.388587937487,12417.943612619889,,22997.521127045427,0.5399687881150026,0.5399687881150026,1.2599271722683394,2.1598751524600104
pitch_types,rpm,mean,2021.0,16,FA,25,2243.42413263094,30735.9650888387,7149.136345740836,,30490.215188242677,0.2344731351223002,0.2344731351223002,0.5471039819520339,0.9378925404892012
pitch_types,rpm,mean,2022.0,1,SI,387,2144.842918023321,19986.983008510557,18275.82185168703,,19820.385857710065,0.9220719507121904,0.9220719507121904,2.1515012183284443,3.688287802848762
pitch_types,rpm,mean,2021.0,1,CU,378,2473.275071238803,76396.23858528666,20215.77522375356,,76123.19515662838,0.2655665619678509,0.2655665619678509,0.6196553112583187,1.0622662478714036
pitch_types,rpm,mean,2022.0,14,SW,61,2523.8313228679767,56817.13092073339,13898.207402204593,,56620.07634263284,0.2454642999437242,0.2454642999437242,0.5727500332020232,0.981857199774897
pitch_types,rpm,mean,2021.0,1,SW,114,2503.4117766966774,57218.29244020026,20764.775557935765,,56984.52831798895,0.3643932163843271,0.3643932163843271,0.8502508382300966,1.4575728655373086
pitch_types,rpm,mean,2020.0,1,HC,20,2412.9351168164035,41498.1918704964,23383.026589148,,41272.27600384269,0.5665552969981811,0.5665552969981811,1.3219623596624226,2.2662211879927243
pitch_types,rpm,mean,2017.0,1,SL,552,2342.866016939965,41247.86841139279,22741.355357945333,,41015.41784133036,0.5544587024791774,0.5544587024791774,1.2937369724514138,2.2178348099167096
pitch_types,rpm,mean,2019.0,1,FS,54,1345.2506733643197,63433.735795880784,64215.64019395667,,62558.347366554975,1.026491953466912,1.026491953466912,2.395147891422795,4.1059678138676485
pitch_types,rpm,mean,2023.0,11,CU,391,2446.88027435569,51374.27837701929,21017.01606143551,,51033.38172495874,0.4118287942332613,0.4118287942332613,0.9609338532109432,1.6473151769330454
pitch_types,rpm,mean,2022.0,11,SW,126,2464.891273675338,48022.30670321902,19841.762850813717,,47696.79464978105,0.4159978253571133,0.4159978253571133,0.9706615924999312,1.6639913014284535
pitch_types,rpm,mean,2018.0,1,FS,59,1356.2824608747085,62222.30835054949,47802.64028981522,,61543.90643523772,0.7767241804859699,0.7767241804859699,1.8123564211339296,3.10689672194388
pitch_types,rpm,mean,2024.0,11,SL,834,2334.0813678032887,37129.18966272601,27260.7297799784,,36783.32344581709,0.7411165502794833,0.7411165502794833,1.729271950652128,2.9644662011179337
pitch_types,rpm,mean,2015.0,1,HC,58,1248.9671689317624,102900.6667369804,106142.13447510626,,101959.44099660507,1.0410231111274966,1.0410231111274966,2.429053925964159,4.164092444509986
pitch_types,rpm,mean,2022.0,14,CU,89,2474.078997945792,67528.44214049756,22593.425279770265,,67129.09226032013,0.3365668225060327,0.3365668225060327,0.7853225858474098,1.346267290024131
pitch_types,rpm,mean,2022.0,11,CH,250,1717.6908822059286,62559.76426209586,22850.998028024984,,62157.261175348765,0.3676319965830085,0.3676319965830085,0.8578079920270198,1.470527986332034
pitch_types,axis,mean,2024.0,1,SI,428,197.0671916826303,1824.636801989324,126.2136662051482,,1823.365279500248,0.0692201763542087,0.0692201763542087,0.161513744826487,0.2768807054168348
pitch_types,axis,mean,2023.0,14,FS,11,232.17636035407887,3898.201307661708,1183.7798108418508,,3877.536082742421,0.3052917588853518,0.3052917588853518,0.7123474373991543,1.2211670355414073
pitch_types,axis,mean,2022.0,11,SL,333,152.05533486690706,4911.588731071441,1772.2589464380403,,4881.991505765524,0.363019670219631,0.363019670219631,0.8470458971791391,1.4520786808785244
pitch_types,axis,mean,2025.0,1,CH,421,203.6476627854219,3313.1993387668604,85.83399679286578,,3312.0588649735346,0.0259156012293735,0.0259156012293735,0.0604697362018716,0.1036624049174943
pitch_types,axis,mean,2025.0,11,HC,39,191.0587123662839,642.8431405208253,506.3072103905481,,638.5282869268991,0.7929283960579053,0.7929283960579053,1.8501662574684457,3.1717135842316213
pitch_types,axis,mean,2025.0,11,FS,127,218.1297832761072,2430.713422673344,213.01113656756635,,2426.8571977360525,0.0877724230194831,0.0877724230194831,0.204802320378794,0.3510896920779327
pitch_types,axis,mean,2025.0,16,FA,131,202.4303359775095,916.7592338741126,56.01414656152786,,915.0247712398872,0.0612159892519925,0.0612159892519925,0.1428373082546492,0.2448639570079702
pitch_types,axis,mean,2020.0,1,FA,569,195.3529221232269,1066.4654789164472,145.7364169308107,,1064.6410309189796,0.1368878454787841,0.1368878454787841,0.3194049727838295,0.5475513819151365
pitch_types,axis,mean,2023.0,1,CH,435,202.01226056542288,3155.262112254324,130.22513146379805,,3153.450100368105,0.0412960812186616,0.0412960812186616,0.0963575228435439,0.1651843248746466
pitch_types,axis,mean,2022.0,1,CH,445,202.06910484353628,2971.137594731872,64.31541458420115,,2970.295782395905,0.0216528653359642,0.0216528653359642,0.0505233524505832,0.086611461343857
pitch_types,axis,mean,2025.0,1,SL,613,162.63450503123008,3387.60290785211,1786.360349498044,,3368.484657644564,0.5303157149444073,0.5303157149444073,1.2374033348702838,2.1212628597776293
pitch_types,axis,mean,2023.0,11,FS,88,217.30269209468136,1537.0669788709174,330.64047430592865,,1531.029890631706,0.2159595160937751,0.2159595160937751,0.503905537552142,0.8638380643751005
pitch_types,axis,mean,2023.0,14,CH,187,210.8723129977031,2583.106877194024,42.40619472589069,,2582.360948255436,0.0164214823472059,0.0164214823472059,0.0383167921434805,0.0656859293888238
pitch_types,axis,mean,2022.0,11,XX,10,174.75085232964213,663.0349058177319,14920.04662230337,,244.67167102933297,60.97986971493177,60.97986971493177,142.28636266817415,243.91947885972712
pitch_types,axis,mean,2023.0,11,SW,410,126.36512300037784,10429.440336189444,601.9814185448081,,10421.25714636607,0.0577647600562971,0.0577647600562971,0.13478444013136,0.2310590402251886
pitch_types,axis,mean,2022.0,11,FS,21,228.36086267549763,636.8546223749474,394.59717596859576,,627.9780709265262,0.6283613938722453,0.6283613938722453,1.4661765857019058,2.5134455754889813
pitch_types,axis,mean,2023.0,11,CU,391,110.72361945867895,15367.873504265832,1097.505685499691,,15350.071928023484,0.0714984066945026,0.0714984066945026,0.1668296156205061,0.2859936267780105
pitch_types,axis,mean,2020.0,1,SL,481,159.5935310548912,4115.340347890083,2284.549848553016,,4081.596309079977,0.559719696793819,0.559719696793819,1.3060126258522444,2.238878787175276
pitch_types,axis,mean,2024.0,1,FS,90,224.018419143253,1538.4682731643238,205.023126982572,,1535.91637381686,0.1334858658177301,0.1334858658177301,0.3114670202413702,0.5339434632709205
pitch_types,axis,mean,2020.0,1,FS,49,225.17481036358117,957.3388023642148,589.4797215020433,,947.4889814617296,0.6221494212973633,0.6221494212973633,1.451681983027181,2.488597685189453
pitch_types,axis,mean,2023.0,11,HC,34,186.6303660150344,622.4055506717257,197.5788017728338,,620.5201552988774,0.3184083548062492,0.3184083548062492,0.7429528278812481,1.2736334192249967
pitch_types,axis,mean,2023.0,14,CU,99,96.689612886418,12919.148359948824,1460.358465121679,,12893.57589624701,0.1132624864407671,0.1132624864407671,0.2642791350284567,0.4530499457630685
pitch_types,axis,mean,2024.0,11,CU,392,114.51495719422864,15466.594460910264,1363.229135706189,,15444.381013112828,0.088266997204275,0.088266997204275,0.2059563268099752,0.3530679888171003
pitch_types,axis,mean,2023.0,1,SW,290,124.21895375096302,10447.563682555883,326.96779021695784,,10443.774584544672,0.0313074346415734,0.0313074346415734,0.0730506808303379,0.1252297385662936
pitch_types,axis,mean,2022.0,11,SW,126,133.07094045166247,11396.302855689692,266.0353061965723,,11391.938440115424,0.0233529445050158,0.0233529445050158,0.0544902038450369,0.0934117780200634
pitch_types,axis,mean,2024.0,11,SW,406,121.1258443893747,9344.466655814149,828.8208628355662,,9333.354892546264,0.0888020301786095,0.0888020301786095,0.2072047370834222,0.3552081207144381
pitch_types,axis,mean,2024.0,11,FA,951,198.0360414382548,1109.1352906955717,106.85807258076484,,1107.9716107590973,0.096444774886925,0.096444774886925,0.2250378080694916,0.3857790995477
pitch_types,axis,mean,2025.0,16,CH,13,212.56678497088197,2939.0336816249364,106.66387943742686,,2934.693020997404,0.0363458387893584,0.0363458387893584,0.0848069571751696,0.1453833551574336
pitch_types,axis,mean,2025.0,1,SW,323,123.75196065149464,10324.994605614482,354.2003823220007,,10320.82009481498,0.0343190152592569,0.0343190152592569,0.0800777022715994,0.1372760610370276
pitch_types,axis,mean,2022.0,1,FS,63,222.9877704958782,837.3208963895165,174.90731506131277,,834.8173382445591,0.209515671331294,0.209515671331294,0.4888698997730193,0.8380626853251761
pitch_types,axis,mean,2025.0,1,FA,699,197.68707393495484,1111.7047533737104,47.143678729791176,,1111.249238122289,0.0424240369419296,0.0424240369419296,0.0989894195311691,0.1696961477677186
pitch_types,axis,mean,2022.0,14,CH,216,207.54977681798192,2727.6232867020453,59.503414993763535,,2726.4497980838846,0.0218245041722689,0.0218245041722689,0.0509238430686275,0.0872980166890757
pitch_types,axis,mean,2023.0,11,SI,501,201.4546478831859,1870.9883532981369,101.74516500212953,,1869.7298247640729,0.0544170412508491,0.0544170412508491,0.1269730962519813,0.2176681650033966
pitch_types,axis,mean,2025.0,11,SL,888,165.58571519509854,2895.333710750084,3022.770734690927,,2857.63894233355,1.0577860939361816,1.0577860939361816,2.468167552517757,4.231144375744727
pitch_types,axis,mean,2023.0,1,HC,33,188.5439583119377,290.19342946865623,128.26224252449595,,289.1300459692455,0.4436143676957708,0.4436143676957708,1.035100191290132,1.7744574707830831
pitch_types,axis,mean,2022.0,14,SW,61,115.00954273720728,8600.016340861543,319.6940906048396,,8595.483584778525,0.0371932640498524,0.0371932640498524,0.0867842827829889,0.1487730561994096
pitch_types,axis,mean,2024.0,11,CH,559,206.3949530437642,3038.3543352415068,289.21573155208847,,3033.693173386978,0.0953345361651035,0.0953345361651035,0.2224472510519081,0.3813381446604141
pitch_types,axis,mean,2025.0,11,CU,424,108.0024452086176,14303.007012834676,1672.012348427529,,14273.365237270227,0.1171421259551052,0.1171421259551052,0.2733316272285788,0.4685685038204208
pitch_types,axis,mean,2025.0,14,SL,305,157.9787747946504,4037.224651104552,3579.699899723634,,3983.2587051743503,0.8986862678724625,0.8986862678724625,2.096934625035746,3.5947450714898506
pitch_types,axis,mean,2025.0,14,CH,177,211.89380871714096,2440.650520690408,77.7162234839004,,2439.135083180113,0.0318622055907518,0.0318622055907518,0.074345146378421,0.1274488223630074
pitch_types,axis,mean,2023.0,11,FA,945,196.6432676715228,1163.8194092249234,55.232117544153326,,1163.2492187462592,0.0474808980346293,0.0474808980346293,0.1107887620808017,0.1899235921385172
pitch_types,axis,mean,2020.0,1,CH,325,202.1093925184704,2751.060676693093,178.26161532730626,,2747.5705339337906,0.0648797230592231,0.0648797230592231,0.1513860204715207,0.2595188922368927
pitch_types,axis,mean,2022.0,14,SI,89,200.5092998926969,2030.0469943758844,50.435587172958456,,2029.2132550153503,0.0248547495184664,0.0248547495184664,0.0579944155430883,0.0994189980738656
pitch_types,axis,mean,2020.0,1,HC,20,191.4277199434062,183.4194320869705,726.6534031454594,,176.39884676185875,4.119377288936889,4.119377288936889,9.61188034085274,16.477509155747555
pitch_types,axis,mean,2025.0,11,FA,1015,198.6495977241748,1153.080188562192,141.4036504189501,,1151.5008950697215,0.1227994272730359,0.1227994272730359,0.2865319969704172,0.4911977090921439
pitch_types,axis,mean,2020.0,1,CU,299,110.99631919213066,13783.126511945666,1465.9658249736444,,13755.862862912489,0.1065702558671233,0.1065702558671233,0.2486639303566212,0.4262810234684935
pitch_types,axis,mean,2022.0,16,FA,27,212.71658204104327,733.2324270070463,27.30800628723144,,732.4321135743239,0.0372840100551658,0.0372840100551658,0.0869960234620535,0.1491360402206632
pitch_types,axis,mean,2021.0,14,XX,11,172.4600975297766,1100.1182049288464,3894.716932633201,,978.8721630812352,3.97877994647804,3.97877994647804,9.283819875115428,15.91511978591216
pitch_types,axis,mean,2024.0,1,SW,309,124.00232532332912,10495.037581456032,415.1597096008256,,10490.375498723342,0.0395752954364073,0.0395752954364073,0.0923423560182838,0.1583011817456295
pitch_types,axis,mean,2021.0,14,SL,242,128.97809524612524,5600.816186368103,1740.135011271174,,5573.7146169915,0.3122038229166529,0.3122038229166529,0.7284755868055234,1.2488152916666115
pitch_types,axis,mean,2021.0,1,FS,55,222.84602991253792,974.4265126802054,241.6051724293517,,971.7179675934858,0.2486371359662109,0.2486371359662109,0.5801533172544923,0.9945485438648438
pitch_types,axis,mean,2023.0,1,FS,82,220.64704482442212,1443.0241457270054,224.4954868034937,,1439.931161781949,0.1559070966459779,0.1559070966459779,0.3637832255072819,0.6236283865839118
pitch_types,axis,mean,2022.0,14,FA,346,200.08688733108903,1063.6749958425496,37.9170027488439,,1063.2171521776554,0.0356625198071562,0.0356625198071562,0.0832125462166979,0.142650079228625
pitch_types,axis,mean,2022.0,11,CU,153,131.59718587972398,17751.012595719436,975.1057646743192,,17734.642390556466,0.0549831083819064,0.0549831083819064,0.1282939195577817,0.2199324335276259
pitch_types,axis,mean,2022.0,1,CU,320,114.61202353453238,15141.8252028978,920.1733006010304,,15130.089297797078,0.0608174401677197,0.0608174401677197,0.141907360391346,0.2432697606708789
pitch_types,axis,mean,2022.0,11,SI,205,199.40618877230577,2073.0983654892607,68.56231086695507,,2071.9162820210618,0.0330912554053948,0.0330912554053948,0.0772129292792546,0.1323650216215794
pitch_types,axis,mean,2023.0,1,FA,681,196.1007587008755,1141.5852337302977,56.37259310913158,,1141.0596233402498,0.0494037226066336,0.0494037226066336,0.1152753527488118,0.1976148904265346
pitch_types,axis,mean,2021.0,14,FA,352,201.52604842338303,896.9954684769947,39.88759976285549,,896.533352696961,0.0444909267935935,0.0444909267935935,0.103812162518385,0.1779637071743743
pitch_types,axis,mean,2024.0,1,CH,410,200.72631090271477,3303.260759896454,113.44771424542934,,3301.748096986052,0.0343598938843906,0.0343598938843906,0.0801730857302447,0.1374395755375624
pitch_types,axis,mean,2022.0,11,FA,424,193.37114268434507,1130.5774174544886,40.10130020599568,,1130.006218000249,0.0354876810120232,0.0354876810120232,0.0828045890280543,0.1419507240480931
pitch_types,axis,mean,2020.0,1,SW,57,128.41681221554575,10944.768338570271,801.176340345485,,10932.15935368296,0.0732861930040907,0.0732861930040907,0.171001117009545,0.2931447720163628
pitch_types,axis,mean,2021.0,14,CH,209,210.2170171541329,2196.117710036872,44.497090160650906,,2195.218829232826,0.0202700020463114,0.0202700020463114,0.0472966714413934,0.0810800081852459
pitch_types,axis,mean,2021.0,14,SI,76,209.65247831113751,1365.8976256562112,38.046894121456376,,1365.331347573942,0.0278664180596614,0.0278664180596614,0.06502164213921,0.1114656722386457
pitch_types,axis,mean,2024.0,14,SI,109,212.08741212278656,1335.1433860800882,60.4995640687368,,1334.1826920107962,0.0453457869233453,0.0453457869233453,0.1058068361544723,0.1813831476933812
pitch_types,axis,mean,2023.0,11,CH,612,203.5752490936056,3190.0689169752795,251.70521499410415,,3186.013737955685,0.0790031794262166,0.0790031794262166,0.1843407519945054,0.3160127177048665
pitch_types,axis,mean,2025.0,16,SL,43,134.60753337755338,4987.646453577601,2425.758282856284,,4905.967173535643,0.4944505735671449,0.4944505735671449,1.1537180049900049,1.97780229426858
pitch_types,axis,mean,2024.0,11,SL,834,163.36044334850757,2897.180861465633,2877.634067968628,,2860.671332308879,1.005929634581984,1.005929634581984,2.3471691473579632,4.023718538327937
pitch_types,axis,mean,2022.0,1,HC,29,186.5329502197888,313.2493938081935,143.97890641391592,,312.0121663742835,0.4614528596336905,0.4614528596336905,1.0767233391452775,1.845811438534762
pitch_types,axis,mean,2022.0,1,SI,387,198.24398370319943,1866.7807042468544,109.44705193728736,,1865.7830163089743,0.0586601180204777,0.0586601180204777,0.136873608714448,0.2346404720819109
pitch_types,axis,mean,2021.0,1,SW,114,122.410769432242,10929.952889957707,266.9143388156212,,10926.94804187039,0.0244271628082101,0.0244271628082101,0.056996713219157,0.0977086512328406
pitch_types,axis,mean,2022.0,11,CH,250,202.12553429047017,2997.6893526206272,242.8775133306753,,2993.4112485003097,0.0811373690976661,0.0811373690976661,0.1893205278945543,0.3245494763906646
pitch_types,axis,mean,2025.0,16,SI,14,208.5535639452912,1756.4071027777914,115.62486405141368,,1752.1174862604448,0.0659915016875909,0.0659915016875909,0.1539801706043787,0.2639660067503636
pitch_types,axis,mean,2024.0,11,HC,41,187.6358475829079,572.0615090379756,585.9525505500002,,564.3766859848747,1.0382295461540445,1.0382295461540445,2.42253560769277,4.152918184616178
pitch_types,axis,mean,2025.0,14,FA,376,201.25592721296877,992.8208888704444,123.25624509498304,,991.2393016456214,0.1243455993828707,0.1243455993828707,0.2901397318933651,0.4973823975314831
pitch_types,axis,mean,2024.0,1,FA,671,196.71794329545065,1164.2190383108734,62.15144333607935,,1163.632373754687,0.0534115797548117,0.0534115797548117,0.124627019427894,0.2136463190192469
pitch_types,axis,mean,2025.0,11,CH,611,209.4269443320944,3082.116341834801,184.42084973556857,,3078.8810951411942,0.0598986592975625,0.0598986592975625,0.1397635383609792,0.23959463719025
pitch_types,axis,mean,2025.0,14,CU,97,93.22564725642516,11489.607337623514,1559.1153269509148,,11460.465678617898,0.1360429297266513,0.1360429297266513,0.3174335026955199,0.5441717189066055
pitch_types,axis,mean,2024.0,1,SL,593,158.50144083959285,3482.969711691002,1749.7218919626032,,3464.335190454348,0.50506714730832,0.50506714730832,1.17849001038608,2.02026858923328
pitch_types,axis,mean,2021.0,14,CU,127,89.72505598698517,11295.54571180995,695.2990331804333,,11282.000293746758,0.0616290564684539,0.0616290564684539,0.1438011317597259,0.2465162258738159
pitch_types,axis,mean,2024.0,14,SW,82,114.58644740884506,8475.070099683287,603.8803883083468,,8465.81250422924,0.0713316516290277,0.0713316516290277,0.1664405204677313,0.2853266065161108
pitch_types,axis,mean,2025.0,11,SW,435,118.01178613907048,9226.302320982744,808.0758099097385,,9214.649729777895,0.0876946854852632,0.0876946854852632,0.2046209327989475,0.3507787419410529
pitch_types,axis,mean,2021.0,1,HC,27,182.60542369460416,625.9503510193016,162.50361934873305,,624.6890197956039,0.2601352260071798,0.2601352260071798,0.6069821940167529,1.0405409040287192
pitch_types,axis,mean,2022.0,1,FA,688,197.100277151442,1117.2594954579831,41.40009460727318,,1116.8733863961963,0.0370678495087598,0.0370678495087598,0.0864916488537729,0.1482713980350393
pitch_types,axis,mean,2025.0,14,SI,105,212.32271766015515,1175.4383522450812,112.23885334540635,,1173.532064911724,0.0956419144404454,0.0956419144404454,0.2231644670277059,0.3825676577617817
pitch_types,axis,mean,2022.0,14,CU,89,102.22502862099128,13664.168363477693,487.6623430574706,,13655.548692230172,0.0357116622735887,0.0357116622735887,0.0833272119717071,0.142846649094355
pitch_types,axis,mean,2024.0,11,FS,102,220.88555155047123,2037.5171440570243,251.9509328092941,,2033.60447349346,0.1238937738843956,0.1238937738843956,0.2890854723969231,0.4955750955375825
pitch_types,axis,mean,2021.0,1,CH,452,200.18895503734285,2898.407028886118,104.94022944785628,,2896.927772796774,0.0362246620137664,0.0362246620137664,0.0845242113654549,0.1448986480550657
pitch_types,axis,mean,2022.0,11,HC,13,178.87740660209886,570.2196995974429,172.23958221485466,,567.8861479829345,0.3032994955531661,0.3032994955531661,0.7076988229573876,1.2131979822126644
pitch_types,axis,mean,2020.0,1,SI,289,196.22238633240397,1741.0399432583135,275.6251687834864,,1737.1815688590416,0.1586622686565305,0.1586622686565305,0.3702119601985711,0.634649074626122
pitch_types,axis,mean,2024.0,14,FS,11,237.59880767783235,1502.2850181535655,818.443291529765,,1486.5728626316757,0.550557131845443,0.550557131845443,1.2846333076393668,2.202228527381772
pitch_types,axis,mean,2024.0,14,SL,256,155.40292946180662,4510.59918723401,3438.8959547153845,,4457.728849038102,0.7714457453950875,0.7714457453950875,1.8000400725885373,3.08578298158035
pitch_types,axis,mean,2021.0,14,SW,27,97.87316657280414,6915.924872480597,368.20206540291815,,6910.320873596939,0.0532829187150701,0.0532829187150701,0.1243268103351636,0.2131316748602805
pitch_types,axis,mean,2023.0,14,SL,237,147.90292178756434,4831.185115287034,3100.414675082806,,4778.255167313113,0.6488591685709864,0.6488591685709864,1.514004726665635,2.595436674283946
pitch_types,axis,mean,2025.0,14,FS,28,220.21012076150157,2375.3047388705018,1027.6600595965542,,2356.266907049458,0.4361390708845463,0.4361390708845463,1.0176578320639411,1.7445562835381854
pitch_types,axis,mean,2023.0,16,FA,24,204.92625465763228,1264.6890683161364,19.2583144581112,,1264.0118961401322,0.01523586488143,0.01523586488143,0.0355503513900033,0.06094345952572
pitch_types,axis,mean,2024.0,1,CU,298,115.11401217298412,15554.89703591489,604.2284163068142,,15547.108495502824,0.0388643596641519,0.0388643596641519,0.0906835058830212,0.1554574386566078
pitch_types,axis,mean,2022.0,1,SW,228,116.70898853952214,9945.98777220072,243.1962328975378,,9942.969663273612,0.0244591144430252,0.0244591144430252,0.0570712670337256,0.0978364577721011
pitch_types,axis,mean,2021.0,1,FA,716,195.2634595347573,1104.8242438209988,40.31706818222206,,1104.4626885873272,0.0365037846899019,0.0365037846899019,0.0851754976097713,0.1460151387596079
pitch_types,axis,mean,2024.0,16,FA,12,216.3471792036626,54.57398916650936,19.349380308990693,,53.96551978623592,0.3585508003190922,0.3585508003190922,0.8366185340778819,1.434203201276369
pitch_types,axis,mean,2023.0,1,SI,407,198.37638215656068,1810.8416677921407,139.5588118112478,,1809.512141336264,0.07712510384605,0.07712510384605,0.1799585756407835,0.3085004153842003
pitch_types,axis,mean,2021.0,1,SI,376,195.39304091405404,1865.528518195015,92.11984635953856,,1864.5867501947105,0.0494049667305202,0.0494049667305202,0.1152782557045472,0.197619866922081
pitch_types,axis,mean,2024.0,11,SI,519,202.1106710438414,1750.062883471072,146.75756272759392,,1748.0748068723524,0.0839538228859735,0.0839538228859735,0.1958922534006049,0.3358152915438943
pitch_types,axis,mean,2024.0,14,CU,90,89.43271420213983,11333.226757670924,746.0636821409646,,11320.690585146644,0.0659026652596477,0.0659026652596477,0.1537728856058446,0.2636106610385908
pitch_types,axis,mean,2021.0,1,SL,616,157.1379459171836,4509.845568261831,1877.3334572081235,,4491.272813018391,0.4179958633923305,0.4179958633923305,0.9753236812487712,1.6719834535693223
pitch_types,axis,mean,2025.0,14,SW,78,97.31414768013715,5202.972067000088,1341.8808995830382,,5180.332406306467,0.2590337442341441,0.2590337442341441,0.6044120698796697,1.0361349769365766
pitch_types,axis,mean,2023.0,1,SL,583,157.7881686892966,3671.485326541574,1890.943774679311,,3652.8554402485897,0.5176618143286353,0.5176618143286353,1.2078775667668158,2.0706472573145414
pitch_types,axis,mean,2023.0,11,SL,824,159.1518767395765,3485.481273806592,2300.354583828958,,3454.9465100400607,0.6658148185924548,0.6658148185924548,1.5535679100490614,2.66325927436982
pitch_types,axis,mean,2023.0,14,SW,84,116.15313058734152,8084.1124781202525,681.9323496328379,,8073.143365885789,0.0844692480644453,0.0844692480644453,0.1970949121503724,0.3378769922577813
pitch_types,axis,mean,2022.0,1,SL,575,155.2671401117399,4156.061625568421,1840.6017300980968,,4137.528125569173,0.444855400190155,0.444855400190155,1.0379959337770284,1.77942160076062
pitch_types,axis,mean,2025.0,11,SI,564,202.2003083694303,1712.6820758337194,193.3564380935273,,1709.9489738943923,0.1130773146131722,0.1130773146131722,0.2638470674307352,0.4523092584526891
pitch_types,axis,mean,2021.0,16,FA,25,204.055096412867,682.0950724119917,19.20108297712384,,681.4350396465269,0.0281774224393917,0.0281774224393917,0.0657473190252473,0.1127096897575669
pitch_types,axis,mean,2025.0,1,FS,101,221.9129460177191,1739.4614909687953,150.54837282619846,,1737.7741190087163,0.086632877759784,0.086632877759784,0.202143381439496,0.346531511039136
pitch_types,axis,mean,2023.0,14,SI,93,210.97592192303264,1553.621913338587,48.91160508238399,,1552.7812213891486,0.0314993538102081,0.0314993538102081,0.073498492223819,0.1259974152408327
pitch_types,axis,mean,2021.0,1,CU,378,113.6484670184764,15335.951714385545,709.0090907327846,,15326.37551604831,0.0462607150653706,0.0462607150653706,0.1079416684858649,0.1850428602614827
pitch_types,axis,mean,2025.0,1,CU,304,110.07594790463811,14452.824386919345,385.9171427649719,,14448.53072079894,0.0267097845602692,0.0267097845602692,0.0623228306406283,0.1068391382410771
pitch_types,axis,mean,2024.0,14,CH,205,212.17090278291005,2534.235804303823,59.455140316824895,,2533.0959507610505,0.0234713336851539,0.0234713336851539,0.0547664452653592,0.0938853347406157
pitch_types,axis,mean,2023.0,1,CU,299,112.42512043144896,14922.6544856197,1039.9020438178206,,14909.220795051026,0.0697489196861989,0.0697489196861989,0.1627474792677974,0.2789956787447956
pitch_types,axis,mean,2024.0,14,FA,342,202.12814392368855,1070.4802469591962,66.27401960654099,,1069.685883940458,0.0619565244353827,0.0619565244353827,0.1445652236825597,0.247826097741531
pitch_types,axis,mean,2025.0,1,SI,454,198.053037902374,1788.5090250666951,109.1364786148174,,1787.333461783904,0.0610610616028473,0.0610610616028473,0.1424758104066438,0.2442442464113894
pitch_types,axis,mean,2022.0,14,SL,241,146.2663926525589,6077.56782277494,1870.4212107750063,,6047.438856771223,0.3092914628943664,0.3092914628943664,0.7216800800868549,1.237165851577466
pitch_types,axis,mean,2024.0,1,HC,38,186.6008187790544,590.336534198213,138.9401687734733,,589.2283565107562,0.2358002075735759,0.2358002075735759,0.5502004843383439,0.9432008302943038
pitch_types,axis,mean,2023.0,14,FA,342,199.30191607065743,1081.6654636974165,39.97850065246265,,1081.1321664535374,0.0369783657289608,0.0369783657289608,0.0862828533675752,0.1479134629158432
pitch_types,axis,mean,2025.0,1,HC,39,186.42866957343944,570.661209824422,113.36502603901752,,569.5470348927172,0.1990441861581661,0.1990441861581661,0.4644364343690542,0.7961767446326645
pitch_types,spin_efficiency,mean,2022.0,11,SL,333,0.177809006613073,0.0064915643811924,0.0069871227155638,,0.0063748774570449,1.0960403180522784,1.0960403180522784,2.5574274087886497,4.384161272209114
pitch_types,spin_efficiency,mean,2022.0,11,FS,21,0.5391478514766666,0.0188607234092852,0.0416994151307944,,0.0179226857690791,2.3266275862926613,2.3266275862926613,5.428797701349543,9.306510345170643
pitch_types,spin_efficiency,mean,2023.0,11,CH,612,0.7040268954240176,0.0141430447356723,0.0214326301495618,,0.0137977473523056,1.5533427016969117,1.5533427016969117,3.62446630395946,6.213370806787647
pitch_types,spin_efficiency,mean,2021.0,1,SW,114,0.4687454115227256,0.0168761477131486,0.0225950043029292,,0.0166217793799828,1.359361340708194,1.359361340708194,3.171843128319119,5.437445362832776
pitch_types,spin_efficiency,mean,2016.0,1,SI,405,0.7844819642872661,0.0041998725769577,0.0110824911442784,,0.0040907652123073,2.7091486724625664,2.7091486724625664,6.321346902412655,10.836594689850266
pitch_types,spin_efficiency,mean,2015.0,1,CU,353,0.8704331868044134,0.0109224070805539,0.0148251377610542,,0.0107325991323474,1.3813185024652717,1.3813185024652717,3.2230765057523003,5.525274009861087
pitch_types,spin_efficiency,mean,2019.0,1,SL,581,0.1728941961766919,0.0070157884707086,0.005774233520602,,0.0069593094911076,0.829713569712653,0.829713569712653,1.9359983293295235,3.318854278850612
pitch_types,spin_efficiency,mean,2019.0,1,HC,31,0.2794927929530579,0.0091010491843183,0.0064972766514707,,0.0090538035701297,0.7176295135125867,0.7176295135125867,1.6744688648627024,2.870518054050347
pitch_types,spin_efficiency,mean,2022.0,11,SW,126,0.4293970392842316,0.0154205306197783,0.0215165814520454,,0.0150675424974989,1.4280086786293766,1.4280086786293766,3.332020250135212,5.7120347145175066
pitch_types,spin_efficiency,mean,2021.0,1,CH,452,0.74857478935155,0.0155776541042471,0.0193474304440789,,0.0153049292927221,1.2641306649668196,1.2641306649668196,2.949638218255912,5.056522659867278
pitch_types,spin_efficiency,mean,2023.0,1,CU,299,0.5046063953550382,0.038131490127193,0.0165205094694582,,0.0379180944773541,0.4356893376940346,0.4356893376940346,1.016608454619414,1.7427573507761385
pitch_types,spin_efficiency,mean,2018.0,1,CU,363,0.478851988367241,0.0413721965807186,0.0159099787563374,,0.0411811329813782,0.3863414531001817,0.3863414531001817,0.9014633905670908,1.545365812400727
pitch_types,spin_efficiency,mean,2021.0,14,CU,127,0.4327703424123381,0.0308050931007102,0.0188724573263968,,0.0304374306818564,0.6200410778314014,0.6200410778314014,1.4467625149399366,2.4801643113256056
pitch_types,spin_efficiency,mean,2025.0,11,FA,1015,0.6920233410588346,0.018041629533586,0.0139159333815784,,0.0178862067919095,0.7780259695908821,0.7780259695908821,1.8153939290453915,3.1121038783635284
pitch_types,spin_efficiency,mean,2022.0,14,CH,216,0.7088263109342565,0.0121559227479773,0.0231200179231329,,0.0116999644153789,1.9760759180380876,1.9760759180380876,4.610843808755537,7.904303672152349
pitch_types,spin_efficiency,mean,2024.0,11,SL,834,0.1619265197265968,0.0051298033322562,0.0069962641567118,,0.0050410393323227,1.387861449890376,1.387861449890376,3.238343383077544,5.551445799561504
pitch_types,spin_efficiency,mean,2022.0,1,SW,228,0.446922184110904,0.0171590511886928,0.0232750251651104,,0.0168702039463136,1.379652862477477,1.379652862477477,3.2191900124474464,5.518611449909908
pitch_types,spin_efficiency,mean,2024.0,11,SW,406,0.4054987445637144,0.0145113139934647,0.0218285081497474,,0.0142186654539223,1.535200910414963,1.535200910414963,3.582135457634914,6.140803641659853
pitch_types,spin_efficiency,mean,2024.0,1,CH,411,0.7213835550195736,0.0147425747844005,0.0187383956181349,,0.0144917945653166,1.2930348642245977,1.2930348642245977,3.0170813498573947,5.172139456898392
pitch_types,spin_efficiency,mean,2024.0,11,CH,559,0.7002177756416779,0.0148074496696563,0.0211283810325789,,0.0144669329101132,1.4604602899491526,1.4604602899491526,3.407740676548023,5.84184115979661
pitch_types,spin_efficiency,mean,2022.0,14,SI,89,0.7590885658102743,0.0138588176877449,0.0196815614068869,,0.0135334662178509,1.454288287277547,1.454288287277547,3.393339336980944,5.817153149110189
pitch_types,spin_efficiency,mean,2025.0,1,SI,454,0.7685847152560198,0.0161387388425752,0.0164868362788111,,0.0159612297149388,1.032930204831299,1.032930204831299,2.410170477939697,4.131720819325196
pitch_types,spin_efficiency,mean,2017.0,1,SL,552,0.1931921235875482,0.0072160647798625,0.0099484779795832,,0.0071143764969432,1.3983625949312233,1.3983625949312233,3.2628460548395206,5.593450379724894
pitch_types,spin_efficiency,mean,2019.0,1,FA,703,0.6709247376038953,0.0190972451712214,0.0122606493352687,,0.0189938459234654,0.6455064121648794,0.6455064121648794,1.5061816283847185,2.582025648659518
pitch_types,spin_efficiency,mean,2023.0,1,FS,82,0.6303652465792868,0.0258514827510498,0.0363680716083436,,0.025350772225338,1.4345942318867029,1.4345942318867029,3.347386541068973,5.738376927546812
pitch_types,spin_efficiency,mean,2021.0,1,FA,716,0.7151843944519614,0.0190919918094634,0.0129739806005543,,0.0189756438010595,0.6837175453214329,0.6837175453214329,1.5953409390833435,2.734870181285732
pitch_types,spin_efficiency,mean,2024.0,14,SI,109,0.7253846126071816,0.0131289463249163,0.0189869202115105,,0.0128274462740962,1.48017928165895,1.48017928165895,3.453751657204217,5.9207171266358
pitch_types,spin_efficiency,mean,2021.0,1,HC,27,0.3192847074816484,0.0171445412086317,0.0083443059184193,,0.0170797738290671,0.4885489703744567,0.4885489703744567,1.139947597540399,1.9541958814978269
pitch_types,spin_efficiency,mean,2023.0,14,CU,99,0.4867020039791238,0.0351947990358838,0.0180834577968688,,0.0348781380384929,0.5184754351539971,0.5184754351539971,1.2097760153593264,2.0739017406159883
pitch_types,spin_efficiency,mean,2023.0,1,FA,681,0.7095177784577209,0.0173401631007756,0.012862010072017,,0.017220273163015,0.7469109200684138,0.7469109200684138,1.7427921468262986,2.987643680273655
pitch_types,spin_efficiency,mean,2022.0,14,SL,241,0.1823648865664462,0.0097633462803705,0.008770858772382,,0.0096220642502833,0.9115360845905546,0.9115360845905546,2.1269175307112937,3.6461443383622174
pitch_types,spin_efficiency,mean,2025.0,1,HC,39,0.3466294459283809,0.0187135940021874,0.0077106038872971,,0.0186378125918203,0.4137075555036488,0.4137075555036488,0.965317629508514,1.6548302220145956
pitch_types,spin_efficiency,mean,2016.0,1,FS,63,0.6351340224255443,0.0069672958310082,0.0194196491059176,,0.0067137182642729,2.892532623726459,2.892532623726459,6.749242788695071,11.570130494905836
pitch_types,spin_efficiency,mean,2025.0,14,FS,28,0.6207895441185386,0.0164405569449416,0.046223924962608,,0.0155842394289216,2.966068711497354,2.966068711497354,6.920826993493825,11.864274845989415
pitch_types,spin_efficiency,mean,2017.0,1,FA,636,0.7116881924683718,0.0168827699273035,0.0236068909820331,,0.0167016751142322,1.4134445090430905,1.4134445090430905,3.2980371877672106,5.653778036172361
pitch_types,spin_efficiency,mean,2023.0,11,SI,501,0.7310850323705971,0.0147692282488393,0.0183789143238299,,0.014541891764583,1.2638599311123977,1.2638599311123977,2.9490065059289274,5.05543972444959
pitch_types,spin_efficiency,mean,2025.0,16,SL,43,0.1774865795390081,0.0091998333236937,0.0085799262577379,,0.00891093306331,0.9628538556826386,0.9628538556826386,2.2466589965928234,3.851415422730555
pitch_types,spin_efficiency,mean,2022.0,11,CH,250,0.6858418391583244,0.0143861603183294,0.022271040928113,,0.0139938727382578,1.5914851695932797,1.5914851695932797,3.713465395717652,6.365940678373119
pitch_types,spin_efficiency,mean,2016.0,1,XX,251,0.7378765302877736,0.0057458718461332,0.0345408073448151,,0.0047694093573917,7.242156157404068,7.242156157404068,16.89836436727616,28.968624629616272
pitch_types,spin_efficiency,mean,2015.0,1,HC,58,0.5192834511957723,0.0085474114580152,0.0117718780171653,,0.0084430231803807,1.3942728529420545,1.3942728529420545,3.25330332353146,5.577091411768218
pitch_types,spin_efficiency,mean,2024.0,14,CU,90,0.4469544211184269,0.0355776160726268,0.0186962232716855,,0.0352634618173041,0.5301868366908643,0.5301868366908643,1.23710261894535,2.1207473467634577
pitch_types,spin_efficiency,mean,2020.0,1,FS,49,0.6147265539467134,0.0298933436933069,0.0314509380213202,,0.0293678190731625,1.0709320274334322,1.0709320274334322,2.498841397344675,4.283728109733729
pitch_types,spin_efficiency,mean,2022.0,11,CU,153,0.4865721995125237,0.0439837123861278,0.0191812866840081,,0.0436616943962005,0.4393161316633956,0.4393161316633956,1.025070973881257,1.757264526653583
pitch_types,spin_efficiency,mean,2015.0,1,FS,68,0.6117353049482855,0.007715180441456,0.0180846279798101,,0.0074863944419431,2.4156659283792905,2.4156659283792905,5.636553832885011,9.662663713517162
pitch_types,spin_efficiency,mean,2015.0,1,XX,81,0.7502531770523271,0.0079173597342784,0.04178395409591,,0.0066121303476076,6.319287718069245,6.319287718069245,14.745004675494904,25.27715087227698
pitch_types,spin_efficiency,mean,2019.0,1,SW,43,0.4935227894819591,0.0178272303363658,0.023585462916954,,0.0176361041702004,1.3373397372423224,1.3373397372423224,3.120459386898752,5.349358948969289
pitch_types,spin_efficiency,mean,2019.0,1,CU,373,0.4697239572684267,0.0432772291669544,0.0151475183009642,,0.0430986334327236,0.3514616843851753,0.3514616843851753,0.820077263565409,1.405846737540701
pitch_types,spin_efficiency,mean,2017.0,1,HC,37,0.3319035698945333,0.0139442866253286,0.0164630754120624,,0.0138294620159532,1.1904349853285106,1.1904349853285106,2.777681632433191,4.761739941314042
pitch_types,spin_efficiency,mean,2025.0,1,CH,421,0.7201774863793121,0.0178506485746849,0.0213226484888244,,0.0175675708078811,1.213750536258475,1.213750536258475,2.8320845846031086,4.8550021450339
pitch_types,spin_efficiency,mean,2021.0,16,FA,25,0.7538105420355729,0.0227726822279526,0.0178945928457854,,0.0221575597571554,0.8076066607473162,0.8076066607473162,1.8844155417437376,3.2304266429892654
pitch_types,spin_efficiency,mean,2024.0,1,CU,298,0.5161743827788344,0.0396542352266379,0.0163994334199832,,0.0394431235333372,0.4157742072866646,0.4157742072866646,0.9701398170022172,1.6630968291466586
pitch_types,spin_efficiency,mean,2024.0,11,SI,519,0.7377333037121946,0.0143449937068146,0.0181847259438255,,0.0140986511849635,1.2898202604813622,1.2898202604813622,3.0095806077898453,5.159281041925449
pitch_types,spin_efficiency,mean,2023.0,1,CH,435,0.7375337752959826,0.0162825960397712,0.0185478894669074,,0.0160246480323253,1.1574600221790945,1.1574600221790945,2.7007400517512203,4.629840088716378
pitch_types,spin_efficiency,mean,2021.0,1,CU,378,0.5156319808938904,0.0436910574686571,0.0160194639903226,,0.0434746913226759,0.3684779236596234,0.3684779236596234,0.8597818218724546,1.4739116946384936
pitch_types,spin_efficiency,mean,2024.0,11,FS,102,0.6064141398576021,0.0152578981949275,0.0406489177417741,,0.014626641060391,2.779101338027053,2.779101338027053,6.4845697887297895,11.116405352108211
pitch_types,spin_efficiency,mean,2024.0,1,HC,38,0.3239473756617396,0.0119678902349439,0.0093063111869447,,0.0118940874740026,0.7824317088037195,0.7824317088037195,1.825673987208679,3.1297268352148784
pitch_types,spin_efficiency,mean,2019.0,1,SI,377,0.7606906073636027,0.0148757947085682,0.0149676006568848,,0.0147364017614563,1.015688965269207,1.015688965269207,2.369940918961483,4.062755861076828
pitch_types,spin_efficiency,mean,2023.0,11,HC,34,0.2991533005783975,0.0157178533021019,0.0080608310566049,,0.0156409328357408,0.5153676664466754,0.5153676664466754,1.2025245550422423,2.0614706657867017
pitch_types,spin_efficiency,mean,2023.0,14,CH,187,0.6886289439408462,0.011944490221319,0.0211599373371242,,0.0115722849409235,1.8285012376678884,1.8285012376678884,4.26650288789174,7.314004950671554
pitch_types,spin_efficiency,mean,2024.0,16,FA,12,0.72609064091762,0.0174479740987761,0.0167920092395241,,0.0169199249678811,0.9924399352479494,0.9924399352479494,2.315693182245215,3.969759740991798
pitch_types,spin_efficiency,mean,2025.0,14,CH,178,0.6776322604446772,0.0163321462890529,0.0251253565319282,,0.0158385191827496,1.5863450517074444,1.5863450517074444,3.7014717873173706,6.345380206829779
pitch_types,spin_efficiency,mean,2015.0,1,SI,409,0.7730570817134558,0.0044309285463165,0.0108224214647725,,0.0043295843973184,2.499644416557724,2.499644416557724,5.832503638634689,9.998577666230895
pitch_types,spin_efficiency,mean,2018.0,1,FS,59,0.5821186122573581,0.021031768113659,0.0333344628355245,,0.0205586945910166,1.6214289622304303,1.6214289622304303,3.783334245204338,6.485715848921723
pitch_types,spin_efficiency,mean,2021.0,14,SL,242,0.1708748109421507,0.0067665109782741,0.0069653066119955,,0.0066580304643188,1.0461512078269066,1.0461512078269066,2.441019484929449,4.1846048313076265
pitch_types,spin_efficiency,mean,2022.0,1,HC,29,0.3438863219163775,0.0274368641546377,0.0095430978181397,,0.0273548592087803,0.3488629842801962,0.3488629842801962,0.8140136299871246,1.395451937120785
pitch_types,spin_efficiency,mean,2021.0,14,XX,11,0.5852702339889376,0.0171755606146931,0.0730658689760492,,0.014900954382524,4.903435518314291,4.903435518314291,11.441349542733343,19.613742073257164
pitch_types,spin_efficiency,mean,2022.0,11,SI,205,0.7428628838989858,0.0126411763556392,0.0194777502013357,,0.0123053602750613,1.5828671218030352,1.5828671218030352,3.6933566175404153,6.331468487212142
pitch_types,spin_efficiency,mean,2015.0,1,CH,385,0.7163060435507612,0.0083035055268676,0.0139864554997827,,0.0081227081434855,1.7218956107637613,1.7218956107637613,4.017756425115443,6.887582443055046
pitch_types,spin_efficiency,mean,2022.0,1,SL,575,0.1758274742119047,0.0065390570592326,0.0062913382657634,,0.006475707929523,0.9715290334638044,0.9715290334638044,2.2669010780822103,3.886116133855218
pitch_types,spin_efficiency,mean,2023.0,11,FA,945,0.6989562530913453,0.0191036186365654,0.0142923903312692,,0.0189560707016572,0.7539743101939183,0.7539743101939183,1.7592733904524758,3.015897240775673
pitch_types,spin_efficiency,mean,2018.0,1,SL,557,0.1827512323901876,0.0076959032330739,0.0064561812668055,,0.0076289674591338,0.8462719629346163,0.8462719629346163,1.9746345801807712,3.385087851738465
pitch_types,spin_efficiency,mean,2025.0,14,CU,97,0.4400073852230979,0.0372545041418959,0.0212857514745088,,0.0368567107545308,0.5775271596066693,0.5775271596066693,1.3475633724155618,2.3101086384266774
pitch_types,spin_efficiency,mean,2016.0,1,CH,412,0.7297894069576568,0.0075379170583651,0.0151852732885115,,0.007313528864286,2.0763264315076886,2.0763264315076886,4.84476167351794,8.305305726030754
pitch_types,spin_efficiency,mean,2025.0,1,SW,323,0.4232143807000585,0.015079206381633,0.0206323539987927,,0.0148365612198554,1.3906425952114052,1.3906425952114052,3.2448327221599453,5.562570380845621
pitch_types,spin_efficiency,mean,2023.0,11,SW,410,0.4048298199468397,0.0133876712653037,0.0215269001133647,,0.0130950397911258,1.6438972661963864,1.6438972661963864,3.835760287791568,6.575589064785547
pitch_types,spin_efficiency,mean,2016.0,1,FA,619,0.7591236839599846,0.0064771556666893,0.0112879224327995,,0.0063945804802029,1.7652326791016013,1.7652326791016013,4.11887625123707,7.060930716406406
pitch_types,spin_efficiency,mean,2025.0,16,SI,14,0.740040179680941,0.0162191281837322,0.0172876099262652,,0.0155777677143078,1.1097616964969237,1.1097616964969237,2.5894439584928213,4.439046785987694
pitch_types,spin_efficiency,mean,2021.0,14,SW,27,0.3691137499982196,0.0122666442400412,0.0219415422164779,,0.0119326961456645,1.8387749045675537,1.8387749045675537,4.290474777324292,7.355099618270215
pitch_types,spin_efficiency,mean,2018.0,1,CH,419,0.7054150733103679,0.016521856664471,0.0191788737666805,,0.0162504717442715,1.180204123824361,1.180204123824361,2.7538096222568424,4.720816495297444
pitch_types,spin_efficiency,mean,2022.0,11,HC,13,0.2680371074917731,0.0105799463545731,0.0073737651263603,,0.0104800444545896,0.7036005580234944,0.7036005580234944,1.6417346353881537,2.8144022320939777
pitch_types,spin_efficiency,mean,2025.0,11,SI,564,0.7330888079148389,0.0143078638057215,0.01915092146758,,0.0140371646703887,1.3643012614918426,1.3643012614918426,3.1833696101476323,5.45720504596737
pitch_types,spin_efficiency,mean,2023.0,14,SI,93,0.7314309557439209,0.0102313546612321,0.018490621301864,,0.0099135381340008,1.8651889014726253,1.8651889014726253,4.352107436769459,7.460755605890501
pitch_types,spin_efficiency,mean,2020.0,1,CH,325,0.7259212137204866,0.0152886035064646,0.0185194198858341,,0.0149260160862713,1.2407476836949165,1.2407476836949165,2.895077928621472,4.962990734779666
pitch_types,spin_efficiency,mean,2020.0,1,FA,569,0.7136246740689862,0.0213123249015598,0.0122029024737061,,0.0211595589597978,0.5767087346617681,0.5767087346617681,1.3456537142107925,2.3068349386470723
pitch_types,spin_efficiency,mean,2021.0,14,FA,352,0.7518236850335729,0.0247955844319051,0.0162711796267305,,0.0246070754990543,0.6612398790484412,0.6612398790484412,1.5428930511130294,2.644959516193765
pitch_types,spin_efficiency,mean,2024.0,14,FS,11,0.5900374883019828,0.0305793669049466,0.0617208018622162,,0.029394474991443,2.099741597024049,2.099741597024049,4.899397059722781,8.398966388096197
pitch_types,spin_efficiency,mean,2022.0,14,FA,346,0.7726044352027248,0.0240455724704859,0.0170631017294822,,0.0238395373816358,0.7157480221334447,0.7157480221334447,1.6700787183113708,2.8629920885337787
pitch_types,spin_efficiency,mean,2023.0,1,HC,34,0.3332500820533323,0.0180322282841658,0.0090218677532879,,0.0179498028906678,0.5026165361391481,0.5026165361391481,1.1727719176580125,2.010466144556593
pitch_types,spin_efficiency,mean,2022.0,1,FS,63,0.6388828211785407,0.0230710910027986,0.0351431279713757,,0.0225680653618117,1.5572060523558562,1.5572060523558562,3.633480788830331,6.228824209423425
pitch_types,spin_efficiency,mean,2018.0,1,FA,683,0.6819214539563163,0.0174476148409562,0.0129198507594491,,0.0173384373124016,0.7451565862978898,0.7451565862978898,1.7386987013617428,2.98062634519156
pitch_types,spin_efficiency,mean,2023.0,11,SL,824,0.1699625163925352,0.0056934876270252,0.0064592823181636,,0.0056077475150125,1.1518497045152944,1.1518497045152944,2.687649310535687,4.607398818061178
pitch_types,spin_efficiency,mean,2015.0,1,FA,607,0.7481086786035176,0.0074882375728195,0.0109474825486311,,0.0074137050106508,1.4766547270094506,1.4766547270094506,3.4455276963553847,5.906618908037803
pitch_types,spin_efficiency,mean,2025.0,1,FA,699,0.6979934411497206,0.0198635609610847,0.0119393607850697,,0.0197482082766832,0.6045794442611098,0.6045794442611098,1.4106853699425894,2.418317777044439
pitch_types,spin_efficiency,mean,2017.0,1,SI,388,0.7565774204306163,0.013129076702221,0.0232160455755535,,0.0129484733779426,1.7929561962957992,1.7929561962957992,4.183564458023532,7.1718247851831975
pitch_types,spin_efficiency,mean,2025.0,1,CU,304,0.5058957304089134,0.0364771586577519,0.0156996518325303,,0.036302526093046,0.4324672005548868,0.4324672005548868,1.0090901346280694,1.7298688022195474
pitch_types,spin_efficiency,mean,2023.0,14,FA,342,0.7485102371224446,0.0254359796634983,0.016363392980773,,0.0252176985315215,0.6488852644629407,0.6488852644629407,1.514065617080195,2.595541057851763
pitch_types,spin_efficiency,mean,2017.0,1,FS,51,0.5983669931841104,0.0143263070146689,0.0428793642397714,,0.0138512717621657,3.095698718214077,3.095698718214077,7.22329700916618,12.382794872856309
pitch_types,spin_efficiency,mean,2019.0,1,FS,54,0.555300540813818,0.0200338885797444,0.0333465302674894,,0.019579308252177,1.703151604642703,1.703151604642703,3.974020410832974,6.812606418570812
pitch_types,spin_efficiency,mean,2016.0,1,SW,16,0.8258175600748082,0.0107578174557569,0.0203681700955792,,0.0106231457019721,1.9173388624235848,1.9173388624235848,4.473790678988364,7.66935544969434
pitch_types,spin_efficiency,mean,2024.0,1,SW,309,0.4262539011653545,0.0162145221031272,0.0214969073258681,,0.0159737855308535,1.3457616095036813,1.3457616095036813,3.1401104221752565,5.383046438014726
pitch_types,spin_efficiency,mean,2022.0,14,SW,61,0.3976161058622434,0.0114726383548126,0.0256202921786879,,0.0111093831723289,2.3061849412578046,2.3061849412578046,5.38109819626821,9.224739765031218
pitch_types,spin_efficiency,mean,2025.0,11,SL,888,0.1596386054791155,0.0052173370686501,0.0076065099280757,,0.0051224818330524,1.4849266773373908,1.4849266773373908,3.464828913787245,5.939706709349563
pitch_types,spin_efficiency,mean,2019.0,1,CH,434,0.6958960972790974,0.0189764132399438,0.0183013889620716,,0.0187317136057095,0.9770269473100024,0.9770269473100024,2.2797295437233385,3.9081077892400096
pitch_types,spin_efficiency,mean,2023.0,14,SL,237,0.167849592616259,0.0086859341842701,0.0084181209183905,,0.0085422209236442,0.985472161588537,0.985472161588537,2.2994350437065862,3.941888646354148
pitch_types,spin_efficiency,mean,2017.0,1,SW,23,0.5193760281630426,0.0102644962805825,0.0333174917392808,,0.0100090737543629,3.3287287672106345,3.3287287672106345,7.767033790158146,13.314915068842538
pitch_types,spin_efficiency,mean,2025.0,1,SL,613,0.1586760559502216,0.0045889669151073,0.0052605843337671,,0.0045326995536046,1.1605852696730428,1.1605852696730428,2.708032295903766,4.642341078692171
pitch_types,spin_efficiency,mean,2022.0,11,XX,10,0.7045625686792901,0.0207968665883037,0.0906081032016351,,0.0182561842356888,4.963145750058007,4.963145750058007,11.580673416802016,19.852583000232027
pitch_types,spin_efficiency,mean,2025.0,11,CH,611,0.6907753859408571,0.0163716864173117,0.0231966290757988,,0.0159647540252968,1.4529900704415923,1.4529900704415923,3.3903101643637155,5.811960281766369
pitch_types,spin_efficiency,mean,2025.0,14,FA,376,0.771029634198361,0.0227334409717576,0.0160621851907935,,0.0225276941741176,0.712997303081625,0.712997303081625,1.663660373857125,2.8519892123265
pitch_types,spin_efficiency,mean,2024.0,14,CH,205,0.6900593143128851,0.0120229465666276,0.0228259146294311,,0.0115853359661189,1.970241924462533,1.970241924462533,4.597231157079244,7.880967697850134
pitch_types,spin_efficiency,mean,2016.0,1,SL,523,0.5682402302185586,0.0195802904584874,0.0309794194567008,,0.019266575891676,1.6079359213011626,1.6079359213011626,3.7518504830360455,6.43174368520465
pitch_types,spin_efficiency,mean,2021.0,14,SI,76,0.7648571094077563,0.0164425757877181,0.0162417778488962,,0.0162008382418476,1.002527005481907,1.002527005481907,2.339229679457784,4.010108021927628
pitch_types,spin_efficiency,mean,2024.0,11,FA,951,0.6960750317734763,0.020168431085057,0.0142569380812665,,0.020013173626261,0.712377674201496,0.712377674201496,1.662214573136824,2.849510696805984
pitch_types,spin_efficiency,mean,2020.0,1,HC,20,0.3223333176619222,0.0067575258410512,0.0070414815914953,,0.0066894943392179,1.0526179161575604,1.0526179161575604,2.4561084710343075,4.2104716646302425
pitch_types,spin_efficiency,mean,2015.0,1,SL,516,0.5778286430706058,0.0205355482698997,0.0314727430790126,,0.0202333529613094,1.5554882643126595,1.5554882643126595,3.629472616729539,6.22195305725064
pitch_types,spin_efficiency,mean,2020.0,1,SI,289,0.7896682056134033,0.0156615466504764,0.0149648535348691,,0.0154520592222323,0.9684698537355976,0.9684698537355976,2.259762992049728,3.873879414942391
pitch_types,spin_efficiency,mean,2021.0,14,CH,209,0.6998405741501067,0.0145318631930713,0.0201198078376619,,0.0141254251769882,1.4243682994009352,1.4243682994009352,3.3235260319355158,5.697473197603741
pitch_types,spin_efficiency,mean,2020.0,1,CU,299,0.5108283901701668,0.0506202630047314,0.0144942435659637,,0.0503507028534291,0.287865764419545,0.287865764419545,0.6716867836456051,1.15146305767818
pitch_types,spin_efficiency,mean,2020.0,1,SW,57,0.494960856317666,0.0193839943638597,0.0223194607279408,,0.019032728695068,1.1726884297848712,1.1726884297848712,2.736273002831366,4.690753719139485
pitch_types,spin_efficiency,mean,2023.0,1,SL,583,0.1706688942595116,0.0056527146627886,0.006975257393069,,0.0055840250281442,1.2491450804595017,1.2491450804595017,2.914671854405504,4.996580321838007
pitch_types,spin_efficiency,mean,2024.0,11,HC,41,0.3129324003405495,0.0131914145865904,0.0128679390077788,,0.0130226503509197,0.9881198266887355,0.9881198266887355,2.3056129289403837,3.952479306754943
pitch_types,spin_efficiency,mean,2022.0,14,CU,89,0.4955124465846927,0.0392524860754059,0.0209374642358914,,0.0388824061193884,0.5384817022795085,0.5384817022795085,1.2564573053188532,2.153926809118034
pitch_types,spin_efficiency,mean,2018.0,1,SI,393,0.7596364731121686,0.0151328777893039,0.0153722421090476,,0.0149961900921755,1.0250765037359886,1.0250765037359886,2.391845175383973,4.100306014943954
pitch_types,spin_efficiency,mean,2022.0,16,FA,27,0.7544777170572489,0.0268408536285903,0.0140449167444403,,0.026429240440362,0.5314158299831908,0.5314158299831908,1.2399702699607784,2.1256633199327637
pitch_types,spin_efficiency,mean,2023.0,1,SI,407,0.7797759206262914,0.0174082622701824,0.0158741518775019,,0.0172570649553156,0.919863946656368,0.919863946656368,2.1463492088648586,3.679455786625472
pitch_types,spin_efficiency,mean,2022.0,1,CU,320,0.5213581535791897,0.0443834166955601,0.0165993893816916,,0.0441717078159543,0.3757923386357297,0.3757923386357297,0.876848790150036,1.5031693545429192
pitch_types,spin_efficiency,mean,2021.0,1,FS,55,0.6309917976671704,0.027164320013775,0.0358311284985854,,0.026762630653938,1.338849269412646,1.338849269412646,3.1239816286295072,5.355397077650585
pitch_types,spin_efficiency,mean,2017.0,1,CU,361,0.4890801990712665,0.0400779040367146,0.022958761146621,,0.0398128347795502,0.5766673303658794,0.5766673303658794,1.3455571041870518,2.306669321463517
pitch_types,spin_efficiency,mean,2016.0,1,CU,369,0.8627099304698617,0.0128344351762105,0.0157291443801206,,0.0126384197817606,1.244549924098926,1.244549924098926,2.9039498228974936,4.978199696395704
pitch_types,spin_efficiency,mean,2022.0,1,CH,445,0.7493249756928841,0.0163937545447488,0.0198812143240124,,0.0161335330787108,1.2322914160846037,1.2322914160846037,2.875346637530742,4.929165664338415
pitch_types,spin_efficiency,mean,2025.0,14,SW,78,0.3757892861619376,0.0105236614538712,0.0265144481131742,,0.0100767015847456,2.631262610109686,2.631262610109686,6.1396127569226,10.525050440438743
pitch_types,spin_efficiency,mean,2016.0,1,HC,49,0.5391028878660042,0.0087763489355186,0.0139230829345591,,0.0086634629425004,1.607103652080805,1.607103652080805,3.749908521521879,6.428414608323221
pitch_types,spin_efficiency,mean,2025.0,16,FA,131,0.695451151135908,0.0293097502758999,0.0170920542616615,,0.0287804995191032,0.593876219914686,0.593876219914686,1.3857111798009338,2.3755048796587444
pitch_types,spin_efficiency,mean,2021.0,1,SL,616,0.1790102169748324,0.0076613908652212,0.0059259070838914,,0.0076027649341475,0.7794410500942166,0.7794410500942166,1.818695783553172,3.117764200376867
pitch_types,spin_efficiency,mean,2025.0,11,SW,435,0.4150993946225904,0.013985226858232,0.024108768424582,,0.013637574299575,1.767819400649081,1.767819400649081,4.124911934847856,7.071277602596324
pitch_types,spin_efficiency,mean,2024.0,1,FA,671,0.7037739661162629,0.0174964630757112,0.0123815739483347,,0.0173799274593316,0.7124065377894828,0.7124065377894828,1.6622819215087932,2.8496261511579317
pitch_types,spin_efficiency,mean,2023.0,16,FA,24,0.7593800573992072,0.0273840664429353,0.0148289122458895,,0.0268626435118077,0.5520272879834524,0.5520272879834524,1.288063671961389,2.2081091519338094
pitch_types,spin_efficiency,mean,2022.0,1,FA,688,0.719016441636655,0.0202003884987164,0.0133723089201496,,0.0200756745409329,0.6660951238716494,0.6660951238716494,1.5542219557005152,2.664380495486597
pitch_types,spin_efficiency,mean,2024.0,14,FA,342,0.7599577484712383,0.0234097855460492,0.0161758448304243,,0.0232159012304996,0.6967571351127898,0.6967571351127898,1.6257666485965094,2.787028540451159
pitch_types,spin_efficiency,mean,2025.0,1,FS,101,0.6696106244608745,0.0164701676876226,0.035264934459275,,0.0160752248211562,2.193744401811632,2.193744401811632,5.118736937560475,8.774977607246528
pitch_types,spin_efficiency,mean,2025.0,14,SI,105,0.7238335289452866,0.0136492002627208,0.0197556322752037,,0.0133139794075,1.4838262603947725,1.4838262603947725,3.4622612742544687,5.93530504157909
pitch_types,spin_efficiency,mean,2022.0,11,FA,424,0.6994526841516565,0.0204776232756945,0.0159751973909453,,0.02025007394477,0.7888957558632161,0.7888957558632161,1.8407567636808373,3.155583023452865
pitch_types,spin_efficiency,mean,2025.0,11,FS,127,0.6306854730569732,0.0138084199796104,0.0409709132325175,,0.0130667073168044,3.135519319379474,3.135519319379474,7.316211745218772,12.542077277517896
pitch_types,spin_efficiency,mean,2023.0,14,FS,11,0.5811987359615526,0.0133520710691501,0.0628193226797599,,0.012255435174058,5.125833704602679,5.125833704602679,11.960278644072917,20.50333481841072
pitch_types,spin_efficiency,mean,2022.0,1,SI,387,0.7955950934862609,0.0148221053333129,0.0159171057562825,,0.0146770095619979,1.0844924294043854,1.0844924294043854,2.5304823352768997,4.337969717617542
pitch_types,spin_efficiency,mean,2024.0,1,FS,90,0.6250654705112869,0.0233514152754139,0.0365693780504965,,0.0228965467853565,1.5971569159889372,1.5971569159889372,3.726699470640853,6.3886276639557495
pitch_types,spin_efficiency,mean,2024.0,14,SW,82,0.3758325639928221,0.0098510139902449,0.023505458776616,,0.0094906710605378,2.476690913285529,2.476690913285529,5.778945464332902,9.906763653142118
pitch_types,spin_efficiency,mean,2023.0,11,CU,391,0.4744130018066486,0.0318752555868698,0.0168959237145904,,0.0316012031804322,0.5346607728231252,0.5346607728231252,1.2475418032539587,2.1386430912925007
pitch_types,spin_efficiency,mean,2020.0,1,SL,481,0.1792554045641224,0.0080916564438192,0.0057471651965736,,0.0080067677006105,0.7177884274243904,0.7177884274243904,1.674839663990244,2.871153709697562
pitch_types,spin_efficiency,mean,2023.0,11,FS,88,0.6021858628371807,0.0208839236034928,0.0376484602088335,,0.0201965090429243,1.8641073132400217,1.8641073132400217,4.349583730893384,7.456429252960087
pitch_types,spin_efficiency,mean,2025.0,11,CU,424,0.4876480753657219,0.032105002571862,0.017997539593292,,0.0317859385231794,0.5662107343524742,0.5662107343524742,1.3211583801557731,2.2648429374098966
pitch_types,spin_efficiency,mean,2023.0,1,SW,290,0.4355291236567172,0.016627066695553,0.0226634115581711,,0.0163645017766982,1.3849130188883572,1.3849130188883572,3.2314637107395,5.539652075553429
pitch_types,spin_efficiency,mean,2024.0,11,CU,392,0.4953177029357204,0.0359892035819385,0.0166270913153448,,0.0357182696536043,0.4655066294250635,0.4655066294250635,1.0861821353251484,1.8620265177002544
pitch_types,spin_efficiency,mean,2023.0,14,SW,84,0.3702914758318185,0.0121386240227154,0.0210948071965642,,0.011799306922085,1.7878005323414812,1.7878005323414812,4.171534575463456,7.151202129365926
pitch_types,spin_efficiency,mean,2021.0,1,SI,376,0.7952448615890716,0.015357119474091,0.0156919810276297,,0.0151966957849814,1.0325916402918207,1.0325916402918207,2.4093804940142483,4.130366561167283
pitch_types,spin_efficiency,mean,2025.0,11,HC,39,0.3192288787782266,0.0160341242814159,0.0127789987957424,,0.0159252190401928,0.8024378668506994,0.8024378668506994,1.872355022651632,3.2097514674027976
pitch_types,spin_efficiency,mean,2017.0,1,CH,419,0.6976403974586981,0.016417063654461,0.0284005531699005,,0.0160200979373968,1.772807711968047,1.772807711968047,4.136551327925443,7.091230847872189
pitch_types,spin_efficiency,mean,2024.0,1,SL,593,0.1615652234888585,0.0050172118553716,0.0059854456601636,,0.004953520015387,1.208321686713905,1.208321686713905,2.8194172689991115,4.83328674685562
pitch_types,spin_efficiency,mean,2024.0,1,SI,428,0.7615931882169586,0.0172883638943424,0.0161924552575389,,0.0171254389499744,0.9455205968640688,0.9455205968640688,2.2062147260161606,3.782082387456276
pitch_types,spin_efficiency,mean,2018.0,1,HC,36,0.2967826195684432,0.0105894507059041,0.0067982913572974,,0.0105453672623418,0.6446708955860265,0.6446708955860265,1.5042320897007286,2.578683582344106
pitch_types,spin_efficiency,mean,2025.0,16,CH,13,0.6478573727579408,0.0068891326518829,0.0247674905767568,,0.0058812256475968,4.211280447448461,4.211280447448461,9.82632104404641,16.845121789793843
pitch_types,spin_efficiency,mean,2024.0,14,SL,256,0.1505083719594701,0.0060618092319856,0.007670781730962,,0.0059438769567195,1.2905350811964922,1.2905350811964922,3.011248522791815,5.162140324785969
pitch_types,spin_efficiency,mean,2018.0,1,SW,31,0.5069443782403388,0.0108973890477094,0.0264013321374353,,0.0107196122612676,2.4628999159633143,2.4628999159633143,5.746766470581067,9.851599663853255
pitch_types,spin_efficiency,mean,2015.0,1,SW,12,0.8147490715115643,0.0112003928825225,0.018088231415139,,0.0109974683121585,1.6447632220172963,1.6447632220172963,3.837780851373692,6.579052888069187
pitch_types,spin_efficiency,mean,2025.0,14,SL,305,0.1481550461141686,0.0055018522247383,0.0075261959276469,,0.0053884698757591,1.396722279455362,1.396722279455362,3.2590186520625117,5.586889117821449
pitch_types,primary_loc_adj_vaa,mean,2025.0,1,FA,699,0.1291027757947663,7.238641176036368,0.0054887180849126,,7.23858821502294,0.0007582580914771,0.0007582580914771,0.0017692688801134,0.0030330323659087
pitch_types,primary_loc_adj_vaa,mean,2024.0,14,SW,82,0.0544487975281448,0.2574824588940634,0.0070753163623,,0.2573742196369329,0.0274903849044433,0.0274903849044433,0.064144231443701,0.1099615396177732
pitch_types,primary_loc_adj_vaa,mean,2024.0,11,CH,559,0.0725141679486196,0.6629502608691437,0.0045311252689199,,0.6628777025145325,0.0068355373121343,0.0068355373121343,0.0159495870616468,0.0273421492485373
pitch_types,primary_loc_adj_vaa,mean,2024.0,11,SL,836,-0.0199600985124779,0.2977924127549606,0.0042224410228427,,0.2977389883087914,0.014181686606873,0.014181686606873,0.0330906020827036,0.056726746427492
pitch_types,primary_loc_adj_vaa,mean,2022.0,1,CU,321,-0.1386955250268527,0.3969055326003269,0.0036567165456574,,0.396858534460338,0.0092141562499844,0.0092141562499844,0.0214996979166304,0.0368566249999379
pitch_types,primary_loc_adj_vaa,mean,2017.0,1,HC,37,0.4641660806961344,0.4754414741873366,0.2776924215056159,,0.4735049702184559,0.5864614713072599,0.5864614713072599,1.3684100997169395,2.34584588522904
pitch_types,primary_loc_adj_vaa,mean,2023.0,16,FA,24,0.30422179043405,0.2428559134593376,0.0059367867926567,,0.2426471606715689,0.0244667474213406,0.0244667474213406,0.0570890773164616,0.0978669896853627
pitch_types,primary_loc_adj_vaa,mean,2017.0,1,FA,636,-0.0553261226137439,0.4659499077355595,0.0022499515263778,,0.4659326500201607,0.004828920073063,0.004828920073063,0.0112674801704804,0.0193156802922522
pitch_types,primary_loc_adj_vaa,mean,2024.0,14,FS,11,0.0575745608742899,0.1308108569580937,0.0005182800585734,,0.1308009110740278,0.0039623581695091,0.0039623581695091,0.0092455023955212,0.0158494326780364
pitch_types,primary_loc_adj_vaa,mean,2024.0,14,CH,206,-0.0412988027216814,0.1783494231191723,0.0026376992399925,,0.1782991092538292,0.0147936759248609,0.0147936759248609,0.0345185771580089,0.0591747036994438
pitch_types,primary_loc_adj_vaa,mean,2024.0,1,SL,593,-0.2642025276698705,0.3110704017467549,0.0063271585184824,,0.3110032951905587,0.0203443455948131,0.0203443455948131,0.0474701397212306,0.0813773823792525
pitch_types,primary_loc_adj_vaa,mean,2019.0,1,FA,703,0.1139714452725909,0.9848051816652166,0.001938546906793,,0.9847888368021928,0.0019684899283463,0.0019684899283463,0.0045931431661414,0.0078739597133854
pitch_types,primary_loc_adj_vaa,mean,2022.0,1,HC,29,0.3435947580707332,0.6696233614544392,0.0248966452332747,,0.6694094816420878,0.0371919518860149,0.0371919518860149,0.0867812210673681,0.1487678075440597
pitch_types,primary_loc_adj_vaa,mean,2019.0,1,SL,586,0.0117299023378293,0.3017217214932729,0.0033037412415692,,0.3016913473448418,0.0109507324974521,0.0109507324974521,0.0255517091607216,0.0438029299898084
pitch_types,primary_loc_adj_vaa,mean,2023.0,11,SI,502,0.1540847753145414,0.4225789495665814,0.0142527249060624,,0.4224031498422124,0.033741994848728,0.033741994848728,0.0787313213136988,0.1349679793949123
pitch_types,primary_loc_adj_vaa,mean,2016.0,1,CU,368,0.3100255185125827,0.3940832833453879,0.0425697909493244,,0.3935563697979656,0.1081669468878826,0.1081669468878826,0.2523895427383929,0.4326677875515308
pitch_types,primary_loc_adj_vaa,mean,2022.0,11,SL,333,0.0589782695358164,0.3107112861213771,0.0089721960710258,,0.3105632707801309,0.02889007463274,0.02889007463274,0.0674101741430601,0.1155602985309602
pitch_types,primary_loc_adj_vaa,mean,2024.0,1,HC,38,0.3136799088479458,0.5506388596936599,0.003884266446328,,0.5506080659015671,0.0070545033516134,0.0070545033516134,0.0164605078204314,0.0282180134064539
pitch_types,primary_loc_adj_vaa,mean,2020.0,1,FA,570,-0.0667332728760035,0.4277804218119299,0.0039670393594831,,0.427730556886114,0.0092746222957817,0.0092746222957817,0.0216407853568241,0.037098489183127
pitch_types,primary_loc_adj_vaa,mean,2023.0,1,CH,433,-0.1677598678686725,0.517436784855717,0.0021509309435765,,0.5174072348791409,0.0041571334890185,0.0041571334890185,0.0096999781410433,0.0166285339560742
pitch_types,primary_loc_adj_vaa,mean,2021.0,14,CU,127,0.1753986016073805,0.2091815463049739,0.0022044239447755,,0.2091388007151701,0.0105404828622777,0.0105404828622777,0.0245944600119813,0.0421619314491109
pitch_types,primary_loc_adj_vaa,mean,2025.0,1,CU,304,-0.2677142433581473,0.2582083005160381,0.0028936783429971,,0.258176166245344,0.0112081544360966,0.0112081544360966,0.0261523603508921,0.0448326177443865
pitch_types,primary_loc_adj_vaa,mean,2021.0,1,FS,55,-0.212873358778581,0.1804743477398435,0.002054358281309,,0.1804513176799261,0.0113845568307402,0.0113845568307402,0.0265639659383939,0.0455382273229611
pitch_types,primary_loc_adj_vaa,mean,2023.0,1,HC,34,0.3409330418383465,0.47935924137879,0.002724670344084,,0.4793344055829464,0.0056842786838354,0.0056842786838354,0.0132633169289493,0.0227371147353417
pitch_types,primary_loc_adj_vaa,mean,2024.0,11,SI,521,0.1019964437633954,0.358978819902641,0.0125325205237499,,0.3588090056164975,0.0349281102970557,0.0349281102970557,0.0814989240264634,0.139712441188223
pitch_types,primary_loc_adj_vaa,mean,2022.0,11,SI,205,0.1689722121868908,0.4151178925963016,0.0297646044967783,,0.4146068633110675,0.0717899464062821,0.0717899464062821,0.1675098749479917,0.2871597856251287
pitch_types,primary_loc_adj_vaa,mean,2015.0,1,SL,516,0.272693417305346,0.4386464273114646,0.0121830727009999,,0.4385297091416423,0.0277816358778669,0.0277816358778669,0.0648238170483561,0.1111265435114676
pitch_types,primary_loc_adj_vaa,mean,2023.0,11,FA,946,0.1176186031008663,1.750061546524449,0.0025130023004159,,1.7500358985740772,0.0014359718577564,0.0014359718577564,0.0033506010014318,0.0057438874310259
pitch_types,primary_loc_adj_vaa,mean,2022.0,1,CH,443,-0.1850323189954683,0.3890438948497761,0.0053989295465038,,0.3889737119790579,0.0138799342480875,0.0138799342480875,0.0323865132455376,0.0555197369923502
pitch_types,primary_loc_adj_vaa,mean,2020.0,1,SI,289,0.0856510317700484,0.4205965079623444,0.0254345036629683,,0.4202406935108453,0.0605236571700831,0.0605236571700831,0.1412218667301939,0.2420946286803324
pitch_types,primary_loc_adj_vaa,mean,2016.0,1,FA,619,0.1992141700685696,0.3162537780465355,0.0020314027751655,,0.3162389176382058,0.0064236330883525,0.0064236330883525,0.014988477206156,0.0256945323534103
pitch_types,primary_loc_adj_vaa,mean,2018.0,1,SW,32,-0.0764908134367106,0.5253131293666617,0.0028103195668268,,0.52529131650935,0.0053500209855016,0.0053500209855016,0.0124833822995038,0.0214000839420066
pitch_types,primary_loc_adj_vaa,mean,2023.0,11,SL,826,0.0303389860295011,0.3102898563117895,0.0056361530978685,,0.3102158713920575,0.0181684872298022,0.0181684872298022,0.0423931368695386,0.0726739489192091
pitch_types,primary_loc_adj_vaa,mean,2025.0,16,FA,137,0.0288952743337728,0.2745836517621241,0.0046959116992491,,0.2744418529378674,0.0171107710029645,0.0171107710029645,0.0399251323402505,0.0684430840118581
pitch_types,primary_loc_adj_vaa,mean,2017.0,1,SL,558,-0.0423895819893819,0.3384125651857652,0.0051131244525536,,0.3383621119993502,0.0151113977340449,0.0151113977340449,0.0352599280461049,0.0604455909361799
pitch_types,primary_loc_adj_vaa,mean,2016.0,1,SL,522,0.2211291864752858,0.3752891860648246,0.0189294660377758,,0.3750971991654975,0.0504654955565901,0.0504654955565901,0.1177528229653769,0.2018619822263604
pitch_types,primary_loc_adj_vaa,mean,2019.0,1,CH,434,0.0618588456748321,0.322881428451406,0.0015083616390845,,0.322861331703649,0.0046718559671587,0.0046718559671587,0.0109009972567037,0.018687423868635
pitch_types,primary_loc_adj_vaa,mean,2020.0,1,SL,481,-0.0172094806899182,0.3647746535956701,0.0094344729307522,,0.3646353889724609,0.0258737171872935,0.0258737171872935,0.0603720067703515,0.103494868749174
pitch_types,primary_loc_adj_vaa,mean,2024.0,14,CU,91,-0.0919691186738429,0.2424035084754359,0.0025604040250244,,0.242360262297987,0.0105644547532151,0.0105644547532151,0.0246503944241687,0.0422578190128607
pitch_types,primary_loc_adj_vaa,mean,2022.0,1,FA,688,-0.0547191095015351,2.1924847049129355,0.0043500753987218,,2.192444203734671,0.0019841213707111,0.0019841213707111,0.0046296165316594,0.0079364854828447
pitch_types,primary_loc_adj_vaa,mean,2021.0,14,SW,27,-0.215934764764331,0.1780158688411796,0.0009497043640497,,0.1780014404611084,0.0053353745991583,0.0053353745991583,0.0124492073980361,0.0213414983966334
pitch_types,primary_loc_adj_vaa,mean,2025.0,1,SW,323,-0.3036745537454356,0.274841711036986,0.0066927406921113,,0.2747630843375054,0.0243582237703022,0.0243582237703022,0.0568358554640385,0.0974328950812089
pitch_types,primary_loc_adj_vaa,mean,2023.0,11,CH,615,0.0710661424910726,0.3355013856599426,0.0020319413957149,,0.3354686393695475,0.0060570233913178,0.0060570233913178,0.0141330545797416,0.0242280935652714
pitch_types,primary_loc_adj_vaa,mean,2016.0,1,SI,405,0.3489309294141524,0.3660619538085982,0.0447584501618677,,0.3656213492392561,0.1224174962840547,0.1224174962840547,0.2856408246627944,0.489669985136219
pitch_types,primary_loc_adj_vaa,mean,2024.0,14,FA,345,-0.054448343297486,0.5038204141313144,0.0030043953528645,,0.5037842344511514,0.0059636549685555,0.0059636549685555,0.0139151949266295,0.023854619874222
pitch_types,primary_loc_adj_vaa,mean,2017.0,1,CH,419,-0.0178028719392574,0.362422292085735,0.0026006862309889,,0.3623860486055787,0.0071765627871053,0.0071765627871053,0.0167453131699123,0.0287062511484212
pitch_types,primary_loc_adj_vaa,mean,2016.0,1,FS,63,0.2493240246327803,0.2640903974527834,0.0023994517978879,,0.2640590659315449,0.0090867995363962,0.0090867995363962,0.0212025322515913,0.0363471981455851
pitch_types,primary_loc_adj_vaa,mean,2021.0,14,SI,76,0.3147229403015544,0.2446033286059028,0.0397896061775617,,0.2440141075257658,0.1630627285488413,0.1630627285488413,0.3804796999472963,0.6522509141953652
pitch_types,primary_loc_adj_vaa,mean,2017.0,1,SI,388,0.0476518651281456,0.3760171611884509,0.0079834012600223,,0.3759550729466285,0.0212349874612696,0.0212349874612696,0.0495483040762959,0.0849399498450787
pitch_types,primary_loc_adj_vaa,mean,2025.0,14,SL,307,-0.1260224803141215,0.2069329306844633,0.0030714065889381,,0.2068873329431621,0.014845793337101,0.014845793337101,0.0346401844532357,0.0593831733484041
pitch_types,primary_loc_adj_vaa,mean,2025.0,14,CU,97,-0.0805911255114755,0.2019074285537941,0.0019784438881452,,0.2018710478670426,0.009800533107889,0.009800533107889,0.0228679105850744,0.0392021324315561
pitch_types,primary_loc_adj_vaa,mean,2018.0,1,SI,393,0.0956780543283867,0.3634052165232404,0.009639117429108,,0.3633195141112944,0.0265306900805646,0.0265306900805646,0.0619049435213175,0.1061227603222587
pitch_types,primary_loc_adj_vaa,mean,2025.0,11,HC,39,0.352193833265799,0.4382436333491455,0.0117206971056844,,0.438144654177928,0.0267507477129339,0.0267507477129339,0.0624184113301791,0.1070029908517357
pitch_types,primary_loc_adj_vaa,mean,2020.0,1,FS,49,-0.0766575363867656,0.236223277267373,0.0050106995255296,,0.2361395530252768,0.0212192301600287,0.0212192301600287,0.049511537040067,0.0848769206401149
pitch_types,primary_loc_adj_vaa,mean,2025.0,11,SL,892,-0.0795242510165653,0.2787458559075416,0.0051057960096553,,0.278682233445469,0.0183212110313966,0.0183212110313966,0.042749492406592,0.0732848441255864
pitch_types,primary_loc_adj_vaa,mean,2018.0,1,FS,61,0.0376440046076283,0.2198992754564608,0.002885677266235,,0.2198603601672429,0.0131250456609823,0.0131250456609823,0.0306251065422921,0.0525001826439293
pitch_types,primary_loc_adj_vaa,mean,2024.0,1,SW,309,-0.2937651575371822,0.4157061170158463,0.0305657041053299,,0.415365944247888,0.0735874101587117,0.0735874101587117,0.1717039570369941,0.2943496406348471
pitch_types,primary_loc_adj_vaa,mean,2024.0,11,HC,41,0.5249872862690478,0.445889510776845,0.00346066956935,,0.4458447553189557,0.0077620506422113,0.0077620506422113,0.0181114514984932,0.0310482025688454
pitch_types,primary_loc_adj_vaa,mean,2023.0,1,SL,582,-0.2218234195008548,0.3233326044529535,0.0040386657635547,,0.3232930020094572,0.0124922770936952,0.0124922770936952,0.0291486465519554,0.0499691083747808
pitch_types,primary_loc_adj_vaa,mean,2018.0,1,HC,36,0.4782549559735424,0.4525389847338459,0.0027235080409424,,0.4525213327863493,0.0060185185617057,0.0060185185617057,0.0140432099773133,0.0240740742468228
pitch_types,primary_loc_adj_vaa,mean,2020.0,1,HC,20,0.3180233098614695,0.4679262407367274,0.0143293162478436,,0.467787851968151,0.0306320828716587,0.0306320828716587,0.0714748600338704,0.1225283314866351
pitch_types,primary_loc_adj_vaa,mean,2025.0,16,CH,14,0.3371327644732149,0.2164755949185477,0.0039839329689809,,0.2163282277720212,0.018416149431869,0.018416149431869,0.0429710153410278,0.0736645977274763
pitch_types,primary_loc_adj_vaa,mean,2021.0,14,XX,11,0.538739561528878,0.3071046633033901,0.0019700983739369,,0.307043332368685,0.0064163528930545,0.0064163528930545,0.0149714900837938,0.025665411572218
pitch_types,primary_loc_adj_vaa,mean,2022.0,11,SW,127,0.0303224754411027,0.3204548039238227,0.0093716585369292,,0.3203006986517094,0.0292589387921376,0.0292589387921376,0.0682708571816545,0.1170357551685505
pitch_types,primary_loc_adj_vaa,mean,2023.0,1,SW,290,-0.2664281754285308,0.3372397771125192,0.0064756427308945,,0.3371649737258917,0.0192061549553457,0.0192061549553457,0.0448143615624733,0.0768246198213829
pitch_types,primary_loc_adj_vaa,mean,2021.0,14,FA,352,0.1963757973604862,0.6924192704003144,0.004085618040309,,0.6923720354184222,0.0059008998505261,0.0059008998505261,0.0137687663178942,0.0236035994021044
pitch_types,primary_loc_adj_vaa,mean,2024.0,11,SW,406,0.0117065352712412,0.3323005428130204,0.007373783616019,,0.3322022885448077,0.0221966671220703,0.0221966671220703,0.0517922232848309,0.0887866684882815
pitch_types,primary_loc_adj_vaa,mean,2024.0,1,CH,410,-0.1827370908904289,0.3535044915254303,0.0062285435694662,,0.3534211456187684,0.0176235735939379,0.0176235735939379,0.0411216717191886,0.0704942943757519
pitch_types,primary_loc_adj_vaa,mean,2022.0,11,HC,13,0.78849249582951,0.2698351878288899,0.0014637540727822,,0.2698166608635065,0.005424995135948,0.005424995135948,0.0126583219838787,0.0216999805437921
pitch_types,primary_loc_adj_vaa,mean,2016.0,1,CH,412,0.28924813799872,0.3962826205865946,0.0200778634675859,,0.3959859360660817,0.0507034761563737,0.0507034761563737,0.1183081110315387,0.2028139046254949
pitch_types,primary_loc_adj_vaa,mean,2024.0,1,CU,299,-0.1897793743680386,0.2530216459054369,0.0050666807677072,,0.2529559929288129,0.0200298902154619,0.0200298902154619,0.0467364105027444,0.0801195608618477
pitch_types,primary_loc_adj_vaa,mean,2022.0,14,CH,216,0.1215655293339268,0.2403502464880229,0.0042056576703805,,0.240268551991641,0.01750398724893,0.01750398724893,0.0408426369141701,0.0700159489957202
pitch_types,primary_loc_adj_vaa,mean,2023.0,1,FA,681,0.0201171511111377,3.45673048289812,0.0031192730535001,,3.456701493661175,0.0009023842698654,0.0009023842698654,0.0021055632963526,0.0036095370794616
pitch_types,primary_loc_adj_vaa,mean,2019.0,1,SW,44,-0.0614110368275472,0.3277767657783021,0.0034275377847164,,0.3277479465998759,0.0104578467089556,0.0104578467089556,0.0244016423208965,0.0418313868358226
pitch_types,primary_loc_adj_vaa,mean,2024.0,11,CU,394,0.0738130849618919,0.2566220214906599,0.0028343057976297,,0.256575733358019,0.0110466635349137,0.0110466635349137,0.0257755482481321,0.0441866541396551
pitch_types,primary_loc_adj_vaa,mean,2023.0,14,SL,237,0.0806260464701854,0.2111382654420638,0.0053931676658505,,0.2110462459647593,0.0255544354328441,0.0255544354328441,0.0596270160099695,0.1022177417313764
pitch_types,primary_loc_adj_vaa,mean,2020.0,1,CU,300,0.0063073241643549,0.309857819153094,0.0047854973339978,,0.3097683543649951,0.0154486320715612,0.0154486320715612,0.0360468081669762,0.061794528286245
pitch_types,primary_loc_adj_vaa,mean,2021.0,1,CH,452,-0.0680375327297653,0.3551918834490841,0.0021492361207857,,0.3551616546151128,0.0060514306453349,0.0060514306453349,0.0141200048391149,0.0242057225813399
pitch_types,primary_loc_adj_vaa,mean,2022.0,11,FA,425,0.0247944958243916,0.5602151034577197,0.0024312388181494,,0.5601807632303263,0.004340096943225,0.004340096943225,0.010126892867525,0.0173603877729001
pitch_types,primary_loc_adj_vaa,mean,2025.0,11,FS,127,0.0355297062328888,0.2609876500452794,0.0041431858406084,,0.2609133936587512,0.0158795444822099,0.0158795444822099,0.0370522704584899,0.0635181779288398
pitch_types,primary_loc_adj_vaa,mean,2021.0,16,FA,25,0.6236222334377064,1.0140679104635388,0.0123134859528154,,1.0136446372452714,0.012147734521912,0.012147734521912,0.0283447138844614,0.0485909380876482
pitch_types,primary_loc_adj_vaa,mean,2022.0,14,CU,91,0.0694428400241551,0.1969479343359081,0.0018517181163163,,0.1969145877056309,0.0094036614447502,0.0094036614447502,0.0219418767044171,0.0376146457790009
pitch_types,primary_loc_adj_vaa,mean,2016.0,1,SW,16,0.1166966043016448,0.6474855167575729,0.1400320669432415,,0.6465641415966266,0.2165787706652677,0.2165787706652677,0.5053504648856249,0.866315082661071
pitch_types,primary_loc_adj_vaa,mean,2016.0,1,HC,49,0.6427747690428603,0.6742549383320239,0.3128376213867921,,0.6717185040013737,0.4657272645062527,0.4657272645062527,1.0866969505145896,1.8629090580250107
pitch_types,primary_loc_adj_vaa,mean,2024.0,1,SI,428,-0.2163083700710372,0.4010311027982809,0.0392873297865791,,0.4006373215744823,0.0980620817655782,0.0980620817655782,0.2288115241196825,0.3922483270623128
pitch_types,primary_loc_adj_vaa,mean,2025.0,16,SI,19,0.2966571032667127,0.3335608530700579,0.0118508951660497,,0.3331142316707451,0.035576069826291,0.035576069826291,0.0830108295946792,0.1423042793051643
pitch_types,primary_loc_adj_vaa,mean,2022.0,11,CU,154,0.1920287645876036,0.2529403356796087,0.0025355737776146,,0.2528977531973589,0.0100260826581399,0.0100260826581399,0.0233941928689933,0.0401043306325599
pitch_types,primary_loc_adj_vaa,mean,2025.0,1,FS,101,-0.3172991024947199,0.2295067426497751,0.0015931921219942,,0.2294889225447993,0.0069423486952111,0.0069423486952111,0.0161988136221592,0.0277693947808444
pitch_types,primary_loc_adj_vaa,mean,2015.0,1,SI,409,0.4036777461483674,0.4819170953155167,0.0465024599894135,,0.4814827481305843,0.0965817782048578,0.0965817782048578,0.2253574824780015,0.3863271128194313
pitch_types,primary_loc_adj_vaa,mean,2024.0,14,SI,109,0.0589009801281276,0.2256008658163918,0.0221765594973914,,0.225249847052051,0.0984531611791364,0.0984531611791364,0.2297240427513184,0.393812644716546
pitch_types,primary_loc_adj_vaa,mean,2019.0,1,SI,377,0.0727221363768651,0.3306196181415249,0.0068220451059699,,0.330556093357514,0.0206380860708913,0.0206380860708913,0.0481555341654131,0.0825523442835654
pitch_types,primary_loc_adj_vaa,mean,2022.0,1,SW,228,-0.2254247260643491,0.3568157327158117,0.014390877175488,,0.3566372970967636,0.0403515764970132,0.0403515764970132,0.0941536784930308,0.1614063059880528
pitch_types,primary_loc_adj_vaa,mean,2025.0,14,SW,78,-0.1772175466643211,0.2476014573348406,0.0036201178811066,,0.2475408530844328,0.0146243249790847,0.0146243249790847,0.0341234249511978,0.0584972999163391
pitch_types,primary_loc_adj_vaa,mean,2025.0,11,CU,425,0.010716975773283,0.2801453821897012,0.0020051366225764,,0.2801099796297934,0.0071583905194185,0.0071583905194185,0.0167029112119765,0.028633562077674
pitch_types,primary_loc_adj_vaa,mean,2022.0,16,FA,27,0.2791082768054316,0.2613409381689708,0.0078515122814799,,0.2611108345619934,0.03006965335104,0.03006965335104,0.0701625244857601,0.1202786134041603
pitch_types,primary_loc_adj_vaa,mean,2025.0,1,SI,454,-0.2553115773888896,0.3202158861779607,0.0108307543751519,,0.3200995016385472,0.0338355864964198,0.0338355864964198,0.0789497018249796,0.1353423459856794
pitch_types,primary_loc_adj_vaa,mean,2023.0,1,FS,82,-0.1828652288301247,0.2690059782684669,0.0038044506750675,,0.268953851670054,0.0141453660226244,0.0141453660226244,0.0330058540527904,0.0565814640904978
pitch_types,primary_loc_adj_vaa,mean,2022.0,11,XX,10,-0.0255154917474038,0.2095192363037405,0.0027851847228467,,0.2094428295771908,0.0132980667252695,0.0132980667252695,0.0310288223589621,0.053192266901078
pitch_types,primary_loc_adj_vaa,mean,2024.0,1,FA,671,-0.1004334958499726,2.953080756778636,0.0023781924003636,,2.95305844686302,0.0008053319780683,0.0008053319780683,0.0018791079488261,0.0032213279122733
pitch_types,primary_loc_adj_vaa,mean,2025.0,11,FA,1015,0.037444599067738,2.057018999705767,0.0030032963663844,,2.0569858285084446,0.0014600471839721,0.0014600471839721,0.0034067767626017,0.0058401887358887
pitch_types,primary_loc_adj_vaa,mean,2023.0,11,HC,34,0.6589842124493037,0.5334511143605086,0.0062117904561763,,0.5333922821570463,0.0116458199039847,0.0116458199039847,0.0271735797759643,0.0465832796159388
pitch_types,primary_loc_adj_vaa,mean,2016.0,1,XX,251,0.2789527723286426,0.3848345761057464,0.0177699106543568,,0.3843324699723062,0.0462357777255648,0.0462357777255648,0.1078834813596513,0.1849431109022594
pitch_types,primary_loc_adj_vaa,mean,2018.0,1,SL,562,0.0191285827944811,0.3155649492024012,0.0051131996446212,,0.3155140143667985,0.0162059351147454,0.0162059351147454,0.0378138486010727,0.0648237404589817
pitch_types,primary_loc_adj_vaa,mean,2025.0,11,CH,611,-0.021168720919465,0.6439320132027249,0.0043762914191344,,0.6438559327425244,0.0067970041069491,0.0067970041069491,0.0158596762495479,0.0271880164277964
pitch_types,primary_loc_adj_vaa,mean,2015.0,1,XX,80,0.5745818732785241,0.5059764826258759,0.0488504654946229,,0.5044374837855182,0.0968414661179177,0.0968414661179177,0.225963420941808,0.3873658644716709
pitch_types,primary_loc_adj_vaa,mean,2022.0,11,FS,21,0.2753999624885376,0.1233266305900891,0.0047153716489221,,0.1232232177769933,0.0382669088990673,0.0382669088990673,0.0892894540978237,0.1530676355962693
pitch_types,primary_loc_adj_vaa,mean,2021.0,14,CH,209,0.180814582579942,0.2580419825811014,0.0025736406239137,,0.2579904161291482,0.0099757218214859,0.0099757218214859,0.0232766842501338,0.0399028872859438
pitch_types,primary_loc_adj_vaa,mean,2018.0,1,CH,419,0.0911025099789169,0.3091528717083669,0.0033268929527292,,0.3091058669411367,0.0107629563477771,0.0107629563477771,0.0251135648114799,0.0430518253911085
pitch_types,primary_loc_adj_vaa,mean,2017.0,1,SW,23,-0.2953484651248118,0.2480015472193506,0.0019846207785174,,0.2479870282317192,0.0080029217361441,0.0080029217361441,0.0186734840510031,0.0320116869445767
pitch_types,primary_loc_adj_vaa,mean,2025.0,1,CH,421,-0.2254097934879359,0.6439817037619179,0.0016376420479969,,0.6439598918473516,0.0025430808171902,0.0025430808171902,0.0059338552401106,0.0101723232687611
pitch_types,primary_loc_adj_vaa,mean,2021.0,1,SL,616,-0.0975056213330137,0.3460644032527412,0.0042144616704543,,0.3460226854288905,0.0121797264974998,0.0121797264974998,0.0284193618274997,0.0487189059899995
pitch_types,primary_loc_adj_vaa,mean,2022.0,1,SL,575,-0.2084398922023512,0.3321830257835446,0.0064642185421687,,0.3321180293387896,0.0194636182655854,0.0194636182655854,0.045415109286366,0.0778544730623418
pitch_types,primary_loc_adj_vaa,mean,2015.0,1,HC,58,0.6470897600815575,0.6632181958834854,0.2997888467577078,,0.660560548543049,0.4538400717677289,0.4538400717677289,1.0589601674580342,1.815360287070916
pitch_types,primary_loc_adj_vaa,mean,2024.0,14,SL,259,-0.0565705280723026,0.222235587630666,0.0026405863136105,,0.2221947625001425,0.0118841069154761,0.0118841069154761,0.0277295828027777,0.0475364276619047
pitch_types,primary_loc_adj_vaa,mean,2024.0,11,FA,952,0.1884677081986301,3.19148516350315,0.0042665539050701,,3.1914389288350544,0.0013368746826145,0.0013368746826145,0.003119374259434,0.0053474987304583
pitch_types,primary_loc_adj_vaa,mean,2019.0,1,FS,55,-0.0344519726159758,0.2466767392021802,0.0028092986545589,,0.2466394824192425,0.0113903038840459,0.0113903038840459,0.0265773757294406,0.0455612155361839
pitch_types,primary_loc_adj_vaa,mean,2021.0,1,FA,716,-0.0250970663073437,1.193305685206295,0.0024381102238703,,1.1932838375353092,0.0020431938715487,0.0020431938715487,0.0047674523669471,0.008172775486195
pitch_types,primary_loc_adj_vaa,mean,2023.0,14,FS,11,0.2031251518935947,0.1117649799333234,0.0009878951238645,,0.1117477342642012,0.0088404040616061,0.0088404040616061,0.0206276094770809,0.0353616162464244
pitch_types,primary_loc_adj_vaa,mean,2023.0,14,SI,93,0.150666500057733,0.3137876613606176,0.0562618138345954,,0.3128211693356293,0.179852961850646,0.179852961850646,0.4196569109848408,0.7194118474025843
pitch_types,primary_loc_adj_vaa,mean,2023.0,14,CH,187,0.0782789422038067,0.2309124635088905,0.0024869041130966,,0.2308687767946449,0.0107719378411603,0.0107719378411603,0.025134521629374,0.0430877513646413
pitch_types,primary_loc_adj_vaa,mean,2022.0,14,SL,241,0.1084807180011526,0.2472942302050795,0.0043030150211421,,0.2472263288325361,0.0174051649007695,0.0174051649007695,0.040612051435129,0.0696206596030783
pitch_types,primary_loc_adj_vaa,mean,2023.0,1,SI,407,-0.1317041903067434,0.4264534470159564,0.0152081672846647,,0.4263093758766903,0.0356740155043264,0.0356740155043264,0.0832393695100949,0.1426960620173056
pitch_types,primary_loc_adj_vaa,mean,2017.0,1,CU,361,0.0279765319979861,0.3628264707503626,0.0099286673869504,,0.3627136065419369,0.0273732973008898,0.0273732973008898,0.0638710270354096,0.1094931892035593
pitch_types,primary_loc_adj_vaa,mean,2022.0,11,CH,252,0.1265266447516329,0.361089319288048,0.0030460711128911,,0.3610352808784882,0.0084370455582049,0.0084370455582049,0.0196864396358115,0.0337481822328197
pitch_types,primary_loc_adj_vaa,mean,2021.0,1,HC,27,0.3566921381190567,0.5102205431629714,0.0210484683939234,,0.51005718507134,0.0412668794989711,0.0412668794989711,0.0962893854975992,0.1650675179958845
pitch_types,primary_loc_adj_vaa,mean,2025.0,11,SI,565,-0.0245886279809262,0.3112568666761761,0.0128174038486741,,0.3110781336543419,0.0412031655780612,0.0412031655780612,0.0961407196821429,0.164812662312245
pitch_types,primary_loc_adj_vaa,mean,2023.0,14,SW,84,0.015784884015364,0.2661713625124768,0.0108267360606252,,0.2659975142103812,0.0407023956323975,0.0407023956323975,0.0949722564755943,0.1628095825295902
pitch_types,primary_loc_adj_vaa,mean,2015.0,1,FS,68,0.3023679449630339,0.3703291713668103,0.036893765733495,,0.369862519547331,0.099749944327013,0.099749944327013,0.2327498700963636,0.398999777308052
pitch_types,primary_loc_adj_vaa,mean,2021.0,1,SI,376,-0.0142497955156086,0.4379789766191522,0.0126665044783576,,0.4378496344121526,0.0289288912970394,0.0289288912970394,0.0675007463597588,0.1157155651881579
pitch_types,primary_loc_adj_vaa,mean,2021.0,1,SW,113,-0.1763674192466392,0.325319078982135,0.008482129986435,,0.3252259041283353,0.0260807330497511,0.0260807330497511,0.0608550437827527,0.1043229321990047
pitch_types,primary_loc_adj_vaa,mean,2022.0,1,SI,387,-0.1327516975306358,0.3957635310238339,0.0274271989036751,,0.3955137763440281,0.069345748603756,0.069345748603756,0.1618067467420974,0.2773829944150242
pitch_types,primary_loc_adj_vaa,mean,2025.0,14,SI,105,-0.1130454383615955,0.2635014910900656,0.0045442969732826,,0.2634254293791573,0.0172507907987194,0.0172507907987194,0.040251845197012,0.0690031631948778
pitch_types,primary_loc_adj_vaa,mean,2025.0,1,SL,613,-0.30933734993604,0.2772705392309488,0.0039576942654345,,0.2772282959246958,0.0142759390856322,0.0142759390856322,0.0333105245331418,0.0571037563425288
pitch_types,primary_loc_adj_vaa,mean,2024.0,1,FS,90,-0.3299900665887692,0.2093704059370214,0.0027125575336382,,0.209336701828974,0.0129578688779302,0.0129578688779302,0.0302350273818373,0.0518314755117212
pitch_types,primary_loc_adj_vaa,mean,2022.0,1,FS,63,-0.3064820322103209,0.1888352981319155,0.0038120413559543,,0.188780781692709,0.0201929524911038,0.0201929524911038,0.0471168891459089,0.0807718099644153
pitch_types,primary_loc_adj_vaa,mean,2023.0,1,CU,299,-0.1369195466878577,0.2787227673061387,0.0025860744596647,,0.2786894967747212,0.0092794112788368,0.0092794112788368,0.0216519596506194,0.0371176451153475
pitch_types,primary_loc_adj_vaa,mean,2018.0,1,CU,364,0.0688975341144206,0.3198086328376565,0.0036852628665746,,0.3197645601628623,0.0115249259164232,0.0115249259164232,0.0268914938049875,0.046099703665693
pitch_types,primary_loc_adj_vaa,mean,2017.0,1,FS,53,0.0883480113203525,0.2567773508167744,0.0021857425909357,,0.2567535870441852,0.0085129972908991,0.0085129972908991,0.0198636603454312,0.0340519891635964
pitch_types,primary_loc_adj_vaa,mean,2025.0,16,CU,11,0.1802031327851392,0.1659659440945376,0.0068541836655436,,0.1657435597825427,0.0413541477843023,0.0413541477843023,0.0964930114967054,0.1654165911372093
pitch_types,primary_loc_adj_vaa,mean,2025.0,14,CH,179,0.0220801881393521,2.282080090472636,0.0026744033213746,,2.282028184674267,0.0011719414069184,0.0011719414069184,0.0027345299494763,0.0046877656276737
pitch_types,primary_loc_adj_vaa,mean,2015.0,1,CU,353,0.3862834933780262,0.459789589335025,0.0572810530060447,,0.4590567912045022,0.1247798836735365,0.1247798836735365,0.2911530619049184,0.499119534694146
pitch_types,primary_loc_adj_vaa,mean,2023.0,11,CU,393,0.0920912408737705,0.2469174041643313,0.002361191491802,,0.2468790519809044,0.0095641629893519,0.0095641629893519,0.0223163803084878,0.0382566519574077
pitch_types,primary_loc_adj_vaa,mean,2021.0,14,SL,241,0.1685355118117369,0.3038485481019235,0.0095104109626391,,0.3037024740759433,0.0313148945907533,0.0313148945907533,0.0730680873784244,0.1252595783630133
pitch_types,primary_loc_adj_vaa,mean,2023.0,14,CU,100,0.1040411308556946,0.2027288059302567,0.0021726941500776,,0.2026901430759355,0.0107192886496885,0.0107192886496885,0.0250116735159399,0.0428771545987541
pitch_types,primary_loc_adj_vaa,mean,2023.0,11,FS,88,0.0754898125715422,0.2211241918348894,0.0027030066183735,,0.221076246811652,0.0122265809075201,0.0122265809075201,0.0285286887842137,0.0489063236300806
pitch_types,primary_loc_adj_vaa,mean,2023.0,11,SW,410,0.0255846532234743,0.3682624878897729,0.0052181872291675,,0.368192825366154,0.0141724305028981,0.0141724305028981,0.0330690045067624,0.0566897220115927
pitch_types,primary_loc_adj_vaa,mean,2022.0,14,SW,61,0.0280037084084317,0.2418135124644976,0.0034907109138326,,0.2417650033924908,0.014438445866235,0.014438445866235,0.0336897070212151,0.0577537834649402
pitch_types,primary_loc_adj_vaa,mean,2025.0,16,SL,50,0.1129408786705454,0.2561697371439144,0.006747101316188,,0.25594775709321,0.0263612441570678,0.0263612441570678,0.061509569699825,0.1054449766282716
pitch_types,primary_loc_adj_vaa,mean,2021.0,1,CU,378,-0.0211104919613745,0.2802044542229159,0.0048861676592612,,0.2801385391346118,0.017441968799992,0.017441968799992,0.0406979271999814,0.0697678751999682
pitch_types,primary_loc_adj_vaa,mean,2024.0,16,FA,12,0.0322685405364397,0.076405370812073,0.0050750089308497,,0.0762457797817804,0.0665611781448723,0.0665611781448723,0.1553094156713688,0.2662447125794894
pitch_types,primary_loc_adj_vaa,mean,2025.0,14,FA,378,-0.056212137622608,1.7490263837036513,0.0044077947706957,,1.7489700046412933,0.0025202231936503,0.0025202231936503,0.0058805207851841,0.0100808927746014
pitch_types,primary_loc_adj_vaa,mean,2022.0,14,FA,346,0.0405337778301111,0.2255179649917841,0.0018205808642762,,0.2254965027420176,0.0080736545451399,0.0080736545451399,0.0188385272719931,0.0322946181805596
pitch_types,primary_loc_adj_vaa,mean,2025.0,14,FS,28,-0.0866492351592202,0.2368254042809972,0.0009093529892291,,0.2368088962094407,0.0038400288324677,0.0038400288324677,0.0089600672757581,0.0153601153298711
pitch_types,primary_loc_adj_vaa,mean,2025.0,1,HC,39,0.1567689543848301,0.3134012764289097,0.0039787505399308,,0.3133621741822145,0.0126969713249989,0.0126969713249989,0.0296262664249975,0.0507878852999957
pitch_types,primary_loc_adj_vaa,mean,2022.0,14,SI,90,0.2784045118134469,0.3406941994101719,0.0161564290356218,,0.3404246265699901,0.0474596365087005,0.0474596365087005,0.1107391518536346,0.1898385460348023
pitch_types,primary_loc_adj_vaa,mean,2018.0,1,FA,683,0.0648589523687823,0.5768709685915796,0.0019895343515538,,0.5768541620017641,0.003448938193754,0.003448938193754,0.0080475224520926,0.013795752775016
pitch_types,primary_loc_adj_vaa,mean,2025.0,11,SW,435,-0.1286580977242603,0.2666309104604342,0.0075366826019215,,0.2665232867496646,0.0282777639951607,0.0282777639951607,0.0659814493220418,0.1131110559806431
pitch_types,primary_loc_adj_vaa,mean,2019.0,1,HC,31,0.5183001551196493,0.5550780506794984,0.0049224045701687,,0.5550427894014099,0.0088685136788775,0.0088685136788775,0.0206931985840475,0.03547405471551
pitch_types,primary_loc_adj_vaa,mean,2019.0,1,CU,374,0.0560400407989257,0.2819347492564377,0.0019922570307283,,0.2819116671739328,0.0070669548752629,0.0070669548752629,0.0164895613756136,0.0282678195010519
pitch_types,primary_loc_adj_vaa,mean,2020.0,1,SW,57,-0.1091564417891631,0.2973778635882001,0.007069009141492,,0.2972666108902049,0.0237800307283854,0.0237800307283854,0.0554867383662328,0.0951201229135419
pitch_types,primary_loc_adj_vaa,mean,2024.0,11,FS,102,0.0753866779610766,0.2500566561809305,0.001598351820776,,0.2500319505734946,0.0063925902954,0.0063925902954,0.0149160440226001,0.0255703611816001
pitch_types,primary_loc_adj_vaa,mean,2015.0,1,FA,607,0.214461908224454,0.3788506183643709,0.0020582346212148,,0.3788366087051835,0.0054330404557511,0.0054330404557511,0.0126770943967526,0.0217321618230046
pitch_types,primary_loc_adj_vaa,mean,2020.0,1,CH,324,0.03386816580172,0.4078303368393025,0.004520961901315,,0.407742331298036,0.011087791367952,0.011087791367952,0.0258715131918881,0.0443511654718083
pitch_types,primary_loc_adj_vaa,mean,2015.0,1,CH,385,0.335348620137964,0.4171253226067488,0.0086725866927503,,0.4170132322346717,0.02079691007951,0.02079691007951,0.0485261235188567,0.0831876403180401
pitch_types,primary_loc_adj_vaa,mean,2015.0,1,SW,12,0.0248022759324199,0.5271034202218804,0.0017580683143712,,0.5270836971627721,0.0033354632743047,0.0033354632743047,0.0077827476400444,0.0133418530972191
pitch_types,primary_loc_adj_vaa,mean,2023.0,14,FA,342,0.0556100575433523,0.2963403643735369,0.0021487525543514,,0.2963117238796239,0.0072516622907042,0.0072516622907042,0.0169205453449765,0.0290066491628168
pitch_types,primary_velo,mean,2024.0,14,CU,91,92.6218109572827,3.2793756025457728,0.0233184812381906,,3.2789817447141147,0.0071115007809302,0.0071115007809302,0.0165935018221706,0.0284460031237211
pitch_types,primary_velo,mean,2021.0,1,SL,616,93.56031538254686,6.23140016950854,0.032268390154279,,6.231080753383381,0.0051786185144138,0.0051786185144138,0.012083443200299,0.0207144740576554
pitch_types,primary_velo,mean,2015.0,1,SW,12,93.066022157698,9.673345507273426,0.0225113426940116,,9.673092961602174,0.0023272124834705,0.0023272124834705,0.0054301624614312,0.0093088499338821
pitch_types,primary_velo,mean,2022.0,1,CU,321,93.6353405621244,7.076642093199679,0.019284026177007,,7.076394244248167,0.0027251203807195,0.0027251203807195,0.0063586142216789,0.0109004815228781
pitch_types,primary_velo,mean,2024.0,14,FS,11,92.1070428321642,5.249181480683218,0.0066866509283861,,5.249053162694088,0.0012738775396502,0.0012738775396502,0.0029723809258506,0.005095510158601
pitch_types,primary_velo,mean,2025.0,1,FS,101,94.63480268559285,5.006685879875939,0.0204900747600866,,5.006456695160457,0.0040927298502139,0.0040927298502139,0.0095497029838325,0.0163709194008557
pitch_types,primary_velo,mean,2016.0,1,CU,368,92.6047511111586,6.501180374784507,0.2246532353233559,,6.498399697911909,0.0345705474834892,0.0345705474834892,0.0806646107948082,0.138282189933957
pitch_types,primary_velo,mean,2024.0,1,SW,309,93.66028188373257,5.764311174112282,0.0540892664050498,,5.763709202196097,0.0093844544385481,0.0093844544385481,0.0218970603566122,0.0375378177541925
pitch_types,primary_velo,mean,2022.0,1,SL,575,94.03106660603402,5.934349823673634,0.0304429299081696,,5.934043726007064,0.0051302166471655,0.0051302166471655,0.0119705055100529,0.0205208665886621
pitch_types,primary_velo,mean,2023.0,14,FA,342,92.16446038166822,6.764820949391742,0.0305680585097841,,6.76441351099596,0.004518951784969,0.004518951784969,0.0105442208315945,0.0180758071398763
pitch_types,primary_velo,mean,2021.0,1,CU,378,93.2453174635068,5.17714630541292,0.0245357096000995,,5.176815315242775,0.0047395373614847,0.0047395373614847,0.011058920510131,0.0189581494459389
pitch_types,primary_velo,mean,2018.0,1,FS,61,93.50523878623488,5.183241247928526,0.0249516680353671,,5.182904757985792,0.0048142246868267,0.0048142246868267,0.0112331909359291,0.0192568987473071
pitch_types,primary_velo,mean,2025.0,11,CH,611,92.90180789852413,10.612297559755058,0.0213571244817652,,10.611926272812871,0.0020125586941252,0.0020125586941252,0.0046959702862921,0.0080502347765008
pitch_types,primary_velo,mean,2025.0,11,SI,565,93.37643268857757,6.109562725277346,0.0927459001385444,,6.108269424762655,0.0151836622927202,0.0151836622927202,0.0354285453496804,0.0607346491708808
pitch_types,primary_velo,mean,2020.0,1,SW,57,92.9221720663597,8.955791116233533,0.0225281387320631,,8.955436566371652,0.002515582413554,0.002515582413554,0.0058696922982927,0.010062329654216
pitch_types,primary_velo,mean,2023.0,14,SW,84,92.35515656794712,4.849170199412552,0.0241988565113363,,4.8487816307715885,0.0049907086674648,0.0049907086674648,0.0116449868907514,0.0199628346698595
pitch_types,primary_velo,mean,2023.0,11,CH,615,92.7834134422162,6.172693080945908,0.018540938831686,,6.172394279529461,0.0030038487484794,0.0030038487484794,0.0070089804131186,0.0120153949939176
pitch_types,primary_velo,mean,2017.0,1,SL,558,93.07434535697118,6.944681396001709,0.0861266819173022,,6.943831550554291,0.0124033368739233,0.0124033368739233,0.0289411193724877,0.0496133474956933
pitch_types,primary_velo,mean,2024.0,11,SW,406,92.79290222524897,5.696762602087333,0.0332586481481695,,5.696319436908409,0.0058386206245168,0.0058386206245168,0.0136234481238725,0.0233544824980673
pitch_types,primary_velo,mean,2025.0,14,CH,179,92.23885256059484,15.883660138798316,0.0294104746776019,,15.883089329542896,0.0018516847741262,0.0018516847741262,0.0043205978062946,0.007406739096505
pitch_types,primary_velo,mean,2022.0,11,SI,205,92.63290322553064,7.685363252160922,0.112194360963074,,7.683436984197359,0.0146021059577667,0.0146021059577667,0.0340715805681225,0.0584084238310671
pitch_types,primary_velo,mean,2020.0,1,SL,481,93.35695866866853,6.435870544586561,0.0330737231501191,,6.435382335056847,0.0051393563627058,0.0051393563627058,0.0119918315129802,0.0205574254508233
pitch_types,primary_velo,mean,2025.0,14,FA,378,92.666575200399,15.408635557956424,0.0517329695751809,,15.40797385375526,0.0033575452597599,0.0033575452597599,0.0078342722727731,0.0134301810390397
pitch_types,primary_velo,mean,2019.0,1,FA,703,92.65073922075578,19.693016300364885,0.0239854644289632,,19.69281406686242,0.0012179805459761,0.0012179805459761,0.0028419546072776,0.0048719221839044
pitch_types,primary_velo,mean,2024.0,1,HC,38,92.40362387548996,7.864974049409502,0.0292662257079597,,7.864742031837524,0.0037211933448657,0.0037211933448657,0.0086827844713534,0.014884773379463
pitch_types,primary_velo,mean,2023.0,1,SL,582,94.1564848401048,5.605062308655528,0.0232355012735453,,5.604834465432007,0.0041456177549668,0.0041456177549668,0.0096731080949227,0.0165824710198675
pitch_types,primary_velo,mean,2025.0,16,SL,50,92.08715806870276,3.563311325844944,0.0649880095489145,,3.561173216310375,0.0182490447954808,0.0182490447954808,0.0425811045227885,0.0729961791819232
pitch_types,primary_velo,mean,2021.0,14,CU,127,91.83090686614167,3.9065204442668247,0.0263104850758983,,3.906010262364084,0.0067358975805593,0.0067358975805593,0.0157170943546385,0.0269435903222375
pitch_types,primary_velo,mean,2021.0,14,CH,209,91.82417120505372,4.080383135632416,0.0249380638668078,,4.07988346700726,0.0061124451392972,0.0061124451392972,0.0142623719916936,0.0244497805571891
pitch_types,primary_velo,mean,2024.0,1,SL,593,94.26082316686724,5.301974646284541,0.0293849788984886,,5.301662985887221,0.0055425965355983,0.0055425965355983,0.0129327252497295,0.0221703861423934
pitch_types,primary_velo,mean,2016.0,1,FS,63,93.11803836587109,5.817619021657502,0.0226264967802216,,5.817323569769264,0.0038895028802943,0.0038895028802943,0.0090755067206867,0.0155580115211773
pitch_types,primary_velo,mean,2020.0,1,HC,20,91.11196950300952,11.249149471646296,0.0682831287387583,,11.24849001114328,0.0060704262235299,0.0060704262235299,0.0141643278549031,0.0242817048941196
pitch_types,primary_velo,mean,2025.0,16,SI,19,92.62795255786898,4.984228734898444,0.0767081719214263,,4.981337855298023,0.0153991104698593,0.0153991104698593,0.035931257763005,0.0615964418794372
pitch_types,primary_velo,mean,2024.0,14,CH,206,92.34595209905468,3.1208410354837937,0.015282165857941,,3.1205495296049315,0.0048972675206587,0.0048972675206587,0.0114269575482036,0.0195890700826348
pitch_types,primary_velo,mean,2023.0,1,SW,290,93.6420472453992,5.680780044039106,0.0538689712228947,,5.680157776621174,0.0094837103723795,0.0094837103723795,0.0221286575355523,0.0379348414895182
pitch_types,primary_velo,mean,2022.0,11,SW,127,92.20678844232708,6.282927715995987,0.0717774839148164,,6.281747424519648,0.011426356245182,0.011426356245182,0.0266614979054248,0.0457054249807282
pitch_types,primary_velo,mean,2018.0,1,SW,32,92.80997881766908,6.75772066905002,0.0262470186485261,,6.75751694756603,0.0038841217642791,0.0038841217642791,0.0090629507833179,0.0155364870571164
pitch_types,primary_velo,mean,2016.0,1,SI,405,92.49737909260156,8.141324568568791,0.3827633937529101,,8.137556625316634,0.0470366488832901,0.0470366488832901,0.109752180727677,0.1881465955331606
pitch_types,primary_velo,mean,2017.0,1,HC,37,91.13232918199913,7.124986568267588,2.348280202866593,,7.108610702090759,0.3303430587605431,0.3303430587605431,0.7708004704412672,1.3213722350421726
pitch_types,primary_velo,mean,2024.0,14,SW,82,92.2879567795724,3.602302090236805,0.0360707634442369,,3.6017502742558074,0.010014787449885,0.010014787449885,0.023367837383065,0.04005914979954
pitch_types,primary_velo,mean,2018.0,1,FA,683,92.94813209695776,12.128459817484371,0.0233190676998142,,12.128262829678958,0.001922704679746,0.001922704679746,0.0044863109194075,0.0076908187189843
pitch_types,primary_velo,mean,2021.0,1,CH,452,93.19060284660124,6.669472272305089,0.0212466332011634,,6.669173440110118,0.003185797069451,0.003185797069451,0.0074335264953857,0.0127431882778041
pitch_types,primary_velo,mean,2022.0,16,FA,27,91.65657385792616,4.333294429682666,0.1110713288506822,,4.330039271633611,0.025651344452767,0.025651344452767,0.0598531370564564,0.1026053778110681
pitch_types,primary_velo,mean,2021.0,14,XX,11,91.70442790022818,5.347495515691667,0.0378769094373904,,5.346316373426352,0.0070846741553971,0.0070846741553971,0.0165309063625934,0.0283386966215887
pitch_types,primary_velo,mean,2023.0,14,CH,187,91.89774734466276,4.398000487094515,0.0146219394917875,,4.39774362777737,0.0033248731007035,0.0033248731007035,0.007758037234975,0.0132994924028143
pitch_types,primary_velo,mean,2021.0,16,FA,25,90.6249501298102,19.15321118915347,0.0802692554040796,,19.150451952151617,0.0041915071040953,0.0041915071040953,0.009780183242889,0.0167660284163813
pitch_types,primary_velo,mean,2023.0,14,CU,100,91.98382083542404,3.742037723688539,0.0212954629206318,,3.741658773259381,0.0056914497582796,0.0056914497582796,0.0132800494359857,0.0227657990331184
pitch_types,primary_velo,mean,2023.0,11,SW,410,92.69914116137085,5.901131945103154,0.0436669039703667,,5.90054899424386,0.007400481550609,0.007400481550609,0.0172677902847545,0.0296019262024363
pitch_types,primary_velo,mean,2022.0,14,CU,91,91.99351724846788,4.457567230927477,0.0216828829576415,,4.457176755144494,0.0048647123838234,0.0048647123838234,0.0113509955622547,0.0194588495352938
pitch_types,primary_velo,mean,2019.0,1,SI,377,93.03037401546705,6.364313920205203,0.0378877772080906,,6.363961120886756,0.0059534897351496,0.0059534897351496,0.0138914760486824,0.0238139589405985
pitch_types,primary_velo,mean,2023.0,1,CU,299,93.76402542995966,5.682063363464592,0.0230434872059206,,5.681766902911344,0.0040556903512027,0.0040556903512027,0.0094632774861397,0.016222761404811
pitch_types,primary_velo,mean,2024.0,11,SL,836,93.39459784871592,5.031001635836724,0.0359291511122761,,5.03054704215759,0.00714219563224,0.00714219563224,0.0166651231418934,0.0285687825289602
pitch_types,primary_velo,mean,2023.0,1,CH,433,93.45279011996942,9.140813516372608,0.0179356471642565,,9.140567112388712,0.0019622028856335,0.0019622028856335,0.0045784733998117,0.0078488115425343
pitch_types,primary_velo,mean,2015.0,1,CU,353,92.2159059094034,7.219745570630689,0.2859935942900498,,7.216086846493493,0.0396327816410666,0.0396327816410666,0.0924764904958221,0.1585311265642666
pitch_types,primary_velo,mean,2021.0,14,SL,241,91.98990051861388,4.415018846956884,0.0338401954454999,,4.414499082500006,0.007665693165426,0.007665693165426,0.0178866173859941,0.0306627726617042
pitch_types,primary_velo,mean,2022.0,1,FA,688,93.04520150572768,32.0475194607181,0.0361877441038046,,32.04718253637988,0.0011292020464739,0.0011292020464739,0.0026348047751059,0.0045168081858958
pitch_types,primary_velo,mean,2022.0,1,FS,63,94.5351767861955,5.235203534058637,0.0311014129659676,,5.23475874919644,0.0059413268989219,0.0059413268989219,0.0138630960974844,0.0237653075956876
pitch_types,primary_velo,mean,2019.0,1,CH,434,92.90746776290578,6.187581007052341,0.0191488755034187,,6.187325875848489,0.0030948548512959,0.0030948548512959,0.0072213279863572,0.0123794194051838
pitch_types,primary_velo,mean,2025.0,16,CU,11,91.76499502551611,2.999087999587392,0.0887260184348512,,2.9962092797385385,0.0296127573714055,0.0296127573714055,0.069096433866613,0.1184510294856223
pitch_types,primary_velo,mean,2023.0,1,FA,681,92.94785142685926,45.4399395289741,0.0238063912702235,,45.43971828219465,0.0005239115067214,0.0005239115067214,0.00122246018235,0.0020956460268858
pitch_types,primary_velo,mean,2015.0,1,HC,58,91.17295153490812,8.529547173358004,1.220915857465641,,8.518723676031192,0.1433214532948034,0.1433214532948034,0.3344167243545414,0.5732858131792138
pitch_types,primary_velo,mean,2025.0,14,FS,28,92.62115824650763,5.618038584952115,0.0136873576230517,,5.617790109517672,0.0024364309374717,0.0024364309374717,0.0056850055207674,0.009745723749887
pitch_types,primary_velo,mean,2022.0,14,SI,90,91.84366220054191,5.23047112101488,0.1420925125841733,,5.228100282625936,0.0271786126705289,0.0271786126705289,0.0634167628979009,0.1087144506821159
pitch_types,primary_velo,mean,2021.0,1,FA,716,93.01687374468048,20.718367624532867,0.0230664909802922,,20.71816092792793,0.0011133464529276,0.0011133464529276,0.0025978083901644,0.0044533858117104
pitch_types,primary_velo,mean,2017.0,1,SI,388,92.62582717849914,7.124697364301271,0.1945588101306801,,7.123184248016793,0.0273134602947899,0.0273134602947899,0.0637314073545099,0.1092538411791599
pitch_types,primary_velo,mean,2016.0,1,SL,522,92.9340387603128,7.330777522985296,0.167613902464062,,7.329077545111965,0.0228697133346405,0.0228697133346405,0.0533626644474947,0.0914788533385623
pitch_types,primary_velo,mean,2025.0,14,SW,78,92.4060202573717,3.0552801213294054,0.02726527835477,,3.054823674381787,0.0089253198419996,0.0089253198419996,0.0208257462979991,0.0357012793679986
pitch_types,primary_velo,mean,2024.0,1,CU,299,93.9182269784117,4.546462807039279,0.0213561701547047,,4.546186078308137,0.004697601415086,0.004697601415086,0.010961069968534,0.0187904056603441
pitch_types,primary_velo,mean,2022.0,11,FS,21,92.79775147298425,3.250874780313083,0.0331794647555847,,3.250147121489378,0.0102086039540204,0.0102086039540204,0.0238200758927144,0.0408344158160819
pitch_types,primary_velo,mean,2025.0,11,SL,892,93.57722417605564,5.235684933703915,0.0296311327562203,,5.235315705161218,0.005659855952337,0.005659855952337,0.0132063305554531,0.0226394238093481
pitch_types,primary_velo,mean,2024.0,11,CU,394,93.08912555045472,4.51822644680197,0.0225721011622831,,4.517857813179777,0.0049961955634005,0.0049961955634005,0.0116577896479345,0.019984782253602
pitch_types,primary_velo,mean,2015.0,1,XX,80,91.61831673765654,8.862760737799666,0.474162446637567,,8.847822590371026,0.0535908628133651,0.0535908628133651,0.1250453465645187,0.2143634512534607
pitch_types,primary_velo,mean,2022.0,1,SI,387,93.62080168947664,7.08868226485944,0.066044700167667,,7.088080855543046,0.0093177125816811,0.0093177125816811,0.0217413293572561,0.0372708503267247
pitch_types,primary_velo,mean,2024.0,14,FA,345,92.46749662833832,8.659264743664181,0.0398166605755922,,8.658785261480384,0.0045984118295116,0.0045984118295116,0.0107296276021937,0.0183936473180464
pitch_types,primary_velo,mean,2022.0,1,SW,228,93.39974632248502,5.675271750890643,0.0479060618213113,,5.674677753200787,0.0084420761679885,0.0084420761679885,0.0196981777253066,0.0337683046719543
pitch_types,primary_velo,mean,2024.0,1,CH,410,93.5431435512968,5.855627859793243,0.0415790392834453,,5.855071478885161,0.0071013717652106,0.0071013717652106,0.0165698674521582,0.0284054870608426
pitch_types,primary_velo,mean,2016.0,1,SW,16,93.03872813396116,8.456331892509281,0.6538023449491523,,8.45203004041244,0.077354474821205,0.077354474821205,0.1804937745828116,0.30941789928482
pitch_types,primary_velo,mean,2023.0,11,CU,393,93.00797763662634,4.780496294906607,0.0211636819764,,4.780152539046074,0.0044274072434984,0.0044274072434984,0.0103306169014963,0.0177096289739937
pitch_types,primary_velo,mean,2017.0,1,SW,23,93.09624009749152,6.5299582011881965,0.0127628774001364,,6.529864831179618,0.0019545392944727,0.0019545392944727,0.0045605916871031,0.0078181571778911
pitch_types,primary_velo,mean,2023.0,14,FS,11,92.14473264875603,2.5567307897794893,0.0138874942612938,,2.556488356017867,0.005432254063901,0.005432254063901,0.0126752594824358,0.0217290162556042
pitch_types,primary_velo,mean,2017.0,1,FA,636,92.92950870221034,11.043939727730905,0.0251083212144719,,11.04374714035443,0.0022735327869582,0.0022735327869582,0.0053049098362358,0.0090941311478329
pitch_types,primary_velo,mean,2018.0,1,CU,364,92.98359211646807,5.561758579007231,0.0293739318655719,,5.561407291244754,0.0052817444087964,0.0052817444087964,0.0123240702871917,0.0211269776351859
pitch_types,primary_velo,mean,2023.0,11,FA,946,92.67638465845286,24.5216873287424,0.0300758192760787,,24.52138037195209,0.0012265141203257,0.0012265141203257,0.0028618662807601,0.0049060564813031
pitch_types,primary_velo,mean,2025.0,1,CH,421,93.5633735062973,12.195903857784687,0.0193844682858193,,12.195645674156172,0.001589458139711,0.001589458139711,0.0037087356593257,0.0063578325588441
pitch_types,primary_velo,mean,2022.0,11,SL,333,93.0398964290901,6.2656154086570925,0.041464864204486,,6.264931358066093,0.0066185664031418,0.0066185664031418,0.0154433216073309,0.0264742656125673
pitch_types,primary_velo,mean,2023.0,11,SI,502,92.8058065653508,7.160358358396421,0.0581316729923542,,7.159641335360018,0.0081193554634159,0.0081193554634159,0.0189451627479706,0.0324774218536639
pitch_types,primary_velo,mean,2019.0,1,HC,31,91.2519495739766,8.161037646584505,0.1086820599298761,,8.160259110752314,0.0133184569821651,0.0133184569821651,0.031076399625052,0.0532738279286607
pitch_types,primary_velo,mean,2023.0,14,SI,93,92.15852393357316,5.547078449645976,0.0417080436559195,,5.54636196916261,0.007519892118079,0.007519892118079,0.0175464149421845,0.0300795684723163
pitch_types,primary_velo,mean,2020.0,1,FA,570,93.26558916207632,9.204315017804358,0.0417033355601543,,9.203790814854615,0.0045311042372721,0.0045311042372721,0.010572576553635,0.0181244169490886
pitch_types,primary_velo,mean,2015.0,1,CH,385,92.40878784899928,6.900009433346159,0.1114858782766095,,6.898568514503824,0.0161607263945001,0.0161607263945001,0.0377083615871669,0.0646429055780005
pitch_types,primary_velo,mean,2024.0,11,FS,102,93.29955512542004,5.643040150879105,0.0253641983742847,,5.642648098316074,0.0044950877553137,0.0044950877553137,0.0104885380957319,0.0179803510212548
pitch_types,primary_velo,mean,2025.0,1,SW,323,93.79401953407604,5.863373030841697,0.0419593478970703,,5.862880090028766,0.0071567808402618,0.0071567808402618,0.0166991552939442,0.0286271233610472
pitch_types,primary_velo,mean,2020.0,1,CH,324,93.0037024330544,7.592053690077375,0.0241127108213639,,7.591584309398316,0.0031762422491327,0.0031762422491327,0.0074112319146429,0.0127049689965308
pitch_types,primary_velo,mean,2022.0,1,HC,29,92.24040276225352,8.950454925614043,0.068103791546519,,8.949869865819043,0.0076094728267075,0.0076094728267075,0.017755436595651,0.0304378913068303
pitch_types,primary_velo,mean,2017.0,1,CU,361,92.62058073508037,6.51373984372239,0.0974944221816759,,6.512631575073979,0.0149700502873246,0.0149700502873246,0.0349301173370908,0.0598802011492986
pitch_types,primary_velo,mean,2023.0,1,FS,82,94.2759621372388,6.466669983179193,0.0214919778017718,,6.466375511311463,0.0033236513660823,0.0033236513660823,0.0077551865208588,0.0132946054643294
pitch_types,primary_velo,mean,2016.0,1,CH,412,92.51883565675286,7.567009138159753,0.1472126530570358,,7.564833821276252,0.0194601304582523,0.0194601304582523,0.0454069710692555,0.0778405218330095
pitch_types,primary_velo,mean,2025.0,11,FA,1015,92.93403946856712,26.828579389954584,0.0262657690561892,,26.82828928638108,0.0009790325717682,0.0009790325717682,0.002284409334126,0.0039161302870731
pitch_types,primary_velo,mean,2022.0,14,FA,346,92.25478359174028,5.202986544566599,0.0243898712753152,,5.202699020118025,0.0046879266282757,0.0046879266282757,0.0109384954659766,0.0187517065131028
pitch_types,primary_velo,mean,2018.0,1,SL,562,93.37711789215486,5.924835491690629,0.0337819485764388,,5.9244989748094845,0.0057020768709855,0.0057020768709855,0.0133048460322996,0.0228083074839422
pitch_types,primary_velo,mean,2021.0,1,SW,113,93.28716609402892,5.733926003588673,0.0238028204222614,,5.733664533378194,0.0041514149081612,0.0041514149081612,0.0096866347857095,0.0166056596326448
pitch_types,primary_velo,mean,2019.0,1,SW,44,92.55222621581156,7.421414363739402,0.0187229638285446,,7.421256938652026,0.0025228831158007,0.0025228831158007,0.0058867272702018,0.0100915324632031
pitch_types,primary_velo,mean,2018.0,1,SI,393,92.96574061618396,6.4547855692286,0.0573531132032924,,6.454275636636711,0.0088860650570509,0.0088860650570509,0.0207341517997854,0.0355442602282036
pitch_types,primary_velo,mean,2015.0,1,FS,68,92.42596194966778,7.002001487412759,1.1850380923518289,,6.987012500223353,0.1696058354431091,0.1696058354431091,0.3957469493672546,0.6784233417724366
pitch_types,primary_velo,mean,2025.0,1,CU,304,94.26206819820013,4.761343436024962,0.0207902888864142,,4.761112560063057,0.0043666871186382,0.0043666871186382,0.0101889366101559,0.0174667484745531
pitch_types,primary_velo,mean,2020.0,1,SI,289,93.0664908616239,7.348066877018419,0.069641498152732,,7.34709263148978,0.0094787831929935,0.0094787831929935,0.0221171607836515,0.0379151327719741
pitch_types,primary_velo,mean,2022.0,11,CH,252,92.44575848615251,7.952789892355102,0.0363394268629949,,7.952145217703981,0.0045697639904879,0.0045697639904879,0.0106627826444719,0.0182790559619519
pitch_types,primary_velo,mean,2017.0,1,CH,419,92.67818667023666,7.321915498896552,0.0740277708337391,,7.320883838863422,0.0101118625104741,0.0101118625104741,0.023594345857773,0.0404474500418966
pitch_types,primary_velo,mean,2015.0,1,SL,516,92.69637751352366,7.634906827944446,0.169182962733851,,7.633285994985467,0.0221638443581168,0.0221638443581168,0.051715636835606,0.0886553774324674
pitch_types,primary_velo,mean,2024.0,1,FS,90,94.64023942589876,4.68188804046808,0.0200174000429432,,4.681639319987313,0.0042757245218534,0.0042757245218534,0.0099766905509914,0.0171028980874139
pitch_types,primary_velo,mean,2023.0,11,HC,34,90.98576730478833,5.9548798170979245,0.0551800097496055,,5.9543572042404005,0.009267164843639,0.009267164843639,0.0216233846351577,0.0370686593745562
pitch_types,primary_velo,mean,2023.0,11,FS,88,93.43062066391124,4.4691037385246055,0.0181278009837504,,4.468782193681355,0.0040565416254527,0.0040565416254527,0.009465263792723,0.016226166501811
pitch_types,primary_velo,mean,2021.0,14,SI,76,91.83958393484906,3.927213476101242,0.0746235819256967,,3.9261084189828144,0.0190070099859928,0.0190070099859928,0.0443496899673165,0.0760280399439712
pitch_types,primary_velo,mean,2025.0,16,CH,14,91.35827074185352,2.9263067727029943,0.0298877466712195,,2.925201213955561,0.0102173301886485,0.0102173301886485,0.0238404371068466,0.0408693207545942
pitch_types,primary_velo,mean,2019.0,1,SL,586,93.42338566588136,6.018577678218704,0.0255960996037538,,6.01834235115409,0.0042530148852109,0.0042530148852109,0.0099237013988255,0.0170120595408437
pitch_types,primary_velo,mean,2020.0,1,CU,300,93.0719411833072,5.733736136423892,0.0350199754950811,,5.733081438600818,0.006108403634264,0.006108403634264,0.0142529418132828,0.0244336145370562
pitch_types,primary_velo,mean,2024.0,11,SI,521,92.9754485956212,5.8578306606946,0.0557061801663853,,5.857075848029358,0.0095109200583646,0.0095109200583646,0.0221921468028507,0.0380436802334584
pitch_types,primary_velo,mean,2025.0,1,FA,699,92.70439344289537,70.9001760745643,0.0280815774489848,,70.89990511351705,0.0003960735547392,0.0003960735547392,0.0009241716277248,0.0015842942189569
pitch_types,primary_velo,mean,2019.0,1,FS,55,93.66357996904703,5.530090330166917,0.0197762183493607,,5.529828058915274,0.0035762808786571,0.0035762808786571,0.0083446553835334,0.0143051235146287
pitch_types,primary_velo,mean,2023.0,1,HC,34,92.2292990238211,7.649227303965842,0.0290280482266706,,7.648962708771394,0.0037950306900284,0.0037950306900284,0.0088550716100664,0.0151801227601138
pitch_types,primary_velo,mean,2024.0,1,SI,428,93.86112769964105,6.328403229586086,0.0585585293099653,,6.327816291011722,0.0092541449714879,0.0092541449714879,0.0215930049334717,0.0370165798859516
pitch_types,primary_velo,mean,2016.0,1,FA,619,93.00279767626634,6.545066622449126,0.0257414393879661,,6.544878314987417,0.0039330661548007,0.0039330661548007,0.0091771543612016,0.0157322646192028
pitch_types,primary_velo,mean,2023.0,16,FA,24,91.40667759038048,4.0171732324448906,0.0710584500215787,,4.014674633446039,0.0176996784321186,0.0176996784321186,0.0412992496749435,0.0707987137284746
pitch_types,primary_velo,mean,2025.0,11,CU,425,93.09225695540938,4.4810110465967,0.0194518048403284,,4.480667606813883,0.0043412737893673,0.0043412737893673,0.0101296388418571,0.0173650951574694
pitch_types,primary_velo,mean,2025.0,14,CU,97,92.47036705758212,3.529344806010909,0.0303739113922613,,3.528786274246425,0.0086074669962118,0.0086074669962118,0.0200840896578275,0.0344298679848472
pitch_types,primary_velo,mean,2018.0,1,CH,419,92.81225299534503,5.370817330644335,0.0187167291313416,,5.370552887060297,0.0034850656021724,0.0034850656021724,0.0081318197384023,0.0139402624086896
pitch_types,primary_velo,mean,2025.0,11,SW,435,93.12542678504762,5.128985705078074,0.0520107514820309,,5.128242992352852,0.0101420216552898,0.0101420216552898,0.0236647171956762,0.0405680866211593
pitch_types,primary_velo,mean,2022.0,14,SW,61,92.33685101934006,5.008316278070832,0.0222425658519355,,5.008007181656043,0.0044414005501846,0.0044414005501846,0.0103632679504307,0.0177656022007384
pitch_types,primary_velo,mean,2022.0,11,XX,10,91.53881161275064,9.15672892901301,0.0661219869243523,,9.154914986644156,0.0072225670058996,0.0072225670058996,0.0168526563470991,0.0288902680235986
pitch_types,primary_velo,mean,2022.0,1,CH,443,93.40633895853344,7.161186450701214,0.0260264032872031,,7.160848122949123,0.0036345420040111,0.0036345420040111,0.0084805980093593,0.0145381680160446
pitch_types,primary_velo,mean,2021.0,14,FA,352,91.83293506093976,12.23857584088389,0.040537647276481,,12.238107173716235,0.0033124115274577,0.0033124115274577,0.0077289602307347,0.0132496461098309
pitch_types,primary_velo,mean,2016.0,1,HC,49,91.5691674149669,6.667590370264413,1.554966341665047,,6.654982967118586,0.2336544434971412,0.2336544434971412,0.5451937014933296,0.9346177739885652
pitch_types,primary_velo,mean,2021.0,1,HC,27,91.81067388513002,10.228687650571231,0.0427921432047705,,10.228355538860304,0.0041836777224052,0.0041836777224052,0.0097619146856123,0.0167347108896211
pitch_types,primary_velo,mean,2023.0,11,SL,826,93.31702184908434,5.359111495437429,0.0315601684626642,,5.358697209932779,0.0058895226257913,0.0058895226257913,0.0137422194601798,0.0235580905031655
pitch_types,primary_velo,mean,2022.0,14,SL,241,92.10815167757588,4.470806048149655,0.0498871737995154,,4.470018830917864,0.0111603945501213,0.0111603945501213,0.0260409206169497,0.0446415782004853
pitch_types,primary_velo,mean,2025.0,1,SL,613,94.37779783004116,5.292703406675502,0.0211462577786474,,5.292477697516699,0.0039955308245454,0.0039955308245454,0.0093229052572727,0.0159821232981819
pitch_types,primary_velo,mean,2024.0,11,FA,952,92.37336890609971,37.06446549203878,0.0372401808894532,,37.0640619374508,0.0010047517444876,0.0010047517444876,0.0023444207371379,0.0040190069779507
pitch_types,primary_velo,mean,2024.0,1,FA,671,93.3942663384994,36.32076683258414,0.0215758341674358,,36.32056442884274,0.000594039065932,0.000594039065932,0.0013860911538415,0.0023761562637283
pitch_types,primary_velo,mean,2016.0,1,XX,251,92.52044671883628,7.961401943711658,0.4271386530226258,,7.949332725037255,0.053732642449008,0.053732642449008,0.1253761657143521,0.2149305697960322
pitch_types,primary_velo,mean,2022.0,11,HC,13,89.50533414202442,6.724489856163411,0.0672981234682147,,6.723638053236233,0.0100091829654367,0.0100091829654367,0.0233547602526858,0.0400367318617472
pitch_types,primary_velo,mean,2023.0,14,SL,237,92.19589376842676,4.467795003436677,0.0272006561534594,,4.467330899533987,0.0060887936813225,0.0060887936813225,0.0142071852564192,0.0243551747252901
pitch_types,primary_velo,mean,2017.0,1,FS,53,92.3919798104178,5.708407297644759,0.0386288538270175,,5.707987318045361,0.0067675086987133,0.0067675086987133,0.0157908536303311,0.0270700347948534
pitch_types,primary_velo,mean,2024.0,14,SI,109,92.5313931615374,3.790332715811891,0.0484229381737668,,3.789566259683946,0.0127779631903851,0.0127779631903851,0.0298152474442319,0.0511118527615404
pitch_types,primary_velo,mean,2024.0,11,CH,559,92.63580515789587,10.396247767953769,0.0281208314635213,,10.395797460107438,0.0027050191744723,0.0027050191744723,0.0063117114071021,0.0108200766978893
pitch_types,primary_velo,mean,2025.0,16,FA,137,92.40451458767627,3.9380527487206,0.0672280906939351,,3.936022713909905,0.0170802090283552,0.0170802090283552,0.0398538210661621,0.0683208361134208
pitch_types,primary_velo,mean,2024.0,11,HC,41,91.38952695801842,6.643220135620962,0.0405900266233986,,6.6426952010119615,0.0061104755517331,0.0061104755517331,0.0142577762873773,0.0244419022069325
pitch_types,primary_velo,mean,2024.0,16,FA,12,92.88664788369802,5.552642306914734,0.0803288945615653,,5.550116248099857,0.0144733715422747,0.0144733715422747,0.0337712002653078,0.0578934861690991
pitch_types,primary_velo,mean,2021.0,14,SW,27,93.0011600835652,3.3182518392799127,0.0163153699776881,,3.3180039680813045,0.004917224371833,0.004917224371833,0.0114735235342771,0.0196688974873321
pitch_types,primary_velo,mean,2020.0,1,FS,49,93.53780116580413,6.228070393866059,0.0330860526706782,,6.2275175559499765,0.0053128798712203,0.0053128798712203,0.0123967196995142,0.0212515194848815
pitch_types,primary_velo,mean,2015.0,1,FA,607,92.77998951505056,7.764850599395189,0.0242329386534501,,7.764685654539951,0.0031209168962662,0.0031209168962662,0.0072821394246213,0.0124836675850651
pitch_types,primary_velo,mean,2025.0,14,SI,105,92.96583765328812,4.351956756550672,0.0439435757740722,,4.351221236056203,0.0100991361712283,0.0100991361712283,0.0235646510661995,0.0403965446849135
pitch_types,primary_velo,mean,2022.0,14,CH,216,91.7773489526284,4.673504232568322,0.0240549182407317,,4.673036968091466,0.0051475985328136,0.0051475985328136,0.0120110632432319,0.0205903941312547
pitch_types,primary_velo,mean,2022.0,11,FA,425,92.90614144827994,10.981610164456452,0.0330136011874266,,10.981143861202575,0.0030063900086098,0.0030063900086098,0.0070149100200896,0.0120255600344393
pitch_types,primary_velo,mean,2021.0,1,SI,376,93.1481757778588,7.416641897191527,0.0621994543197475,,7.416006756319818,0.0083871895433134,0.0083871895433134,0.019570108934398,0.0335487581732538
pitch_types,primary_velo,mean,2022.0,11,CU,154,92.38119171443488,5.471961016084473,0.0207139212990048,,5.471613146030829,0.0037857064719626,0.0037857064719626,0.0088333151012461,0.0151428258878505
pitch_types,primary_velo,mean,2025.0,11,FS,127,93.43374131756865,4.23638740421472,0.0129328283907693,,4.236155615166187,0.0030529634804886,0.0030529634804886,0.0071235814544735,0.0122118539219546
pitch_types,primary_velo,mean,2015.0,1,SI,409,92.17464856565408,7.932504261200741,0.9929561247303668,,7.923229747602186,0.1253221421517994,0.1253221421517994,0.2924183316875319,0.5012885686071976
pitch_types,primary_velo,mean,2024.0,14,SL,259,92.70033518458165,4.073665520561258,0.0287343596630469,,4.07322126923052,0.0070544558627612,0.0070544558627612,0.0164603970131095,0.0282178234510449
pitch_types,primary_velo,mean,2018.0,1,HC,36,91.5844414218472,5.381845306761812,0.0296735081480927,,5.381652983038145,0.0055138278595103,0.0055138278595103,0.0128655983388574,0.0220553114380414
pitch_types,primary_velo,mean,2025.0,11,HC,39,91.49286606711836,6.561010684374899,0.1085106983945879,,6.560094331115492,0.0165410271434521,0.0165410271434521,0.0385957300013883,0.0661641085738086
pitch_types,primary_velo,mean,2023.0,1,SI,407,93.7662980668341,6.879082176925013,0.0627257145976572,,6.87848795902918,0.0091191138185128,0.0091191138185128,0.0212779322431966,0.0364764552740513
pitch_types,primary_velo,mean,2025.0,14,SL,307,92.9846478536,4.125868522928903,0.0315636903816089,,4.1253999320905175,0.0076510619336764,0.0076510619336764,0.0178524778452449,0.0306042477347056
pitch_types,primary_velo,mean,2025.0,1,SI,454,94.0418742511417,6.460878246122184,0.0517920557838025,,6.460321701827217,0.0080169468602707,0.0080169468602707,0.0187062093406316,0.0320677874410828
pitch_types,primary_velo,mean,2021.0,1,FS,55,94.42856711560604,4.540427048039964,0.0113949878383417,,4.540299306323701,0.0025097437568644,0.0025097437568644,0.0058560687660169,0.0100389750274576
pitch_types,primary_velo,mean,2025.0,1,HC,39,93.00627100543063,7.185579058428339,0.0445258499790079,,7.185141468598889,0.0061969343503671,0.0061969343503671,0.01445951348419,0.0247877374014686
pitch_types,primary_velo,mean,2019.0,1,CU,374,92.9963521637632,5.314114359374516,0.0307466601950693,,5.313758131771135,0.0057862363006765,0.0057862363006765,0.0135012180349119,0.0231449452027061
pitch_types,primary_rpm,mean,2016.0,1,SW,16,1976.9724985693197,122045.12829049325,1406.8450018771575,,122035.8716104461,0.0115281267983891,0.0115281267983891,0.0268989625295746,0.0461125071935564
pitch_types,primary_rpm,mean,2025.0,11,SW,435,2253.579900213762,23183.973681354542,447.1228597168898,,23177.588773846248,0.0192911723510008,0.0192911723510008,0.0450127354856685,0.0771646894040033
pitch_types,primary_rpm,mean,2022.0,11,XX,10,2200.733061321061,22440.70303611084,30.065635885273565,,22439.87823738177,0.0013398306161567,0.0013398306161567,0.003126271437699,0.0053593224646269
pitch_types,primary_rpm,mean,2022.0,1,CU,321,2254.54541524895,22951.720692762254,254.84923447214928,,22948.445229693614,0.011105294146132,0.011105294146132,0.0259123530076415,0.0444211765845283
pitch_types,primary_rpm,mean,2023.0,14,SW,84,2304.830464010662,19423.81339370113,115.07211154187476,,19421.96564465672,0.0059248437386425,0.0059248437386425,0.0138246353901659,0.0236993749545701
pitch_types,primary_rpm,mean,2021.0,1,HC,27,2393.7793209708134,30230.762346143976,170.68828583688037,,30229.437626828712,0.0056464261076889,0.0056464261076889,0.0131749942512742,0.0225857044307558
pitch_types,primary_rpm,mean,2022.0,11,CH,252,2210.379076573716,21541.602603351068,327.575865046577,,21535.791288348475,0.0152107652168697,0.0152107652168697,0.0354917855060293,0.0608430608674789
pitch_types,primary_rpm,mean,2016.0,1,FS,63,2160.830115953705,54533.10625235494,2213.115642629959,,54504.20786822344,0.0406044914546906,0.0406044914546906,0.094743813394278,0.1624179658187624
pitch_types,primary_rpm,mean,2020.0,1,CH,324,2250.558931800884,26929.567539440053,258.48895083398605,,26924.535765112792,0.0096004979654624,0.0096004979654624,0.0224011619194123,0.0384019918618497
pitch_types,primary_rpm,mean,2022.0,11,SW,126,2206.5155708428347,20178.78691513805,282.60584113106967,,20174.209736636243,0.0140082731775044,0.0140082731775044,0.0326859707475102,0.0560330927100176
pitch_types,primary_rpm,mean,2019.0,1,FA,703,2256.8940639331604,31003.71382959671,78.19782456722929,,31003.054504446085,0.0025222619453839,0.0025222619453839,0.0058852778725625,0.0100890477815358
pitch_types,primary_rpm,mean,2025.0,1,SI,454,2290.9586028245694,20905.88066587232,397.7464122858823,,20901.60658380991,0.0190294660217158,0.0190294660217158,0.0444020873840035,0.0761178640868632
pitch_types,primary_rpm,mean,2015.0,1,SW,12,1978.5069957211008,157392.90251375223,753.8919576309838,,157384.44490404503,0.0047901300416989,0.0047901300416989,0.0111769700972976,0.0191605201667959
pitch_types,primary_rpm,mean,2024.0,1,HC,38,2373.516539192946,33235.212911719456,471.2000552074037,,33231.47731923766,0.0141793291547296,0.0141793291547296,0.0330851013610358,0.0567173166189186
pitch_types,primary_rpm,mean,2022.0,14,SW,61,2309.952481346825,23345.73518320416,105.0006046596977,,23344.276030035096,0.0044979165138641,0.0044979165138641,0.0104951385323496,0.0179916660554565
pitch_types,primary_rpm,mean,2025.0,11,HC,39,2311.1707487488616,38340.7997064986,421.18072661442415,,38337.2429112946,0.010986202831251,0.010986202831251,0.0256344732729191,0.0439448113250042
pitch_types,primary_rpm,mean,2016.0,1,CH,412,2088.888274647047,75254.28261131638,1595.8899643263746,,75230.70062762464,0.0212132806289506,0.0212132806289506,0.0494976548008848,0.0848531225158025
pitch_types,primary_rpm,mean,2017.0,1,HC,37,2278.04146291515,32881.850338619835,2178.547087681869,,32866.6581160204,0.0662844113931974,0.0662844113931974,0.1546636265841275,0.2651376455727899
pitch_types,primary_rpm,mean,2025.0,11,FS,127,2212.9077697662165,19015.73253812802,190.50335856764303,,19012.318235325078,0.0100199963102703,0.0100199963102703,0.0233799913906308,0.0400799852410814
pitch_types,primary_rpm,mean,2019.0,1,CU,374,2272.2834728455427,23663.366923835438,126.21095021620098,,23661.904656908533,0.0053339303004651,0.0053339303004651,0.0124458373677519,0.0213357212018604
pitch_types,primary_rpm,mean,2025.0,1,CU,304,2311.0554541483043,20515.57429808492,167.7182406963271,,20513.71178860458,0.0081759089931981,0.0081759089931981,0.019077120984129,0.0327036359727926
pitch_types,primary_rpm,mean,2016.0,1,SI,405,2033.1635613534695,77179.84732443967,8779.465509504756,,77093.42179795519,0.113880864342924,0.113880864342924,0.265722016800156,0.4555234573716961
pitch_types,primary_rpm,mean,2023.0,11,CH,615,2194.2931851657013,19672.00240527372,132.5546018079255,,19669.866186437317,0.0067389681531907,0.0067389681531907,0.0157242590241118,0.0269558726127631
pitch_types,primary_rpm,mean,2023.0,1,CH,433,2240.5202552237247,21610.75972798649,134.6408598586094,,21608.910001352124,0.0062308029350015,0.0062308029350015,0.0145385401816703,0.0249232117400062
pitch_types,primary_rpm,mean,2025.0,16,CU,11,2261.6068684898,24733.530010187875,703.6003386453026,,24710.70166404716,0.028473507074427,0.028473507074427,0.066438183173663,0.1138940282977081
pitch_types,primary_rpm,mean,2021.0,14,SW,27,2249.9788878260724,26772.262411625063,111.87685312400424,,26770.56272294388,0.0041790997926285,0.0041790997926285,0.0097512328494666,0.0167163991705141
pitch_types,primary_rpm,mean,2015.0,1,SI,408,2023.745818721204,92663.63325049182,11674.06786807007,,92555.34852600055,0.1261306672600406,0.1261306672600406,0.2943048902734281,0.5045226690401625
pitch_types,primary_rpm,mean,2023.0,11,SI,502,2194.27119830251,21542.173053591807,472.7146376045644,,21536.3411514077,0.0219496261821458,0.0219496261821458,0.051215794425007,0.0877985047285835
pitch_types,primary_rpm,mean,2023.0,11,FS,88,2200.791589395764,14831.544878124536,113.41777638048714,,14829.533111713336,0.0076481016311229,0.0076481016311229,0.0178455704726203,0.0305924065244919
pitch_types,primary_rpm,mean,2022.0,14,CH,216,2263.703892460548,21810.53144091367,73.93642484274976,,21809.095232961143,0.0033901647020645,0.0033901647020645,0.0079103843048173,0.0135606588082583
pitch_types,primary_rpm,mean,2024.0,14,FA,344,2288.130211300256,20713.46858797209,145.02900151055243,,20711.73387915012,0.0070022626959565,0.0070022626959565,0.0163386129572319,0.0280090507838262
pitch_types,primary_rpm,mean,2025.0,11,SI,564,2239.092710795112,21647.355974014103,794.2497137340224,,21636.299993958008,0.0367091283609405,0.0367091283609405,0.0856546328421946,0.1468365134437623
pitch_types,primary_rpm,mean,2021.0,14,FA,352,2288.8156905716965,23141.098442204573,118.74909777144622,,23139.725550410087,0.0051318282713747,0.0051318282713747,0.0119742659665409,0.0205273130854988
pitch_types,primary_rpm,mean,2022.0,1,SW,228,2257.358839579318,23437.18042379647,353.8312660446547,,23432.79319289836,0.0150998330899744,0.0150998330899744,0.035232943876607,0.0603993323598978
pitch_types,primary_rpm,mean,2021.0,16,FA,25,2243.42413263094,30735.96508883869,610.4370585491997,,30714.981456802077,0.0198742447364888,0.0198742447364888,0.0463732377184738,0.0794969789459552
pitch_types,primary_rpm,mean,2017.0,1,SL,558,2233.194322424994,24191.64022864516,270.5480241953392,,24188.97062612998,0.0111847679827715,0.0111847679827715,0.0260977919598001,0.044739071931086
pitch_types,primary_rpm,mean,2016.0,1,XX,251,2071.288811918017,78294.9440366854,5261.552064272271,,78146.2737583552,0.067329532314517,0.067329532314517,0.1571022420672064,0.2693181292580682
pitch_types,primary_rpm,mean,2025.0,1,HC,39,2422.9040722276545,33921.78749039932,258.0330431334522,,33919.25160090164,0.0076072740687059,0.0076072740687059,0.0177503061603139,0.0304290962748238
pitch_types,primary_rpm,mean,2020.0,1,SL,481,2275.76558124472,29157.14023470619,622.8267840894308,,29147.946532201822,0.0213677757162532,0.0213677757162532,0.0498581433379242,0.085471102865013
pitch_types,primary_rpm,mean,2023.0,1,SW,290,2265.886708187977,21077.13107947224,225.1331417718292,,21074.530453998224,0.0106827121137172,0.0106827121137172,0.0249263282653401,0.0427308484548688
pitch_types,primary_rpm,mean,2017.0,1,FS,53,2190.968655496929,27854.87373213549,772.9732745892068,,27846.46983261362,0.0277583937653707,0.0277583937653707,0.0647695854525317,0.111033575061483
pitch_types,primary_rpm,mean,2023.0,14,SL,237,2280.9365034174207,20035.7798065808,115.72337736034407,,20033.805307481867,0.0057764052103034,0.0057764052103034,0.0134782788240414,0.0231056208412139
pitch_types,primary_rpm,mean,2015.0,1,FA,607,2096.784282064087,80543.25307408148,798.8441631529244,,80537.8156305781,0.009918870494541,0.009918870494541,0.023144031153929,0.039675481978164
pitch_types,primary_rpm,mean,2022.0,14,CU,91,2280.5903607374594,22322.335490235066,76.03006131267043,,22320.966304330253,0.0034062172880893,0.0034062172880893,0.0079478403388752,0.0136248691523575
pitch_types,primary_rpm,mean,2015.0,1,SL,515,2069.6189301901645,99451.00964356186,3362.3992038120705,,99419.00615252565,0.0338204869866992,0.0338204869866992,0.0789144696356316,0.1352819479467971
pitch_types,primary_rpm,mean,2024.0,1,CH,410,2251.802413022941,22493.93510167606,161.79608224653418,,22491.77006244678,0.0071935682161661,0.0071935682161661,0.0167849925043876,0.0287742728646645
pitch_types,primary_rpm,mean,2020.0,1,SW,57,2276.0424981985457,32676.627717545434,448.81878427933697,,32669.56416738408,0.0137381319805734,0.0137381319805734,0.0320556412880048,0.0549525279222939
pitch_types,primary_rpm,mean,2016.0,1,FA,619,2101.6337052535505,72366.6245108318,927.9945846285462,,72359.83591202513,0.0128247193063953,0.0128247193063953,0.0299243450482557,0.0512988772255812
pitch_types,primary_rpm,mean,2015.0,1,CH,385,2092.8585897243,88199.23654953919,2093.9932715752216,,88172.17236520142,0.023748913238772,0.023748913238772,0.055414130890468,0.0949956529550881
pitch_types,primary_rpm,mean,2022.0,1,CH,443,2238.607688019332,20619.53933868157,184.94866054214805,,20617.13511617403,0.0089706285330136,0.0089706285330136,0.0209314665770318,0.0358825141320545
pitch_types,primary_rpm,mean,2016.0,1,SL,522,2088.61349771044,82730.74960168985,4104.165048598464,,82689.12423727468,0.0496336741555231,0.0496336741555231,0.1158119063628873,0.1985346966220926
pitch_types,primary_rpm,mean,2025.0,14,CU,97,2301.278710016228,17930.945024535395,207.8344560642653,,17927.123253148526,0.0115932965445397,0.0115932965445397,0.0270510252705927,0.046373186178159
pitch_types,primary_rpm,mean,2023.0,11,FA,946,2207.109841554983,27300.15870122081,112.53724178699052,,27299.010134985198,0.0041223927618814,0.0041223927618814,0.0096189164443899,0.0164895710475256
pitch_types,primary_rpm,mean,2022.0,1,SL,575,2246.194658463538,21641.416631515774,245.9010578369128,,21638.94414479265,0.0113638196111379,0.0113638196111379,0.0265155790926551,0.0454552784445516
pitch_types,primary_rpm,mean,2021.0,1,CU,378,2264.499581921934,24277.224757138472,168.43236504335954,,24274.95258086673,0.0069385249871143,0.0069385249871143,0.0161898916366001,0.0277540999484573
pitch_types,primary_rpm,mean,2022.0,14,SI,90,2234.540911149225,24762.082006362696,502.8800578295672,,24753.69136476974,0.020315356219771,0.020315356219771,0.0474024978461323,0.0812614248790841
pitch_types,primary_rpm,mean,2023.0,1,CU,299,2262.539592659005,22422.888807914413,140.93872282320297,,22421.07559399549,0.0062859929369734,0.0062859929369734,0.0146673168529379,0.0251439717478937
pitch_types,primary_rpm,mean,2018.0,1,HC,36,2304.901776270495,32138.811841270315,185.7624736378293,,32137.607853845933,0.0057802209325171,0.0057802209325171,0.0134871821758734,0.0231208837300687
pitch_types,primary_rpm,mean,2023.0,11,SW,410,2210.106194720853,21815.82714666125,254.23594051241363,,21812.430962807364,0.0116555527875785,0.0116555527875785,0.0271962898376832,0.0466222111503141
pitch_types,primary_rpm,mean,2025.0,1,FA,699,2270.525752543681,55308.18588336009,100.67239600247346,,55307.21448857646,0.0018202398535776,0.0018202398535776,0.0042472263250144,0.0072809594143105
pitch_types,primary_rpm,mean,2020.0,1,CU,300,2298.477032812216,25025.47295659324,444.5228341241513,,25017.16261006405,0.0177687150638468,0.0177687150638468,0.0414603351489759,0.0710748602553874
pitch_types,primary_rpm,mean,2017.0,1,SI,388,2210.507344289737,24629.661961650545,703.9974423148706,,24624.186856239063,0.0285896726834046,0.0285896726834046,0.0667092362612775,0.1143586907336187
pitch_types,primary_rpm,mean,2024.0,14,CH,206,2271.8030811276208,17342.551107643685,127.43527711354248,,17340.12017400048,0.0073491576664282,0.0073491576664282,0.0171480345549992,0.0293966306657129
pitch_types,primary_rpm,mean,2017.0,1,CU,361,2233.106796789469,23034.525843520896,202.46824079082467,,23032.224284123487,0.0087906507983421,0.0087906507983421,0.0205115185294649,0.0351626031933684
pitch_types,primary_rpm,mean,2024.0,11,SW,406,2212.032814674193,22870.024947368885,480.2592968106456,,22863.62558332219,0.0210053867030157,0.0210053867030157,0.0490125689737033,0.0840215468120628
pitch_types,primary_rpm,mean,2021.0,1,SL,616,2250.9160949796337,25067.38947801761,210.4037187811139,,25065.30674813085,0.0083942207807532,0.0083942207807532,0.0195865151550908,0.0335768831230128
pitch_types,primary_rpm,mean,2017.0,1,SW,23,2289.806964753222,28206.705927259565,106.29810273143964,,28205.92827701247,0.0037686440129705,0.0037686440129705,0.0087935026969312,0.0150745760518821
pitch_types,primary_rpm,mean,2015.0,1,HC,58,1852.756694034628,158679.00429901545,23334.61636073889,,158472.14142942597,0.1472474351028488,0.1472474351028488,0.343577348573314,0.5889897404113955
pitch_types,primary_rpm,mean,2024.0,11,HC,41,2298.187837672888,26537.90981593266,2310.72059575923,,26508.02618900876,0.0871706018125688,0.0871706018125688,0.203398070895994,0.3486824072502755
pitch_types,primary_rpm,mean,2021.0,1,SI,376,2218.080425338771,26661.12370589884,500.1745758910213,,26656.016244432936,0.0187640407818059,0.0187640407818059,0.0437827618242138,0.0750561631272237
pitch_types,primary_rpm,mean,2025.0,1,SW,323,2316.7937163907754,23761.68901349213,155.76831368296382,,23759.8590384562,0.0065559443526515,0.0065559443526515,0.0152972034895202,0.0262237774106062
pitch_types,primary_rpm,mean,2021.0,14,CU,127,2302.94731938166,21755.00058386856,83.24144148878689,,21753.38646398886,0.003826596912926,0.003826596912926,0.0089287261301607,0.0153063876517041
pitch_types,primary_rpm,mean,2017.0,1,CH,419,2212.725425516833,21244.619231953424,129.2170220412937,,21242.818447791768,0.0060828567715187,0.0060828567715187,0.014193332466877,0.024331427086075
pitch_types,primary_rpm,mean,2020.0,1,FA,570,2281.798287472573,27473.87828951181,250.9049877100896,,27470.724461816822,0.009133540983196,0.009133540983196,0.0213115956274573,0.0365341639327841
pitch_types,primary_rpm,mean,2025.0,1,SL,613,2303.1975850628405,20437.307369510163,159.19769526096076,,20435.60813845677,0.0077902108017707,0.0077902108017707,0.0181771585374651,0.0311608432070831
pitch_types,primary_rpm,mean,2024.0,1,FA,671,2255.5555535752187,39297.45223045621,100.12802903660328,,39296.51292551258,0.0025480130826467,0.0025480130826467,0.005945363859509,0.010192052330587
pitch_types,primary_rpm,mean,2021.0,14,CH,209,2281.22662298089,20405.783853430203,95.99714746468467,,20403.86041771568,0.004704852194604,0.004704852194604,0.0109779884540761,0.0188194087784162
pitch_types,primary_rpm,mean,2023.0,14,SI,93,2223.745463116885,25438.334400499127,341.4054302118954,,25432.46957668528,0.0134239983727287,0.0134239983727287,0.0313226628697003,0.0536959934909148
pitch_types,primary_rpm,mean,2025.0,14,FA,377,2301.707788177169,27741.64608147557,228.3672941493713,,27738.743678241248,0.0082327915351302,0.0082327915351302,0.0192098469153038,0.0329311661405208
pitch_types,primary_rpm,mean,2021.0,14,SL,241,2283.572339566468,21957.302651657472,177.87617066880853,,21954.57058377128,0.0081020109225135,0.0081020109225135,0.0189046921525315,0.032408043690054
pitch_types,primary_rpm,mean,2019.0,1,FS,55,2247.20242971926,18789.76773840222,79.54757085603472,,18788.712782363356,0.0042337956717665,0.0042337956717665,0.0098788565674552,0.0169351826870661
pitch_types,primary_rpm,mean,2025.0,16,SI,18,2204.046190926779,17092.32184241123,704.6540174292303,,17065.79607394962,0.0412904276118042,0.0412904276118042,0.0963443310942099,0.165161710447217
pitch_types,primary_rpm,mean,2020.0,1,SI,289,2224.258716010921,27662.57490552455,1149.0715395475474,,27646.500038682443,0.0415630021138223,0.0415630021138223,0.0969803382655854,0.1662520084552893
pitch_types,primary_rpm,mean,2024.0,11,CH,559,2198.088439457856,23463.73357357188,154.56912936507894,,23461.25840878725,0.0065882710412151,0.0065882710412151,0.015372632429502,0.0263530841648606
pitch_types,primary_rpm,mean,2019.0,1,SL,586,2264.3383153750656,24130.65209853214,151.16818048712148,,24129.262278804614,0.0062649317140503,0.0062649317140503,0.0146181739994507,0.0250597268562013
pitch_types,primary_rpm,mean,2024.0,14,SI,108,2266.071062292522,23029.931542982427,758.705443998818,,23017.859726873423,0.0329615982111936,0.0329615982111936,0.0769103958261185,0.1318463928447747
pitch_types,primary_rpm,mean,2023.0,1,FS,82,2232.2096835124307,20595.560905842365,202.31893268822267,,20592.78883737406,0.0098247466278599,0.0098247466278599,0.0229244087983398,0.0392989865114397
pitch_types,primary_rpm,mean,2019.0,1,SW,44,2300.8194032507504,27692.47787827688,147.7009225928035,,27691.23598992749,0.0053338508489302,0.0053338508489302,0.0124456519808373,0.0213354033957211
pitch_types,primary_rpm,mean,2025.0,11,FA,1015,2239.2500820499167,31405.579077719594,243.98473039486757,,31402.884283517426,0.007769500667266,0.007769500667266,0.0181288348902874,0.0310780026690642
pitch_types,primary_rpm,mean,2024.0,11,FS,102,2199.382277559483,21991.540797751757,151.24361835012368,,21989.20303618164,0.0068780854904683,0.0068780854904683,0.0160488661444261,0.0275123419618734
pitch_types,primary_rpm,mean,2023.0,1,FA,681,2232.3537020915405,41545.34971373704,147.83047064831945,,41543.97583832833,0.0035584093160369,0.0035584093160369,0.0083029550707527,0.0142336372641476
pitch_types,primary_rpm,mean,2022.0,11,CU,154,2209.536201307664,19312.89205564498,342.8610950277811,,19307.13403881185,0.0177582594256895,0.0177582594256895,0.0414359386599421,0.071033037702758
pitch_types,primary_rpm,mean,2022.0,11,FS,21,2211.3424272461257,12636.07126845606,226.59120626471145,,12631.101896833368,0.0179391479948014,0.0179391479948014,0.0418580119878701,0.0717565919792058
pitch_types,primary_rpm,mean,2021.0,1,FS,55,2247.798531651807,19651.55518430573,71.06965978145998,,19650.758469079392,0.0036166369808721,0.0036166369808721,0.0084388196220351,0.0144665479234887
pitch_types,primary_rpm,mean,2025.0,1,CH,421,2283.219555043984,22437.59644678158,70.56575842450681,,22436.656574545188,0.0031451102435897,0.0031451102435897,0.007338590568376,0.0125804409743589
pitch_types,primary_rpm,mean,2022.0,1,HC,29,2339.251845856425,36356.959276939095,2654.9447045537577,,36334.15142190912,0.0730702273385928,0.0730702273385928,0.1704971971233834,0.2922809093543715
pitch_types,primary_rpm,mean,2019.0,1,CH,434,2248.1096705649065,24122.95121887228,103.40408705783246,,24121.573508248515,0.0042867886302057,0.0042867886302057,0.0100025068038134,0.017147154520823
pitch_types,primary_rpm,mean,2024.0,14,SL,259,2297.19607168986,18290.51053103616,236.24829792115173,,18286.855077964003,0.0129190228125029,0.0129190228125029,0.0301443865625068,0.0516760912500116
pitch_types,primary_rpm,mean,2022.0,14,SL,241,2277.203524177022,19578.802688227526,164.5374986475705,,19576.206294318104,0.0084049736794675,0.0084049736794675,0.0196116052520909,0.0336198947178701
pitch_types,primary_rpm,mean,2023.0,14,CH,187,2273.440454862661,19469.363382969143,97.2288786226796,,19467.655391810807,0.0049943805078643,0.0049943805078643,0.01165355451835,0.0199775220314572
pitch_types,primary_rpm,mean,2022.0,11,HC,13,2225.8397571292767,19022.533985726583,448.0857328477998,,19016.86249417234,0.0235625478695612,0.0235625478695612,0.0549792783623095,0.094250191478245
pitch_types,primary_rpm,mean,2024.0,11,CU,394,2221.252931338516,19145.436224771947,305.99384988099274,,19140.438922108835,0.0159867728805081,0.0159867728805081,0.037302470054519,0.0639470915220327
pitch_types,primary_rpm,mean,2023.0,11,CU,393,2223.634130004475,18872.22448462681,138.52942617797595,,18869.974389290943,0.0073412620134023,0.0073412620134023,0.0171296113646053,0.0293650480536092
pitch_types,primary_rpm,mean,2018.0,1,SL,562,2240.172630113828,23217.084059831934,163.60452425568874,,23215.45432304753,0.0070472247486135,0.0070472247486135,0.0164435244134316,0.0281888989944543
pitch_types,primary_rpm,mean,2024.0,1,SL,593,2272.95508895076,24110.159736068224,207.2209082443469,,24107.96192776557,0.0085955382236474,0.0085955382236474,0.0200562558551774,0.0343821528945898
pitch_types,primary_rpm,mean,2025.0,11,CU,425,2256.088334429964,20366.64865875953,343.0620347366805,,20360.591578109703,0.0168493156704502,0.0168493156704502,0.0393150698977171,0.0673972626818008
pitch_types,primary_rpm,mean,2023.0,14,FS,11,2253.554526776082,6112.47977563719,117.58379659187638,,6110.427117211037,0.019243138709679,0.019243138709679,0.0449006569892511,0.0769725548387162
pitch_types,primary_rpm,mean,2020.0,1,HC,20,2361.6853341833225,28116.004117696382,1450.2020181985076,,28101.99844792022,0.0516049426479786,0.0516049426479786,0.1204115328452835,0.2064197705919145
pitch_types,primary_rpm,mean,2017.0,1,FA,636,2232.564706748576,23540.464338528724,92.68898370113476,,23539.7533898338,0.0039375511784743,0.0039375511784743,0.00918761941644,0.0157502047138972
pitch_types,primary_rpm,mean,2019.0,1,SI,377,2234.5516531985177,23453.355022124557,306.8621416637084,,23450.49761632211,0.0130855279356684,0.0130855279356684,0.0305328985165596,0.0523421117426736
pitch_types,primary_rpm,mean,2025.0,16,FA,135,2258.7950720854824,21191.718020153043,706.5976946087417,,21170.53266342474,0.0333764721862428,0.0333764721862428,0.0778784351012333,0.1335058887449714
pitch_types,primary_rpm,mean,2025.0,14,FS,28,2248.249708780328,19735.68750001113,115.48953927506258,,19733.5909438872,0.005852434035116,0.005852434035116,0.0136556794152706,0.023409736140464
pitch_types,primary_rpm,mean,2024.0,11,SL,836,2226.03093337832,20405.76280034066,290.4952324088255,,20402.08730864704,0.0142385055026063,0.0142385055026063,0.0332231795060814,0.0569540220104252
pitch_types,primary_rpm,mean,2022.0,1,SI,387,2222.1276132952967,22077.146947964848,654.8795363222821,,22071.183552669543,0.029671246888936,0.029671246888936,0.0692329094075173,0.1186849875557441
pitch_types,primary_rpm,mean,2024.0,14,FS,11,2276.316642713796,17766.82864458266,43.13507325487247,,17766.00087505792,0.0024279562721079,0.0024279562721079,0.0056652313015852,0.0097118250884318
pitch_types,primary_rpm,mean,2018.0,1,FA,683,2239.959919787313,24891.89517708809,79.61581196880981,,24891.222622581285,0.0031985496725493,0.0031985496725493,0.0074632825692817,0.0127941986901973
pitch_types,primary_rpm,mean,2024.0,1,SW,309,2276.7442546114653,25610.99073011561,579.9451350663194,,25604.53638700021,0.0226500931827363,0.0226500931827363,0.0528502174263849,0.0906003727309455
pitch_types,primary_rpm,mean,2024.0,1,FS,90,2254.1542516551767,25761.807461115943,91.01328611119553,,25760.676601552303,0.0035330316636835,0.0035330316636835,0.0082437405485948,0.014132126654734
pitch_types,primary_rpm,mean,2015.0,1,XX,80,2014.9618298852756,93307.2494242938,14322.972868517974,,92856.01444808768,0.1542492745747278,0.1542492745747278,0.3599149740076983,0.6169970982989114
pitch_types,primary_rpm,mean,2022.0,11,SL,333,2225.879726808779,21603.01244063803,454.4006012503796,,21595.51614212604,0.0210414327798346,0.0210414327798346,0.0490966764862808,0.0841657311193386
pitch_types,primary_rpm,mean,2022.0,1,FS,63,2252.1863132095277,22299.144143576323,158.3550236930208,,22296.879490280076,0.0071021159603097,0.0071021159603097,0.0165716039073893,0.0284084638412389
pitch_types,primary_rpm,mean,2025.0,16,SL,48,2240.523225875278,26570.47681802057,269.6223052050456,,26561.57606974864,0.0101508398634568,0.0101508398634568,0.0236852930147326,0.0406033594538273
pitch_types,primary_rpm,mean,2024.0,1,SI,428,2253.7611140379945,24447.645860782435,722.821158465818,,24440.400944879155,0.0295748486326394,0.0295748486326394,0.0690079801428252,0.1182993945305576
pitch_types,primary_rpm,mean,2018.0,1,SW,32,2272.658809737699,47859.06020209575,120.9104984465136,,47858.12173108297,0.0025264363513034,0.0025264363513034,0.0058950181530413,0.0101057454052138
pitch_types,primary_rpm,mean,2018.0,1,CH,419,2225.014260477337,21493.431360472678,65.40148048231802,,21492.50732071237,0.0030429897966948,0.0030429897966948,0.0071003095256214,0.0121719591867795
pitch_types,primary_rpm,mean,2016.0,1,HC,49,1835.519718454252,156101.72391318803,6524.296529490007,,156048.82602441308,0.0418093278604307,0.0418093278604307,0.0975550983410051,0.167237311441723
pitch_types,primary_rpm,mean,2025.0,14,CH,179,2287.0048510601896,20929.468957800957,123.45176612256964,,20927.0729607464,0.00589914157389,0.00589914157389,0.0137646636724101,0.0235965662955602
pitch_types,primary_rpm,mean,2022.0,11,SI,205,2176.9173615219697,21127.919625431103,1329.274540541605,,21105.097275535398,0.0629835780042802,0.0629835780042802,0.1469616820099871,0.2519343120171208
pitch_types,primary_rpm,mean,2024.0,11,SI,521,2192.2122814010736,22922.17392257015,856.9971439697922,,22910.561704744177,0.0374062039601731,0.0374062039601731,0.0872811425737372,0.1496248158406924
pitch_types,primary_rpm,mean,2022.0,11,FA,425,2232.7217531894244,23402.514560184594,129.00920891354178,,23400.689626638672,0.0055130515797569,0.0055130515797569,0.0128637870194328,0.0220522063190276
pitch_types,primary_rpm,mean,2023.0,11,HC,34,2298.129154541656,20906.40827191297,184.2868382975469,,20904.66288129771,0.0088155852760686,0.0088155852760686,0.0205696989774935,0.0352623411042745
pitch_types,primary_rpm,mean,2025.0,14,SL,307,2315.759962874885,19773.002998211003,314.8061662940797,,19768.329422858787,0.0159247733867718,0.0159247733867718,0.0371578045691342,0.0636990935470872
pitch_types,primary_rpm,mean,2023.0,11,SL,826,2215.029563996373,19520.006177607826,267.13713337975,,19516.49396557837,0.0136877624562539,0.0136877624562539,0.0319381123979258,0.0547510498250157
pitch_types,primary_rpm,mean,2016.0,1,CU,368,2087.0297425844333,78409.57103457507,3803.395723733426,,78362.49397151341,0.0485359198128131,0.0485359198128131,0.1132504795632306,0.1941436792512524
pitch_types,primary_rpm,mean,2023.0,1,SI,407,2233.230024068469,23333.245480850703,414.82754742344616,,23329.31570573464,0.0177813851317326,0.0177813851317326,0.0414898986407094,0.0711255405269304
pitch_types,primary_rpm,mean,2024.0,1,CU,299,2270.438475750393,21662.980162917476,231.97400998344492,,21659.974292811763,0.0107098007988139,0.0107098007988139,0.0249895351972325,0.0428392031952557
pitch_types,primary_rpm,mean,2023.0,14,CU,100,2291.433566755605,18129.06777020453,115.50490375890112,,18127.01237309894,0.0063719768807745,0.0063719768807745,0.0148679460551406,0.0254879075230982
pitch_types,primary_rpm,mean,2024.0,11,FA,952,2204.9231917718607,35239.887409223535,182.57351434349133,,35237.908944629744,0.0051811676632224,0.0051811676632224,0.0120893912141856,0.0207246706528896
pitch_types,primary_rpm,mean,2018.0,1,SI,393,2219.1937634311435,23214.514900673534,291.7462237106156,,23211.920954160065,0.0125688099785782,0.0125688099785782,0.0293272232833491,0.0502752399143128
pitch_types,primary_rpm,mean,2019.0,1,HC,31,2342.489203004517,33487.15102894016,339.9044905758496,,33484.71614846764,0.0101510339543793,0.0101510339543793,0.0236857458935518,0.0406041358175174
pitch_types,primary_rpm,mean,2025.0,11,CH,611,2233.772808254227,22024.09811671948,181.55623043494745,,22020.941818328705,0.0082447077846521,0.0082447077846521,0.0192376514975217,0.0329788311386087
pitch_types,primary_rpm,mean,2021.0,1,SW,113,2263.33958110872,33179.307235732755,110.42447819132371,,33178.09424033799,0.0033282345089329,0.0033282345089329,0.0077658805208436,0.0133129380357319
pitch_types,primary_rpm,mean,2015.0,1,FS,68,2126.275553053424,61399.7729803815,10124.45031538574,,61271.7135896695,0.1652385696797736,0.1652385696797736,0.3855566625861386,0.6609542787190947
pitch_types,primary_rpm,mean,2025.0,11,SL,891,2250.0865278592023,19699.434542799107,325.35088851547164,,19695.39244804347,0.0165191371217277,0.0165191371217277,0.0385446532840314,0.066076548486911
pitch_types,primary_rpm,mean,2023.0,14,FA,342,2288.011464155361,19488.193283525197,105.96889385602778,,19486.78083542674,0.0054379886935135,0.0054379886935135,0.012688640284865,0.0217519547740543
pitch_types,primary_rpm,mean,2022.0,14,FA,346,2292.162920261248,20964.764584158624,106.591637092801,,20963.50800919225,0.0050846278707772,0.0050846278707772,0.0118641316984802,0.0203385114831089
pitch_types,primary_rpm,mean,2025.0,16,CH,14,2227.882318757561,14123.03249558443,315.9462109934032,,14111.345528978196,0.0223895170268912,0.0223895170268912,0.0522422063960796,0.089558068107565
pitch_types,primary_rpm,mean,2024.0,16,FA,12,2340.251319563636,6508.202154011864,407.0287663708476,,6495.40254300251,0.0626641326193615,0.0626641326193615,0.1462163094451769,0.2506565304774462
pitch_types,primary_rpm,mean,2023.0,1,SL,582,2256.280737495497,23156.551500509617,206.3187206863449,,23154.52837555782,0.0089105127662257,0.0089105127662257,0.0207911964545268,0.0356420510649031
pitch_types,primary_rpm,mean,2025.0,14,SI,105,2299.1697610892656,20613.88856475413,684.3641024021853,,20602.43378862066,0.0332176338690713,0.0332176338690713,0.0775078123611664,0.1328705354762853
pitch_types,primary_rpm,mean,2020.0,1,FS,49,2265.467744409219,21022.91728980805,297.2082522970516,,21017.951209614755,0.014140686184536,0.014140686184536,0.032994934430584,0.0565627447381441
pitch_types,primary_rpm,mean,2024.0,14,CU,91,2302.901232139332,18901.26845911743,338.1442320314734,,18895.557077117235,0.0178954359827247,0.0178954359827247,0.0417560172930244,0.071581743930899
pitch_types,primary_rpm,mean,2021.0,14,SI,76,2222.5414131944867,24552.07426268712,512.1339372134834,,24544.49036979024,0.0208655355844677,0.0208655355844677,0.0486862496970913,0.0834621423378708
pitch_types,primary_rpm,mean,2018.0,1,CU,364,2246.3076506067723,22809.14064754217,125.45473899361424,,22807.64031334262,0.0055005575881614,0.0055005575881614,0.0128346343723767,0.0220022303526458
pitch_types,primary_rpm,mean,2025.0,1,FS,101,2283.8836857075794,20526.96711019713,593.0196338941893,,20520.334092130543,0.0288991217799718,0.0288991217799718,0.0674312841532677,0.1155964871198875
pitch_types,primary_rpm,mean,2021.0,1,CH,452,2228.292153776703,24157.816698029263,107.31574041039072,,24156.30731073208,0.0044425556865934,0.0044425556865934,0.0103659632687179,0.0177702227463736
pitch_types,primary_rpm,mean,2018.0,1,FS,61,2217.8451830052027,17289.09669283484,139.43313089100045,,17287.216343747063,0.0080656785984768,0.0080656785984768,0.0188199167297793,0.0322627143939075
pitch_types,primary_rpm,mean,2024.0,14,SW,82,2304.5453346774025,20574.38431883729,277.5654352982121,,20570.13808093309,0.0134936106994582,0.0134936106994582,0.0314850916320692,0.0539744427978329
pitch_types,primary_rpm,mean,2023.0,16,FA,24,2218.0161797441715,37476.53127971234,551.5249905771079,,37457.13823372163,0.0147241625117154,0.0147241625117154,0.0343563791940027,0.0588966500468618
pitch_types,primary_rpm,mean,2021.0,1,FA,716,2243.5156955480056,28971.15657224103,105.37083709862432,,28970.212354314404,0.0036372131418957,0.0036372131418957,0.0084868306644235,0.0145488525675831
pitch_types,primary_rpm,mean,2022.0,16,FA,27,2273.0249972487554,29995.226815964525,326.10225780812283,,29985.669764650716,0.0108752700996045,0.0108752700996045,0.0253756302324106,0.0435010803984182
pitch_types,primary_rpm,mean,2022.0,1,FA,688,2234.145738056877,33035.4671093305,113.07881692263156,,33034.414294171605,0.0034230610512922,0.0034230610512922,0.0079871424530153,0.013692244205169
pitch_types,primary_rpm,mean,2015.0,1,CU,353,2079.699673924195,98361.42409374197,6105.264236229778,,98283.31927576342,0.0621190277375515,0.0621190277375515,0.1449443980542868,0.248476110950206
pitch_types,primary_rpm,mean,2025.0,14,SW,78,2311.1328081387137,23211.18519530901,343.2716280326992,,23205.43849854764,0.0147927231822912,0.0147927231822912,0.0345163540920128,0.0591708927291649
pitch_types,primary_rpm,mean,2021.0,14,XX,11,2245.037719916829,8493.484342302205,92.22586110268776,,8490.613268278572,0.0108620965516412,0.0108620965516412,0.0253448919538294,0.0434483862065648
pitch_types,primary_rpm,mean,2023.0,1,HC,34,2384.296266031912,28684.79387177437,365.7606242597473,,28681.459906543867,0.0127525106968594,0.0127525106968594,0.0297558582926721,0.0510100427874379
pitch_types,primary_axis,mean,2023.0,11,SW,410,196.7760255608092,1496.300830870345,1.7169927900081403,,1496.277894604218,0.0011475092936946,0.0011475092936946,0.0026775216852874,0.0045900371747784
pitch_types,primary_axis,mean,2025.0,11,FA,1015,198.6497473458644,1153.075274759883,1.7240210125355695,,1153.056233068948,0.001495175138117,0.001495175138117,0.0034887419889397,0.0059807005524681
pitch_types,primary_axis,mean,2025.0,11,HC,39,193.22571627663007,673.8894925198871,5.755436146210159,,673.8408889006134,0.0085412390981501,0.0085412390981501,0.0199295578956836,0.0341649563926005
pitch_types,primary_axis,mean,2023.0,14,SL,237,200.5766881967436,1123.1916767052812,1.056497557130343,,1123.1736504989765,0.0009406359886211,0.0009406359886211,0.0021948173067827,0.0037625439544846
pitch_types,primary_axis,mean,2021.0,14,FA,352,201.52525975834232,896.9856777786401,1.027868379858541,,896.9737943025464,0.0011459291078372,0.0011459291078372,0.0026738345849536,0.0045837164313491
pitch_types,primary_axis,mean,2023.0,14,SW,84,203.89104998976333,1073.853957306579,0.981400093609781,,1073.838198656974,0.0009139180323788,0.0009139180323788,0.0021324754088838,0.0036556721295152
pitch_types,primary_axis,mean,2024.0,11,SL,836,198.88472412070465,1129.2687048068751,4.264996539106585,,1129.2147419269245,0.0037769578989277,0.0037769578989277,0.0088129017641648,0.015107831595711
pitch_types,primary_axis,mean,2023.0,1,HC,34,191.07420052064157,409.7649170509255,2.5353282210709644,,409.74180713811273,0.0061876239546538,0.0061876239546538,0.0144377892275257,0.0247504958186155
pitch_types,primary_axis,mean,2025.0,11,SW,435,200.71326240881723,1417.008865594268,3.382625554815064,,1416.960561753761,0.0023872404399374,0.0023872404399374,0.0055702276931873,0.0095489617597497
pitch_types,primary_axis,mean,2023.0,11,CU,393,194.6703954873491,974.5237230492075,0.8375864768582433,,974.5101183626296,0.0008594949001304,0.0008594949001304,0.0020054881003044,0.0034379796005219
pitch_types,primary_axis,mean,2024.0,11,SW,406,198.4409741008492,1386.047227170742,8.072218900131704,,1385.93966638483,0.0058243652995283,0.0058243652995283,0.0135901856988994,0.0232974611981134
pitch_types,primary_axis,mean,2025.0,14,SL,307,202.9396169220992,940.9320631919112,1.509502096118477,,940.9096533011724,0.0016043007857581,0.0016043007857581,0.0037433685001022,0.0064172031430325
pitch_types,primary_axis,mean,2021.0,1,FS,55,206.863530435393,359.7887579627318,0.5699620312941827,,359.78236849315834,0.0015841855555104,0.0015841855555104,0.0036964329628576,0.0063367422220416
pitch_types,primary_axis,mean,2021.0,1,SL,616,193.3486485082404,1280.2293018578412,4.949440308294095,,1280.1803086779082,0.0038662056233356,0.0038662056233356,0.0090211464544498,0.0154648224933425
pitch_types,primary_axis,mean,2022.0,1,FS,63,210.1188095507876,342.2643320328087,1.0039848490500831,,342.2499739307115,0.0029334840774986,0.0029334840774986,0.0068447961808302,0.0117339363099947
pitch_types,primary_axis,mean,2024.0,11,CH,559,195.91829674791532,1409.017827631018,4.08056688331551,,1408.9524842115886,0.0028961706864081,0.0028961706864081,0.0067577316016189,0.0115846827456325
pitch_types,primary_axis,mean,2022.0,1,SW,228,197.8656195651931,1341.315897727126,3.100918427481739,,1341.2774487644615,0.0023119142354463,0.0023119142354463,0.0053944665493748,0.0092476569417854
pitch_types,primary_axis,mean,2025.0,16,FA,135,201.9529434226462,923.6815167420062,2.151118770193487,,923.61702145868,0.0023290159451546,0.0023290159451546,0.0054343705386941,0.0093160637806185
pitch_types,primary_axis,mean,2022.0,1,CH,443,193.34208283515247,1364.208866251922,2.0018263798550926,,1364.18284370045,0.00146741794115,0.00146741794115,0.0034239751960167,0.0058696717646
pitch_types,primary_axis,mean,2025.0,16,SL,48,207.54533453940155,897.1790725670812,1.5840821951999404,,897.1267789823543,0.0017657283589247,0.0017657283589247,0.004120032837491,0.0070629134356989
pitch_types,primary_axis,mean,2022.0,14,SW,61,198.7068852535712,1386.1477813581912,0.7713011317558112,,1386.1370628819086,0.0005564392962353,0.0005564392962353,0.0012983583578825,0.0022257571849415
pitch_types,primary_axis,mean,2025.0,14,SI,105,210.2042268910289,1057.353916649043,1.7282854439906985,,1057.324988885611,0.001634582992134,0.001634582992134,0.003814026981646,0.006538331968536
pitch_types,primary_axis,mean,2025.0,14,FA,377,201.26634039815053,990.1805052129026,1.511001134827453,,990.1613013483689,0.0015260151379071,0.0015260151379071,0.00356070198845,0.0061040605516285
pitch_types,primary_axis,mean,2024.0,11,HC,41,187.45085908676148,660.181657717725,24.193176674443727,,659.8687770227721,0.03666361785384,0.03666361785384,0.0855484416589602,0.1466544714153603
pitch_types,primary_axis,mean,2023.0,1,SW,290,195.95470047135305,1341.5370563079332,1.7698971118288742,,1341.5166113415494,0.0013193255281862,0.0013193255281862,0.0030784262324346,0.0052773021127451
pitch_types,primary_axis,mean,2025.0,1,HC,39,187.53118531445156,712.1472525595022,1.5285176806386689,,712.1322306387192,0.0021463958726706,0.0021463958726706,0.0050082570362314,0.0085855834906824
pitch_types,primary_axis,mean,2021.0,1,CU,378,192.929610952863,903.6068380283748,1.5605558828305557,,903.5857859102337,0.0017270699773774,0.0017270699773774,0.004029829947214,0.0069082799095097
pitch_types,primary_axis,mean,2022.0,14,CU,91,200.00462719698768,911.2288655675608,0.7262514575438509,,911.2157868820796,0.0007970136909379,0.0007970136909379,0.0018596986121886,0.0031880547637519
pitch_types,primary_axis,mean,2024.0,16,FA,12,216.3471792036626,54.57398916650945,2.183588727433633,,54.50532304601688,0.040061935337767,0.040061935337767,0.0934778491214564,0.1602477413510682
pitch_types,primary_axis,mean,2021.0,1,SW,113,197.01799113025788,1421.3424406761883,14.441850275931284,,1421.183799239402,0.0101618455569648,0.0101618455569648,0.0237109729662512,0.0406473822278592
pitch_types,primary_axis,mean,2025.0,16,SI,18,211.7248381296746,1337.9780767137595,2.59988149376456,,1337.8802076137115,0.0019432842185488,0.0019432842185488,0.0045343298432806,0.0077731368741953
pitch_types,primary_axis,mean,2024.0,14,SW,82,200.56534562757065,1168.2569100378096,4.515036232986506,,1168.1878383323549,0.0038649916433233,0.0038649916433233,0.0090183138344211,0.0154599665732933
pitch_types,primary_axis,mean,2024.0,1,SI,428,195.1202945449331,1649.3474969692866,3.3555083722008474,,1649.3138643401298,0.0020344874585428,0.0020344874585428,0.0047471374032666,0.0081379498341714
pitch_types,primary_axis,mean,2025.0,14,FS,28,202.38515315772725,912.5402129761636,0.8863699136912546,,912.5241221312068,0.0009713386114343,0.0009713386114343,0.0022664567600134,0.0038853544457373
pitch_types,primary_axis,mean,2023.0,11,CH,615,194.64095133335184,1514.3527072805314,0.8236296469870878,,1514.3394338585445,0.0005438870761547,0.0005438870761547,0.0012690698443609,0.0021755483046188
pitch_types,primary_axis,mean,2020.0,1,FA,570,195.36477390760257,1064.8837717524418,1.7605793098642213,,1064.8616416073326,0.0016533409046519,0.0016533409046519,0.0038577954441878,0.0066133636186077
pitch_types,primary_axis,mean,2021.0,1,HC,27,193.26968276043843,533.7731174963506,9.01578045682052,,533.7031456265485,0.0168928748700484,0.0168928748700484,0.039416708030113,0.0675714994801937
pitch_types,primary_axis,mean,2023.0,1,FS,82,207.1141053728917,545.1567982234129,1.2281687594275756,,545.1399704957923,0.0022529420440599,0.0022529420440599,0.0052568647694732,0.0090117681762398
pitch_types,primary_axis,mean,2025.0,11,CH,611,197.5175964769851,1380.3750238360358,2.0762718515662626,,1380.338928498034,0.0015041753939559,0.0015041753939559,0.0035097425858972,0.0060167015758237
pitch_types,primary_axis,mean,2022.0,11,CH,252,193.4733231056641,1369.5454737290097,3.759072029528604,,1369.4787864238326,0.0027448924852241,0.0027448924852241,0.0064047491321895,0.0109795699408964
pitch_types,primary_axis,mean,2025.0,1,FS,101,204.94848070102088,646.7537185603926,0.7041711286690115,,646.7458422953392,0.0010887911179604,0.0010887911179604,0.0025405126085743,0.0043551644718417
pitch_types,primary_axis,mean,2021.0,14,CU,127,201.23287252224787,698.4831269753852,1.08133358843026,,698.4621590294864,0.0015481634537406,0.0015481634537406,0.0036123813920615,0.0061926538149627
pitch_types,primary_axis,mean,2023.0,11,FA,946,196.670137315986,1163.1374980740206,0.8339054421150541,,1163.1289871524866,0.0007169500986787,0.0007169500986787,0.0016728835635836,0.0028678003947148
pitch_types,primary_axis,mean,2023.0,1,FA,681,196.1006415503593,1141.5710905556796,0.7493315930700438,,1141.5641265769805,0.0006564077966578,0.0006564077966578,0.0015316181922016,0.0026256311866314
pitch_types,primary_axis,mean,2025.0,16,CU,11,190.907599264433,1272.1932957830695,0.9550706934666006,,1272.1623084694174,0.0007507459442149,0.0007507459442149,0.0017517405365016,0.0030029837768599
pitch_types,primary_axis,mean,2024.0,1,FA,671,196.717041668516,1164.2281646451074,0.8161612106571511,,1164.2205082049743,0.0007010366205587,0.0007010366205587,0.0016357521146369,0.0028041464822348
pitch_types,primary_axis,mean,2021.0,14,SW,27,204.9550813264304,970.7870004715722,0.4664958233143558,,970.7799132354858,0.0004805371608479,0.0004805371608479,0.0011212533753117,0.0019221486433916
pitch_types,primary_axis,mean,2023.0,11,SL,826,197.09534048017215,1235.93777196757,1.2849253744736158,,1235.9208782834155,0.0010396501888197,0.0010396501888197,0.0024258504405794,0.0041586007552789
pitch_types,primary_axis,mean,2022.0,1,SL,575,195.76510616319644,1260.550110975483,1.611704982132351,,1260.5339055992029,0.0012785891557325,0.0012785891557325,0.0029833746967093,0.0051143566229302
pitch_types,primary_axis,mean,2022.0,14,SI,90,199.05342034870097,1888.3284077685908,1.5992858642692585,,1888.30172340463,0.0008469440261833,0.0008469440261833,0.0019762027277611,0.0033877761047333
pitch_types,primary_axis,mean,2022.0,11,SL,333,194.87396401999808,1284.0830368977718,1.1969222620954818,,1284.0632911347873,0.0009321365000923,0.0009321365000923,0.0021749851668822,0.0037285460003695
pitch_types,primary_axis,mean,2025.0,1,SI,454,196.3911521211738,1592.696513115324,1.7151346176467757,,1592.678082713748,0.0010768871853402,0.0010768871853402,0.002512736765794,0.0043075487413611
pitch_types,primary_axis,mean,2025.0,14,CH,179,200.29208346430852,1178.603547434324,1.1034336153096431,,1178.5821315909122,0.0009362382015924,0.0009362382015924,0.0021845558037156,0.0037449528063697
pitch_types,primary_axis,mean,2024.0,11,SI,521,200.05793401887587,1567.1572854306353,16.23410033403571,,1566.9373151418029,0.0103604018981235,0.0103604018981235,0.0241742710956215,0.041441607592494
pitch_types,primary_axis,mean,2022.0,11,SW,126,195.9929578306756,1535.506283431464,2.8777423215014606,,1535.4596745565907,0.0018741894490537,0.0018741894490537,0.0043731087144587,0.0074967577962149
pitch_types,primary_axis,mean,2021.0,1,CH,452,191.39208125679343,1359.712284600196,2.2134753439154133,,1359.6811522466944,0.0016279370646992,0.0016279370646992,0.0037985198176316,0.0065117482587971
pitch_types,primary_axis,mean,2022.0,1,SI,387,196.9437569423436,1714.6365572035836,4.6801857819283965,,1714.593938987064,0.0027296175937104,0.0027296175937104,0.0063691077186577,0.0109184703748418
pitch_types,primary_axis,mean,2025.0,1,CH,421,194.1778323389998,1411.6191470765689,0.5294574565034037,,1411.6120951809353,0.0003750729101223,0.0003750729101223,0.0008751701236187,0.0015002916404893
pitch_types,primary_axis,mean,2025.0,11,CU,425,196.0978485268116,929.6833553075892,2.6080080506918404,,929.6373084895243,0.0028054038138049,0.0028054038138049,0.0065459422322114,0.0112216152552196
pitch_types,primary_axis,mean,2025.0,1,SL,613,195.92903945723356,1173.7289585148678,0.9474309848502598,,1173.7188459052113,0.0008072043727981,0.0008072043727981,0.0018834768698623,0.0032288174911925
pitch_types,primary_axis,mean,2022.0,1,HC,29,193.4173724061041,488.06652117574185,12.243204740899875,,487.9613433773667,0.0250905218355207,0.0250905218355207,0.0585445509495485,0.1003620873420831
pitch_types,primary_axis,mean,2024.0,14,CU,91,201.4743129727192,868.9342081946797,1.976635781140804,,868.9008220802589,0.0022748692726616,0.0022748692726616,0.0053080283028771,0.0090994770906464
pitch_types,primary_axis,mean,2025.0,11,SL,891,198.59806580579587,1164.5272491413282,2.299829559030817,,1164.4986765161177,0.0019749524884917,0.0019749524884917,0.0046082224731473,0.0078998099539668
pitch_types,primary_axis,mean,2023.0,14,CH,187,200.77150089185147,1309.9778058168904,0.6628451730947836,,1309.9661618103871,0.0005060017521206,0.0005060017521206,0.0011806707549481,0.0020240070084824
pitch_types,primary_axis,mean,2022.0,14,SL,241,199.49258900454248,1262.701104104267,1.1846450797135222,,1262.6824104612065,0.0009381971823626,0.0009381971823626,0.002189126758846,0.0037527887294504
pitch_types,primary_axis,mean,2025.0,1,SW,323,197.3613692878397,1431.473420569002,1.6718919750664372,,1431.4537790866952,0.0011679678376574,0.0011679678376574,0.0027252582878673,0.0046718713506297
pitch_types,primary_axis,mean,2025.0,11,FS,127,202.4641408261187,706.1288924982997,0.7994060745079606,,706.1145651162451,0.001132119508647,0.001132119508647,0.0026416121868432,0.0045284780345883
pitch_types,primary_axis,mean,2022.0,14,CH,216,198.89802701329023,1365.940773305239,0.8672717536826807,,1365.923926634707,0.0006349341546563,0.0006349341546563,0.0014815130275314,0.0025397366186253
pitch_types,primary_axis,mean,2025.0,16,CH,14,204.62047846569692,1679.8662260713477,0.5375016174840558,,1679.8463436887275,0.0003199707041679,0.0003199707041679,0.0007465983097252,0.0012798828166718
pitch_types,primary_axis,mean,2024.0,1,HC,38,188.44628050423017,665.6180283003062,3.219765877581449,,665.5925025537098,0.0048374431280821,0.0048374431280821,0.0112873672988583,0.0193497725123286
pitch_types,primary_axis,mean,2023.0,1,SL,582,196.13281317762323,1219.601647614811,1.1380911320743126,,1219.5904876940872,0.0009331748185623,0.0009331748185623,0.0021774079099788,0.0037326992742494
pitch_types,primary_axis,mean,2023.0,14,CU,100,197.9503396595107,911.6060479601052,0.8122240609156683,,911.5915945219432,0.0008909955574366,0.0008909955574366,0.0020789896340189,0.0035639822297467
pitch_types,primary_axis,mean,2023.0,11,HC,34,187.48162866066644,724.3993504088434,3.16095669673939,,724.3694128169639,0.0043637357414732,0.0043637357414732,0.0101820500634376,0.017454942965893
pitch_types,primary_axis,mean,2021.0,1,SI,376,194.0556186563903,1722.958379457505,22.74308599668284,,1722.726141673054,0.0132018000113445,0.0132018000113445,0.0308042000264705,0.0528072000453781
pitch_types,primary_axis,mean,2025.0,11,SI,564,200.28453153497,1529.0631302075208,6.539308101298655,,1528.9721028408142,0.0042769309454035,0.0042769309454035,0.009979505539275,0.0171077237816143
pitch_types,primary_axis,mean,2024.0,14,SI,108,207.8976578349042,1172.545893833725,15.577967358589408,,1172.2980316906592,0.0132884018717691,0.0132884018717691,0.0310062710341279,0.0531536074870764
pitch_types,primary_axis,mean,2023.0,11,SI,502,200.10908932895848,1697.8626486873975,1.9920149419335145,,1697.8380731076154,0.0011732655625323,0.0011732655625323,0.0027376196459089,0.0046930622501295
pitch_types,primary_axis,mean,2023.0,1,SI,407,196.59242929854815,1624.4348387314078,1.7681131285419436,,1624.4180889108666,0.0010884593939282,0.0010884593939282,0.0025397385858324,0.0043538375757128
pitch_types,primary_axis,mean,2021.0,16,FA,25,204.055096412867,682.0950724119917,1.2339830899794089,,682.052654530022,0.0018092196867552,0.0018092196867552,0.0042215126024289,0.007236878747021
pitch_types,primary_axis,mean,2024.0,1,FS,90,207.1560755511558,530.4746664239952,0.6109192829823807,,530.4670756211214,0.0011516629609237,0.0011516629609237,0.0026872135754887,0.0046066518436949
pitch_types,primary_axis,mean,2020.0,1,SI,289,195.556776232926,1640.5768661864956,6.2852330007552855,,1640.4889392993684,0.0038313169020448,0.0038313169020448,0.0089397394381046,0.0153252676081793
pitch_types,primary_axis,mean,2024.0,14,CH,206,200.39481668170683,1259.5035468407712,1.7105949319433256,,1259.4709158231742,0.0013581853383452,0.0013581853383452,0.0031690991228056,0.005432741353381
pitch_types,primary_axis,mean,2023.0,14,SI,93,209.44630347652856,1449.8147868635406,1.3511906341972908,,1449.7915754723113,0.0009319895749546,0.0009319895749546,0.0021746423415608,0.0037279582998186
pitch_types,primary_axis,mean,2021.0,14,SL,241,203.3974869986294,953.102156092032,1.382441591879031,,953.080922644834,0.001450497601025,0.001450497601025,0.0033844944023916,0.0058019904041
pitch_types,primary_axis,mean,2022.0,11,CU,154,187.93102864646036,1077.606288811632,0.9598387811943652,,1077.5901692578552,0.0008907271136812,0.0008907271136812,0.0020783632652563,0.003562908454725
pitch_types,primary_axis,mean,2022.0,11,FS,21,204.44362813969573,275.836181097894,1.5890745291029615,,275.8013311052511,0.0057616637408343,0.0057616637408343,0.0134438820619467,0.0230466549633372
pitch_types,primary_axis,mean,2024.0,1,SL,593,195.6767099933176,1200.3081162337437,1.2367550721480487,,1200.29499907009,0.0010303759268398,0.0010303759268398,0.0024042104959595,0.0041215037073592
pitch_types,primary_axis,mean,2023.0,14,FA,342,199.30155174920287,1081.6537828994808,1.033784372618581,,1081.6400036976963,0.0009557564153364,0.0009557564153364,0.0022300983024516,0.0038230256613456
pitch_types,primary_axis,mean,2022.0,16,FA,27,212.71658204104327,733.2324270070465,1.2936745717044862,,733.1945133956896,0.0017644356962151,0.0017644356962151,0.0041170166245021,0.0070577427848607
pitch_types,primary_axis,mean,2022.0,11,HC,13,179.61359949821642,964.2755433460926,0.7432565758292299,,964.2661358307816,0.0007708002471629,0.0007708002471629,0.0017985339100468,0.0030832009886518
pitch_types,primary_axis,mean,2024.0,14,FA,344,201.93677007564736,1077.5734495427791,1.4003045923428754,,1077.556700336038,0.0012995182452173,0.0012995182452173,0.0030322092388404,0.0051980729808693
pitch_types,primary_axis,mean,2020.0,1,CU,300,194.489764199905,882.4477358516336,2.3781806558969847,,882.4032758062943,0.0026951176645666,0.0026951176645666,0.0062886078839887,0.0107804706582664
pitch_types,primary_axis,mean,2020.0,1,SW,57,195.16230539325983,1407.4304095506634,1.8359647202510665,,1407.4015149737202,0.0013045067102157,0.0013045067102157,0.0030438489905034,0.0052180268408631
pitch_types,primary_axis,mean,2022.0,11,SI,205,198.17010919558183,1867.0057683306443,6.268710047483738,,1866.898140681325,0.0033578211423982,0.0033578211423982,0.0078349159989292,0.013431284569593
pitch_types,primary_axis,mean,2021.0,14,CH,209,201.07308463669744,1055.2270678112004,1.0251951955793013,,1055.206526606533,0.0009715588083749,0.0009715588083749,0.0022669705528748,0.0038862352334997
pitch_types,primary_axis,mean,2023.0,1,CH,433,192.2245535923066,1389.8662840365705,0.5659616677775122,,1389.858508726965,0.0004072081181097,0.0004072081181097,0.0009501522755893,0.0016288324724389
pitch_types,primary_axis,mean,2022.0,1,FA,688,197.10009403473475,1117.248660799351,0.7614805288253266,,1117.241571069676,0.0006815719612869,0.0006815719612869,0.0015903345763363,0.0027262878451479
pitch_types,primary_axis,mean,2025.0,14,CU,97,201.06301195978563,754.0569857680349,1.4124150832090934,,754.0310135223659,0.0018731525068327,0.0018731525068327,0.0043706891826098,0.0074926100273311
pitch_types,primary_axis,mean,2021.0,14,SI,76,208.09733852877585,1136.606297449982,2.535712147327403,,1136.5687475671384,0.0022310239945935,0.0022310239945935,0.0052057226540515,0.0089240959783741
pitch_types,primary_axis,mean,2022.0,14,FA,346,200.0881545348804,1063.6860201658842,1.1104760698319969,,1063.672929116078,0.001044001440137,0.001044001440137,0.0024360033603198,0.0041760057605482
pitch_types,primary_axis,mean,2024.0,1,CH,410,191.86614131016532,1473.582394813245,1.074959779828273,,1473.5680104717892,0.0007294945141243,0.0007294945141243,0.0017021538662901,0.0029179780564973
pitch_types,primary_axis,mean,2023.0,1,CU,299,194.5843917013065,900.7102712805853,0.960172252788526,,900.6979184107818,0.0010660313887287,0.0010660313887287,0.0024874065737003,0.0042641255549149
pitch_types,primary_axis,mean,2024.0,1,SW,309,195.34807190663437,1395.2533602080775,3.049627925445029,,1395.2194201957989,0.0021857694075223,0.0021857694075223,0.0051001286175521,0.0087430776300893
pitch_types,primary_axis,mean,2022.0,11,FA,425,193.2169016727412,1137.9151605165002,0.9023232603657712,,1137.9023964665462,0.0007929707004464,0.0007929707004464,0.0018502649677083,0.0031718828017858
pitch_types,primary_axis,mean,2020.0,1,FS,49,209.57862254905265,355.731069598911,1.067311246325075,,355.71323579651994,0.0030004822393946,0.0030004822393946,0.0070011252252542,0.0120019289575787
pitch_types,primary_axis,mean,2024.0,1,CU,299,193.082560369686,978.3332388998552,1.6694825660488326,,978.3116060982424,0.0017064936730201,0.0017064936730201,0.0039818185703803,0.0068259746920806
pitch_types,primary_axis,mean,2024.0,11,FS,102,204.8196176232646,614.9609713052092,1.2197934997035251,,614.9421170461126,0.0019835907573916,0.0019835907573916,0.0046283784339138,0.0079343630295666
pitch_types,primary_axis,mean,2020.0,1,HC,20,197.6419719467773,453.7108895568349,4.061138280897554,,453.6716681511522,0.0089517123638068,0.0089517123638068,0.0208873288488826,0.0358068494552274
pitch_types,primary_axis,mean,2020.0,1,CH,324,193.31640135589825,1279.1136071710582,1.7375966526197215,,1279.0797829236403,0.0013584740184447,0.0013584740184447,0.0031697727097044,0.005433896073779
pitch_types,primary_axis,mean,2025.0,14,SW,78,209.10782394877725,831.3441767079735,1.9316120013702505,,831.3118396677813,0.0023235709022767,0.0023235709022767,0.0054216654386458,0.0092942836091071
pitch_types,primary_axis,mean,2022.0,11,XX,10,190.3601436405026,1440.992998779794,1.141316602524015,,1440.9616887324423,0.0007920520104375,0.0007920520104375,0.0018481213576876,0.0031682080417501
pitch_types,primary_axis,mean,2020.0,1,SL,481,193.9263444520304,1252.6006660804574,3.286499301410826,,1252.5521532392793,0.0026238422830629,0.0026238422830629,0.0061222986604803,0.0104953691322519
pitch_types,primary_axis,mean,2023.0,16,FA,24,204.92625465763228,1264.6890683161362,2.698102726093764,,1264.5941960417174,0.0021335719668325,0.0021335719668325,0.0049783345892759,0.0085342878673302
pitch_types,primary_axis,mean,2023.0,11,FS,88,202.6094151094429,728.9667756946486,0.680222094138116,,728.9547101436846,0.0009331472650804,0.0009331472650804,0.0021773436185211,0.0037325890603219
pitch_types,primary_axis,mean,2024.0,14,FS,11,215.61523969479768,258.7679478346956,0.3029286176637253,,258.7621345820696,0.0011706837175114,0.0011706837175114,0.0027315953408599,0.0046827348700456
pitch_types,primary_axis,mean,2023.0,14,FS,11,202.41218822838132,1167.7986857432534,0.4915931362359645,,1167.7901040098634,0.0004209601832966,0.0004209601832966,0.0009822404276921,0.0016838407331864
pitch_types,primary_axis,mean,2024.0,14,SL,259,203.07030621493143,1036.3326829338475,1.968632648265896,,1036.30222242122,0.0018996703911976,0.0018996703911976,0.0044325642461278,0.0075986815647905
pitch_types,primary_axis,mean,2025.0,1,CU,304,195.6440345842468,946.949186215364,0.8136007217505922,,946.9401511870262,0.0008591891691684,0.0008591891691684,0.0020047747280596,0.0034367566766736
pitch_types,primary_axis,mean,2025.0,1,FA,699,197.68745310300423,1111.713337372068,0.826256775794487,,1111.7053647643445,0.0007432335958634,0.0007432335958634,0.0017342117236813,0.0029729343834537
pitch_types,primary_axis,mean,2022.0,1,CU,321,194.03187478964537,919.1995516260056,0.8214396242952305,,919.1889940304214,0.0008936569406618,0.0008936569406618,0.0020851995282108,0.0035746277626472
pitch_types,primary_axis,mean,2021.0,1,FA,716,195.2624710127391,1104.8857141192284,0.8262007894406034,,1104.878310613497,0.0007477753717346,0.0007477753717346,0.0017448092007142,0.0029911014869387
pitch_types,primary_axis,mean,2021.0,14,XX,11,180.8933174455386,1101.4463972832225,0.4172439935805146,,1101.4334081023446,0.0003788190829433,0.0003788190829433,0.0008839111935345,0.0015152763317734
pitch_types,primary_axis,mean,2024.0,11,FA,952,198.0636414484452,1108.6756218578,1.407039490541272,,1108.6603744226827,0.001269134825238,0.001269134825238,0.002961314592222,0.0050765393009521
pitch_types,primary_axis,mean,2024.0,11,CU,394,194.42125022783063,1026.4241746704977,2.8360046445265503,,1026.377858793338,0.0027631194693353,0.0027631194693353,0.0064472787617823,0.0110524778773412
pitch_types,primary_hbreak,mean,2023.0,16,FA,24,-6.789928137122742,98.8068216482634,0.2455411325813573,,98.79818778659237,0.0024852797210383,0.0024852797210383,0.0057989860157561,0.0099411188841534
pitch_types,primary_hbreak,mean,2023.0,11,FA,946,-3.834373168606677,54.19040485038696,0.0812526107160206,,54.18957557819455,0.0014994140450274,0.0014994140450274,0.0034986327717306,0.0059976561801097
pitch_types,primary_hbreak,mean,2022.0,1,SI,387,-3.6218192375445537,97.31787225203554,1.514077660168822,,97.3040849169692,0.0155602682195799,0.0155602682195799,0.0363072925123531,0.0622410728783196
pitch_types,primary_hbreak,mean,2023.0,11,SL,826,-4.062406241618711,63.930482114450655,0.269244729487691,,63.9269477800645,0.0042117563693797,0.0042117563693797,0.0098274315285526,0.0168470254775188
pitch_types,primary_hbreak,mean,2022.0,11,XX,10,-2.329252725888119,62.17399876777799,0.0753066700179288,,62.17193285951121,0.0012112647388347,0.0012112647388347,0.0028262843906144,0.004845058955339
pitch_types,primary_hbreak,mean,2024.0,14,FS,11,-9.940605709711352,33.51957322982496,0.030483372796101,,33.518988248622705,0.000909435946276,0.000909435946276,0.0021220172079773,0.003637743785104
pitch_types,primary_hbreak,mean,2023.0,14,SL,237,-5.656355246808335,77.94301572428401,0.3137564399069632,,77.93766233915119,0.0040257358315627,0.0040257358315627,0.0093933836069798,0.0161029433262511
pitch_types,primary_hbreak,mean,2025.0,16,FA,137,-5.576222363087946,52.34783108498164,0.3647999329337972,,52.336815502728,0.0069702355680158,0.0069702355680158,0.0162638829920369,0.0278809422720633
pitch_types,primary_hbreak,mean,2025.0,16,SI,19,-8.299693601200746,77.07146435563673,0.7411916010413028,,77.04353127333556,0.0096204261252213,0.0096204261252213,0.0224476609588497,0.0384817045008852
pitch_types,primary_hbreak,mean,2024.0,1,CU,299,-3.013748798335528,53.48920175499048,0.1169029225233711,,53.487686951672174,0.0021856043733765,0.0021856043733765,0.0050997435378786,0.0087424174935062
pitch_types,primary_hbreak,mean,2015.0,1,FA,607,-2.784681899846882,68.61121645293211,0.1440982508544506,,68.61023562821798,0.0021002442206332,0.0021002442206332,0.0049005698481442,0.008400976882533
pitch_types,primary_hbreak,mean,2025.0,1,SW,323,-3.851956276419766,73.58552205819849,0.1744563907030085,,73.58347253456755,0.0023708637917441,0.0023708637917441,0.0055320155140697,0.0094834551669767
pitch_types,primary_hbreak,mean,2015.0,1,SW,12,-2.529497910831997,110.43333915674434,0.1661508936831288,,110.4314751769034,0.0015045610267993,0.0015045610267993,0.0035106423958651,0.0060182441071974
pitch_types,primary_hbreak,mean,2017.0,1,SI,388,-3.457310415314421,79.44553987475227,1.7591198282526108,,79.43185890673705,0.0221462754676059,0.0221462754676059,0.0516746427577473,0.0885851018704239
pitch_types,primary_hbreak,mean,2017.0,1,SW,23,-2.5519709972121056,90.57027184597324,0.0771310701002587,,90.56970757441825,0.0008516210570392,0.0008516210570392,0.0019871157997581,0.0034064842281568
pitch_types,primary_hbreak,mean,2024.0,11,CU,394,-3.3472524774405543,51.35444756073629,0.1935054918905856,,51.35128734849566,0.0037682695387432,0.0037682695387432,0.0087926289237341,0.0150730781549728
pitch_types,primary_hbreak,mean,2016.0,1,FA,619,-2.966505178945721,72.68914795926605,0.1132238264100134,,72.6883196881257,0.0015576619035328,0.0015576619035328,0.0036345444415767,0.0062306476141315
pitch_types,primary_hbreak,mean,2024.0,14,CH,206,-5.764439837625101,87.6832636010344,0.1499985894849187,,87.6804023920237,0.0017107424851253,0.0017107424851253,0.0039917324652924,0.0068429699405012
pitch_types,primary_hbreak,mean,2018.0,1,HC,36,-3.2817879000798613,41.96506796860917,0.0893342136310934,,41.96448896431583,0.0021288049928847,0.0021288049928847,0.0049672116500644,0.008515219971539
pitch_types,primary_hbreak,mean,2018.0,1,CH,419,-2.77681219701974,77.12012258530528,0.2355615580168386,,77.11679440001038,0.0030546077524302,0.0030546077524302,0.0071274180890038,0.0122184310097208
pitch_types,primary_hbreak,mean,2021.0,14,XX,11,-1.2449472106468336,69.76298208679029,0.1037153115380149,,69.75975333583855,0.0014867499751426,0.0014867499751426,0.0034690832753328,0.0059469999005705
pitch_types,primary_hbreak,mean,2019.0,1,FS,55,-8.02455225069549,21.7985047470956,0.1321700797408994,,21.796751913888,0.0060637511617814,0.0060637511617814,0.0141487527108232,0.0242550046471256
pitch_types,primary_hbreak,mean,2023.0,1,FA,681,-3.7261603691044254,60.04963025276319,0.0734782785810568,,60.04894737595454,0.0012236397437747,0.0012236397437747,0.002855159402141,0.004894558975099
pitch_types,primary_hbreak,mean,2021.0,1,HC,27,-2.4071906195182176,33.19017956417364,0.3507914179879949,,33.18745705650559,0.0105699999066132,0.0105699999066132,0.0246633331154308,0.0422799996264529
pitch_types,primary_hbreak,mean,2025.0,11,CH,611,-4.23460766309072,69.56780806970998,0.1379157433380239,,69.5654104475644,0.0019825333085898,0.0019825333085898,0.0046259110533764,0.0079301332343595
pitch_types,primary_hbreak,mean,2025.0,11,CU,425,-3.7901140667891102,48.201629053121984,0.1878034608749952,,48.19831320760819,0.003896473722349,0.003896473722349,0.0090917720188144,0.0155858948893962
pitch_types,primary_hbreak,mean,2019.0,1,SW,44,-4.313855580871861,58.79432245809257,0.5926466990155681,,58.78933940844135,0.0100808531781269,0.0100808531781269,0.0235219907489628,0.0403234127125076
pitch_types,primary_hbreak,mean,2024.0,1,FA,671,-3.9934662367206175,61.74396344051799,0.0707035853036422,,61.74330016742805,0.0011451215777568,0.0011451215777568,0.0026719503480994,0.0045804863110275
pitch_types,primary_hbreak,mean,2023.0,1,FS,82,-6.851451887777176,33.51953261330983,0.1459872471766347,,33.517532372208834,0.0043555487783366,0.0043555487783366,0.0101629471494522,0.0174221951133467
pitch_types,primary_hbreak,mean,2016.0,1,CU,368,-3.150200931766032,65.70188327123955,0.7877459875366766,,65.69213283499111,0.0119914813774638,0.0119914813774638,0.0279801232140822,0.0479659255098553
pitch_types,primary_hbreak,mean,2019.0,1,SL,586,-3.4831348491072323,71.85980457024492,0.1604815124450061,,71.85832912500783,0.0022333042585199,0.0022333042585199,0.0052110432698798,0.0089332170340796
pitch_types,primary_hbreak,mean,2016.0,1,SI,405,-2.887201801151404,83.64674261940513,1.857403342262559,,83.62845824189088,0.0222101827692448,0.0222101827692448,0.0518237597949047,0.0888407310769794
pitch_types,primary_hbreak,mean,2025.0,14,FA,378,-6.022509877109419,71.1199897666756,0.1426184740787176,,71.11816556744179,0.0020053733520934,0.0020053733520934,0.004679204488218,0.0080214934083737
pitch_types,primary_hbreak,mean,2023.0,1,HC,34,-0.6340915061108059,20.416492782685207,0.1355133901714586,,20.41525755696343,0.0066378486675146,0.0066378486675146,0.0154883135575342,0.0265513946700587
pitch_types,primary_hbreak,mean,2023.0,14,SW,84,-6.201998426101049,76.11322820511427,0.1085512337766449,,76.11148516385263,0.0014262135805516,0.0014262135805516,0.0033278316879539,0.0057048543222067
pitch_types,primary_hbreak,mean,2022.0,11,SI,205,-4.106358510030232,97.20722467985637,1.936414996553681,,97.17397831934407,0.0199272997776217,0.0199272997776217,0.0464970328144506,0.0797091991104868
pitch_types,primary_hbreak,mean,2019.0,1,FA,703,-3.650847777215801,64.75415044512883,0.0987386583695012,,64.75331792988736,0.0015248432285186,0.0015248432285186,0.00355796753321,0.0060993729140744
pitch_types,primary_hbreak,mean,2025.0,1,CU,304,-3.6426034191273935,52.64464782487208,0.1084289499019173,,52.64344372240655,0.0020596857316871,0.0020596857316871,0.0048059333739367,0.0082387429267486
pitch_types,primary_hbreak,mean,2024.0,1,HC,38,-0.4725288242009359,16.63391654971891,0.0721072112613544,,16.633344896228436,0.0043350998678386,0.0043350998678386,0.0101152330249568,0.0173403994713545
pitch_types,primary_hbreak,mean,2020.0,1,FA,570,-3.6701432013272624,59.43018037973352,0.1024980569570959,,59.42889199876643,0.001724717616462,0.001724717616462,0.0040243411050782,0.0068988704658483
pitch_types,primary_hbreak,mean,2022.0,14,SI,90,-5.121183496462343,123.84437557987026,0.9662089655220308,,123.828254214532,0.0078028150493673,0.0078028150493673,0.0182065684485237,0.0312112601974692
pitch_types,primary_hbreak,mean,2021.0,14,SW,27,-7.065324692193729,78.86843171165482,0.0350075041672054,,78.86789986027603,0.0004438751916714,0.0004438751916714,0.0010357087805667,0.0017755007666858
pitch_types,primary_hbreak,mean,2024.0,1,FS,90,-6.66088000358064,33.85313369697871,0.1362711011794162,,33.85144049937426,0.0040255628466367,0.0040255628466367,0.0093929799754857,0.016102251386547
pitch_types,primary_hbreak,mean,2025.0,14,SI,105,-7.79046031213641,54.53816380192912,0.296272237758078,,54.53320484492631,0.0054328777962082,0.0054328777962082,0.0126767148578193,0.0217315111848331
pitch_types,primary_hbreak,mean,2025.0,11,SW,435,-4.496470536038096,65.29250115526276,0.3295292450566759,,65.28779548274962,0.0050473330064229,0.0050473330064229,0.0117771103483203,0.0201893320256919
pitch_types,primary_hbreak,mean,2024.0,11,FS,102,-6.028562320761244,39.29662198447737,0.0628544180305262,,39.29565044832538,0.0015995260878346,0.0015995260878346,0.0037322275382807,0.0063981043513384
pitch_types,primary_hbreak,mean,2016.0,1,SW,16,-1.1647469436075482,104.5372703876694,0.8656693528914129,,104.53157450488514,0.0082814150364773,0.0082814150364773,0.0193233017517805,0.0331256601459095
pitch_types,primary_hbreak,mean,2015.0,1,FS,68,-5.30543738431992,46.62109529274683,2.1637034441927203,,46.59372762970208,0.0464376549004296,0.0464376549004296,0.1083545281010025,0.1857506196017187
pitch_types,primary_hbreak,mean,2023.0,14,FS,11,-6.675812707946173,102.55517239273384,0.0818421905850341,,102.5537436749429,0.000798041959779,0.000798041959779,0.0018620979061512,0.0031921678391163
pitch_types,primary_hbreak,mean,2023.0,1,CH,433,-2.927556688173092,80.69506755191088,0.070707648336702,,80.69409615421988,0.0008762431417729,0.0008762431417729,0.0020445673308035,0.0035049725670917
pitch_types,primary_hbreak,mean,2024.0,11,FA,952,-4.141812537957973,54.86717606971303,0.0913578645325874,,54.86618606685861,0.0016651032463102,0.0016651032463102,0.0038852409080572,0.0066604129852409
pitch_types,primary_hbreak,mean,2017.0,1,CU,361,-3.072259543150724,63.743913014805074,0.6888461851100298,,63.73608255011335,0.0108077898350344,0.0108077898350344,0.0252181762817469,0.0432311593401376
pitch_types,primary_hbreak,mean,2024.0,11,CH,559,-3.736261004271695,73.26475276038124,0.1640872469240223,,73.26212517894332,0.0022397281886546,0.0022397281886546,0.0052260324401941,0.0089589127546184
pitch_types,primary_hbreak,mean,2020.0,1,SI,289,-3.7084882863175967,95.83358560065108,1.1333915664949648,,95.81773008784415,0.0118286205011941,0.0118286205011941,0.0276001145027864,0.0473144820047767
pitch_types,primary_hbreak,mean,2023.0,11,SW,410,-3.7396407142371935,69.53836109626073,0.3955087588774927,,69.53308107524063,0.0056880660652663,0.0056880660652663,0.0132721541522882,0.0227522642610655
pitch_types,primary_hbreak,mean,2025.0,14,CH,179,-5.67516082028678,80.70805131345011,0.0986140552854831,,80.70613737577693,0.0012218904099737,0.0012218904099737,0.002851077623272,0.0048875616398948
pitch_types,primary_hbreak,mean,2025.0,11,FS,127,-5.463776166348682,42.526913415725424,0.0816311224384668,,42.52545037920866,0.0019195827842043,0.0019195827842043,0.0044790264964769,0.0076783311368175
pitch_types,primary_hbreak,mean,2018.0,1,CU,364,-3.2932356471217377,54.08185666360681,0.3588749130156573,,54.07756481851847,0.0066362994380391,0.0066362994380391,0.0154846986887579,0.0265451977521564
pitch_types,primary_hbreak,mean,2022.0,14,CH,216,-5.348207189894272,102.36497133022,0.180496248288799,,102.36146520792988,0.0017633222416477,0.0017633222416477,0.0041144185638448,0.0070532889665911
pitch_types,primary_hbreak,mean,2024.0,14,FA,345,-6.036551721666718,75.37145951539074,0.1194200762028738,,75.37002142896914,0.0015844506070018,0.0015844506070018,0.0036970514163376,0.0063378024280074
pitch_types,primary_hbreak,mean,2016.0,1,HC,49,-1.7778664474521644,47.22536615116173,2.027503209619129,,47.20892749930271,0.0429474533105857,0.0429474533105857,0.1002107243913666,0.1717898132423428
pitch_types,primary_hbreak,mean,2019.0,1,SI,377,-3.467669683811655,83.77414035717906,0.415864603685979,,83.77026795400427,0.0049643461080286,0.0049643461080286,0.0115834742520668,0.0198573844321146
pitch_types,primary_hbreak,mean,2025.0,1,CH,421,-3.398277968001621,77.59568631388022,0.0855389913470513,,77.59454701169045,0.0011023840545671,0.0011023840545671,0.0025722294606567,0.0044095362182687
pitch_types,primary_hbreak,mean,2022.0,11,CH,252,-3.0450135178218924,72.6465282643817,0.2868684431851322,,72.64143911385037,0.0039491018719428,0.0039491018719428,0.0092145710345334,0.0157964074877715
pitch_types,primary_hbreak,mean,2015.0,1,HC,58,-1.4214807974685284,44.07848945631392,1.658151084956348,,44.06378984067232,0.0376306961101611,0.0376306961101611,0.0878049575903761,0.1505227844406447
pitch_types,primary_hbreak,mean,2025.0,1,SL,613,-3.773883718026781,66.57368698701437,0.1419445150427012,,66.5721719115139,0.0021321899371312,0.0021321899371312,0.0049751098533062,0.0085287597485249
pitch_types,primary_hbreak,mean,2023.0,11,HC,34,-0.2052738435118128,16.78712812751554,1.0128609124032222,,16.77753526701937,0.0603700660605533,0.0603700660605533,0.1408634874746243,0.2414802642422132
pitch_types,primary_hbreak,mean,2021.0,14,SI,76,-6.893187523702932,71.87547721006226,1.2024294785509813,,71.85767113294305,0.0167334880130804,0.0167334880130804,0.0390448053638544,0.0669339520523218
pitch_types,primary_hbreak,mean,2025.0,1,FS,101,-6.0114345328943735,43.12800288099342,0.0902717023633917,,43.12699317777543,0.0020931601234354,0.0020931601234354,0.004884040288016,0.0083726404937417
pitch_types,primary_hbreak,mean,2025.0,16,CH,14,-5.7926030184586335,78.04892395601858,0.1802416743504087,,78.0422567501592,0.0023095394963708,0.0023095394963708,0.005388925491532,0.0092381579854834
pitch_types,primary_hbreak,mean,2020.0,1,FS,49,-7.7089818998057,26.25353455647453,0.3581053815245807,,26.24755094051314,0.0136433826659173,0.0136433826659173,0.0318345595538072,0.0545735306636695
pitch_types,primary_hbreak,mean,2022.0,11,FS,21,-6.123786512682916,20.33423970086644,0.3354925716532904,,20.326882013457997,0.0165048713044709,0.0165048713044709,0.0385113663770989,0.0660194852178839
pitch_types,primary_hbreak,mean,2022.0,14,CU,91,-5.9842600604244645,75.50015512483647,0.0990892148555488,,75.49837067860616,0.0013124682554722,0.0013124682554722,0.0030624259294352,0.005249873021889
pitch_types,primary_hbreak,mean,2018.0,1,FS,61,-6.211029287109466,32.06494090426979,0.6802389438090911,,32.055767426852434,0.021220485373227,0.021220485373227,0.0495144658708631,0.0848819414929083
pitch_types,primary_hbreak,mean,2016.0,1,XX,251,-3.8399425707404737,71.55297406998783,0.9057915826317108,,71.52738004657914,0.0126635643866985,0.0126635643866985,0.0295483169022965,0.0506542575467941
pitch_types,primary_hbreak,mean,2024.0,14,SI,109,-7.094358636287381,78.31749546493899,1.217229494125046,,78.2982287074874,0.0155460668040456,0.0155460668040456,0.0362741558761065,0.0621842672161827
pitch_types,primary_hbreak,mean,2022.0,1,FA,688,-3.9486944251445935,62.09849431509455,0.0752717525713044,,62.09779350088106,0.0012121485857663,0.0012121485857663,0.0028283467001215,0.0048485943430654
pitch_types,primary_hbreak,mean,2024.0,11,SI,521,-4.594561663706616,78.54793212096233,0.6298089415882848,,78.53939827849864,0.0080190191851865,0.0080190191851865,0.0187110447654351,0.032076076740746
pitch_types,primary_hbreak,mean,2025.0,1,FA,699,-4.171328550859778,60.171412829150896,0.0811490173763922,,60.17062981677306,0.001348648296079,0.001348648296079,0.0031468460241843,0.005394593184316
pitch_types,primary_hbreak,mean,2017.0,1,FA,636,-3.3702255122229388,66.10085309834852,0.0992952038782531,,66.10009147822075,0.0015021946514396,0.0015021946514396,0.0035051208533591,0.0060087786057585
pitch_types,primary_hbreak,mean,2021.0,14,CH,209,-5.8829539363318535,78.38255593538807,0.1607219957402496,,78.37933564775577,0.0020505659356765,0.0020505659356765,0.004784653849912,0.0082022637427063
pitch_types,primary_hbreak,mean,2025.0,11,HC,39,-1.1933698314278036,10.518850745449134,0.6964929465308813,,10.512968988247762,0.0662508324060954,0.0662508324060954,0.1545852756142227,0.2650033296243819
pitch_types,primary_hbreak,mean,2021.0,1,CU,378,-3.158137723140225,55.17581777683835,0.3440557720378555,,55.17117641612851,0.0062361507291926,0.0062361507291926,0.0145510183681161,0.0249446029167705
pitch_types,primary_hbreak,mean,2016.0,1,CH,412,-2.485624879841254,85.85136625348139,0.6495877170402593,,85.84176749210559,0.0075672686620764,0.0075672686620764,0.0176569602115116,0.0302690746483056
pitch_types,primary_hbreak,mean,2021.0,1,FS,55,-6.856041388750974,24.04740796840309,0.1471101333394238,,24.045758813425557,0.0061179243491907,0.0061179243491907,0.0142751568147783,0.0244716973967629
pitch_types,primary_hbreak,mean,2025.0,14,SL,307,-6.263730240355673,66.673666456901,0.1759727962528781,,66.67105398544624,0.0026394182442547,0.0026394182442547,0.0061586425699276,0.0105576729770188
pitch_types,primary_hbreak,mean,2018.0,1,SW,32,-2.115541035165716,98.87544212416302,0.0558474482091882,,98.87500865302565,0.0005648287567303,0.0005648287567303,0.001317933765704,0.0022593150269212
pitch_types,primary_hbreak,mean,2023.0,14,CH,187,-5.391439229652181,96.15229410232672,0.1039120474864098,,96.15046870990356,0.0010807232547136,0.0010807232547136,0.0025216875943318,0.0043228930188545
pitch_types,primary_hbreak,mean,2021.0,1,SI,376,-3.0221855929264283,92.8334065102502,0.9549701755299752,,92.82365496827327,0.0102880044516279,0.0102880044516279,0.0240053437204652,0.0411520178065119
pitch_types,primary_hbreak,mean,2024.0,1,SW,309,-3.140030486672704,72.90031661385265,0.4966773235113443,,72.89478897740958,0.0068136190594538,0.0068136190594538,0.0158984444720589,0.0272544762378154
pitch_types,primary_hbreak,mean,2019.0,1,CH,434,-3.2492621602469174,78.37538237908802,0.1525751253948928,,78.37334953515352,0.0019467730586971,0.0019467730586971,0.0045424704702933,0.0077870922347886
pitch_types,primary_hbreak,mean,2024.0,16,FA,12,-10.023609159771787,3.967895982473668,0.2115100952024449,,3.9612447401860993,0.0533948566865142,0.0533948566865142,0.1245879989351997,0.2135794267460568
pitch_types,primary_hbreak,mean,2025.0,14,FS,28,-6.840941725229997,76.61217047399522,0.0957937428144414,,76.6104314683728,0.0012504007741294,0.0012504007741294,0.0029176018063019,0.0050016030965176
pitch_types,primary_hbreak,mean,2018.0,1,SI,393,-3.1638980729921053,74.5061707468632,0.6951818110585044,,74.49998981189826,0.0093313007533791,0.0093313007533791,0.0217730350912179,0.0373252030135165
pitch_types,primary_hbreak,mean,2022.0,1,CH,443,-3.14407910900365,82.37688856820998,0.3479543959602266,,82.37236536816131,0.004224164189107,0.004224164189107,0.0098563831079163,0.016896656756428
pitch_types,primary_hbreak,mean,2022.0,1,SW,228,-3.875127010530046,73.8137296890434,0.8049997701941862,,73.80374832164122,0.0109073019799204,0.0109073019799204,0.0254503712864809,0.0436292079196817
pitch_types,primary_hbreak,mean,2022.0,14,FA,346,-5.634267094306376,84.07773498825199,0.1256666004353287,,84.07625354459915,0.0014946741218513,0.0014946741218513,0.0034875729509865,0.0059786964874055
pitch_types,primary_hbreak,mean,2023.0,11,CH,615,-3.513298954418873,74.86220515976763,0.1635565903087117,,74.8595693201644,0.0021848454618968,0.0021848454618968,0.0050979727444259,0.0087393818475872
pitch_types,primary_hbreak,mean,2024.0,14,SL,259,-6.420527366986734,74.95017401301016,0.1490692750280796,,74.94786930796087,0.0019889728207689,0.0019889728207689,0.0046409365817942,0.0079558912830759
pitch_types,primary_hbreak,mean,2017.0,1,SL,558,-3.2131245759957507,74.25256032120801,0.6037683102882173,,74.24660270460917,0.0081319318095982,0.0081319318095982,0.0189745075557293,0.0325277272383931
pitch_types,primary_hbreak,mean,2023.0,11,SI,502,-4.583642290726591,81.23433988402647,0.7773435676970086,,81.22475176765981,0.0095702793887332,0.0095702793887332,0.0223306519070442,0.0382811175549329
pitch_types,primary_hbreak,mean,2022.0,1,HC,29,-1.6027940934824958,31.428954621175286,1.401383933347666,,31.416915740840675,0.0446060315056937,0.0446060315056937,0.1040807401799521,0.1784241260227751
pitch_types,primary_hbreak,mean,2022.0,1,FS,63,-7.5028387064153215,22.33975739030264,0.0655796791683602,,22.33881952781409,0.0029356823930067,0.0029356823930067,0.0068499255836825,0.0117427295720271
pitch_types,primary_hbreak,mean,2024.0,1,SI,428,-2.998200325355013,86.83694890779417,0.5186836563885157,,86.8317500845072,0.0059734331725862,0.0059734331725862,0.0139380107360346,0.023893732690345
pitch_types,primary_hbreak,mean,2023.0,14,SI,93,-7.386777456700682,85.8568685783601,1.1253670680281624,,85.83753649106497,0.0131104306347993,0.0131104306347993,0.0305910048145317,0.0524417225391972
pitch_types,primary_hbreak,mean,2022.0,11,HC,13,1.0325905302347915,35.00876641767384,0.0901185483075386,,35.00762577304238,0.0025742547892789,0.0025742547892789,0.0060065945083174,0.0102970191571156
pitch_types,primary_hbreak,mean,2015.0,1,SL,516,-2.6418187245873748,76.64154653154988,1.0973775180680465,,76.63103326460511,0.014320275628789,0.014320275628789,0.0334139764671744,0.0572811025151561
pitch_types,primary_hbreak,mean,2019.0,1,CU,374,-3.1792143553149925,61.38598124301572,0.3244671411141008,,61.38222200050542,0.0052860116584151,0.0052860116584151,0.0123340272029687,0.0211440466336607
pitch_types,primary_hbreak,mean,2023.0,14,FA,342,-5.217536709861179,76.58976198855026,0.0981327402981516,,76.58845398770788,0.0012812994020469,0.0012812994020469,0.0029896986047762,0.0051251976081878
pitch_types,primary_hbreak,mean,2015.0,1,XX,80,-3.5361157953465865,79.924771418541,2.7005948749140383,,79.83969111605695,0.0338252169711977,0.0338252169711977,0.0789255062661281,0.1353008678847911
pitch_types,primary_hbreak,mean,2021.0,16,FA,25,-7.110638285772153,50.66743350902297,0.351917685645547,,50.655336420356186,0.0069472973730784,0.0069472973730784,0.0162103605371831,0.0277891894923139
pitch_types,primary_hbreak,mean,2023.0,14,CU,100,-4.802138292000894,68.45170223974439,0.0996111114331859,,68.44992967093162,0.0014552405227011,0.0014552405227011,0.003395561219636,0.0058209620908047
pitch_types,primary_hbreak,mean,2017.0,1,FS,53,-6.204174759034798,41.81880222180481,0.1943987171101578,,41.81668868523184,0.0046488309625246,0.0046488309625246,0.0108472722458907,0.0185953238500984
pitch_types,primary_hbreak,mean,2016.0,1,SL,522,-2.73074054311888,78.54767569668202,0.6932136521919022,,78.54064496800801,0.0088261772293093,0.0088261772293093,0.0205944135350551,0.0353047089172373
pitch_types,primary_hbreak,mean,2021.0,14,CU,127,-5.881261592387598,53.20802780506726,0.1936325535550107,,53.20427311090939,0.0036394173293443,0.0036394173293443,0.00849197376847,0.0145576693173772
pitch_types,primary_hbreak,mean,2021.0,14,SL,241,-6.491588729188527,69.58163174779709,0.3474487660770948,,69.57629514980127,0.0049937807888307,0.0049937807888307,0.0116521551739383,0.0199751231553229
pitch_types,primary_hbreak,mean,2017.0,1,CH,419,-2.9755148307178803,82.85313485409606,0.4241664555674747,,82.84722361869514,0.0051198632499708,0.0051198632499708,0.0119463475832653,0.0204794529998834
pitch_types,primary_hbreak,mean,2023.0,11,FS,88,-5.268799689700065,42.33503683218285,0.1134916859436819,,42.33302375478864,0.0026809255724579,0.0026809255724579,0.0062554930024018,0.0107237022898317
pitch_types,primary_hbreak,mean,2020.0,1,SW,57,-3.4150546273887943,75.31609080143178,0.4835626868744092,,75.30848044862451,0.0064210920734789,0.0064210920734789,0.0149825481714509,0.0256843682939159
pitch_types,primary_hbreak,mean,2020.0,1,CU,300,-3.616079002843927,54.99222788448776,0.322308606845474,,54.986202330778006,0.0058616269751923,0.0058616269751923,0.0136771296087822,0.0234465079007694
pitch_types,primary_hbreak,mean,2023.0,1,CU,299,-3.3410596874071588,51.86740576299616,0.0907569492677519,,51.86623815085696,0.0017498271033996,0.0017498271033996,0.0040829299079325,0.0069993084135987
pitch_types,primary_hbreak,mean,2024.0,11,HC,41,-0.1725269312212529,11.929486674189738,0.3174863715704902,,11.925380749700706,0.0266227450707146,0.0266227450707146,0.0621197384983342,0.1064909802828587
pitch_types,primary_hbreak,mean,2020.0,1,CH,324,-3.271389640640177,80.33913218107479,0.2647474741760767,,80.33397857764427,0.0032955852413084,0.0032955852413084,0.0076896988963864,0.0131823409652339
pitch_types,primary_hbreak,mean,2023.0,1,SL,582,-3.872486817877638,71.4818625435933,0.0844617298587387,,71.48103432678107,0.0011815963584496,0.0011815963584496,0.0027570581697158,0.0047263854337985
pitch_types,primary_hbreak,mean,2022.0,1,CU,321,-3.365642027104935,55.46323358712798,0.0979926925506369,,55.46197413093965,0.0017668446550295,0.0017668446550295,0.0041226375284022,0.0070673786201181
pitch_types,primary_hbreak,mean,2022.0,11,SL,333,-3.3806324826960443,67.6610205027737,0.5257173585746124,,67.65234768358735,0.0077708664455136,0.0077708664455136,0.0181320217061985,0.0310834657820546
pitch_types,primary_hbreak,mean,2022.0,14,SL,241,-5.426990364222808,93.44379822273392,0.2376434375603572,,93.44004822058264,0.00254327177785,0.00254327177785,0.0059343008149834,0.0101730871114002
pitch_types,primary_hbreak,mean,2016.0,1,FS,63,-5.123158377373826,53.20829835211325,0.2649979502186791,,53.204838066346,0.004980711526426,0.004980711526426,0.0116216602283273,0.019922846105704
pitch_types,primary_hbreak,mean,2022.0,16,FA,27,-8.135534299140444,48.626944151223285,0.3295216138002507,,48.61728688913235,0.0067778692495057,0.0067778692495057,0.0158150282488468,0.0271114769980231
pitch_types,primary_hbreak,mean,2021.0,1,FA,716,-3.653156719439854,60.5366188178504,0.0821983181245811,,60.53588224663536,0.0013578445555594,0.0013578445555594,0.003168303962972,0.0054313782222377
pitch_types,primary_hbreak,mean,2025.0,14,CU,97,-5.491078802025608,57.98970202243899,0.092127581715907,,57.98800793108181,0.0015887350678678,0.0015887350678678,0.0037070484916915,0.0063549402714712
pitch_types,primary_hbreak,mean,2025.0,11,FA,1015,-4.420745430528053,57.43011349864002,0.0827288717727193,,57.42919976406473,0.0014405367324042,0.0014405367324042,0.00336125237561,0.0057621469296171
pitch_types,primary_hbreak,mean,2025.0,1,SI,454,-3.672345755713865,82.8579636216625,0.3817772155147834,,82.85386114053819,0.0046078385516301,0.0046078385516301,0.010751623287137,0.0184313542065206
pitch_types,primary_hbreak,mean,2015.0,1,CH,385,-2.323052492966112,86.2265181428407,0.2529241102282834,,86.22324918069283,0.0029333632475186,0.0029333632475186,0.00684451424421,0.0117334529900744
pitch_types,primary_hbreak,mean,2024.0,11,SL,836,-4.410381127986142,61.62826316901523,0.2079183894237289,,61.6256324810451,0.0033738946125653,0.0033738946125653,0.0078724207626524,0.0134955784502613
pitch_types,primary_hbreak,mean,2021.0,14,FA,352,-6.043490816616691,67.33582563739027,0.1272079687311336,,67.33435495020407,0.001889198594465,0.001889198594465,0.0044081300537516,0.00755679437786
pitch_types,primary_hbreak,mean,2025.0,11,SL,892,-4.548619647812872,60.68142081864405,0.3758557245897523,,60.676737343915086,0.0061943957609224,0.0061943957609224,0.014453590108819,0.0247775830436897
pitch_types,primary_hbreak,mean,2024.0,14,SW,82,-5.360137755169048,77.53481032031125,0.3541262849910241,,77.52939284297807,0.004567639085066,0.004567639085066,0.0106578245318207,0.018270556340264
pitch_types,primary_hbreak,mean,2024.0,14,CU,91,-6.098318118043768,64.46699520676712,0.1011851812422583,,64.4652861513757,0.0015696072612577,0.0015696072612577,0.0036624169429347,0.006278429045031
pitch_types,primary_hbreak,mean,2023.0,1,SW,290,-3.6102775622186423,70.2394920547453,0.1418202282261481,,70.23785381838724,0.0020191423928306,0.0020191423928306,0.0047113322499381,0.0080765695713226
pitch_types,primary_hbreak,mean,2024.0,1,SL,593,-3.52412486066154,68.26136229656043,0.146094896975778,,68.25981279762102,0.0021402768479445,0.0021402768479445,0.0049939793118706,0.0085611073917782
pitch_types,primary_hbreak,mean,2025.0,16,CU,11,-3.407390513400508,73.54594416213843,0.2210794667651451,,73.53877122842205,0.0030062980802118,0.0030062980802118,0.0070146955204943,0.0120251923208474
pitch_types,primary_hbreak,mean,2021.0,1,CH,452,-2.80962496008304,81.70004782927435,0.0852723577561568,,81.6988484803894,0.0010437400201133,0.0010437400201133,0.0024353933802644,0.0041749600804532
pitch_types,primary_hbreak,mean,2025.0,11,SI,565,-4.493413825771637,71.90262825912487,0.8745956531173735,,71.89043240996459,0.012165675233804,0.012165675233804,0.0283865755455428,0.0486627009352163
pitch_types,primary_hbreak,mean,2022.0,11,FA,425,-2.9185145432512147,58.252656042904455,0.1166120240452511,,58.25100894703191,0.0020018884849065,0.0020018884849065,0.0046710731314486,0.0080075539396261
pitch_types,primary_hbreak,mean,2017.0,1,HC,37,-1.3515363460140692,44.7987230867986,7.986013832008682,,44.74303216301547,0.1784862010002511,0.1784862010002511,0.4164678023339194,0.7139448040010048
pitch_types,primary_hbreak,mean,2022.0,1,SL,575,-3.7334277420531015,77.05587263650001,0.3805945824585177,,77.0520458329055,0.0049394481138615,0.0049394481138615,0.0115253789323435,0.0197577924554461
pitch_types,primary_hbreak,mean,2023.0,11,CU,393,-3.3393838682587607,47.55513558977864,0.1400254432403328,,47.55286119504943,0.0029446270891247,0.0029446270891247,0.0068707965412911,0.011778508356499
pitch_types,primary_hbreak,mean,2021.0,1,SW,113,-3.9654758289706615,78.47042451891878,0.1087602518070257,,78.46922980478712,0.0013860242043613,0.0013860242043613,0.003234056476843,0.0055440968174452
pitch_types,primary_hbreak,mean,2023.0,1,SI,407,-3.6712893052855713,89.97084551751767,0.2598587309675057,,89.96838380449742,0.0028883338788455,0.0028883338788455,0.0067394457173061,0.011553335515382
pitch_types,primary_hbreak,mean,2020.0,1,HC,20,-3.135114266483609,35.70404115734221,0.2136339815304913,,35.70197793652143,0.0059838136114008,0.0059838136114008,0.0139622317599354,0.0239352544456035
pitch_types,primary_hbreak,mean,2015.0,1,SI,409,-2.85758567668754,81.321023795311,2.937194249925178,,81.29358950356934,0.0361306994544288,0.0361306994544288,0.0843049653936674,0.1445227978177155
pitch_types,primary_hbreak,mean,2024.0,1,CH,410,-2.6970310384820126,84.15412218020555,0.1934968889450112,,84.15153294349788,0.0022993863828354,0.0022993863828354,0.0053652348932828,0.0091975455313419
pitch_types,primary_hbreak,mean,2018.0,1,SL,562,-2.840165642473866,68.2379566117837,0.255133651996805,,68.23541511301104,0.0037390210285121,0.0037390210285121,0.0087243823998617,0.0149560841140486
pitch_types,primary_hbreak,mean,2022.0,11,CU,154,-1.6384165770357106,58.97380975458071,0.3000850254757757,,58.96877012000823,0.0050888805187062,0.0050888805187062,0.0118740545436478,0.0203555220748249
pitch_types,primary_hbreak,mean,2020.0,1,SL,481,-3.37521558083822,74.43786228446373,0.3469580514952132,,74.43274074957084,0.0046613633731767,0.0046613633731767,0.0108765145374125,0.0186454534927071
pitch_types,primary_hbreak,mean,2025.0,14,SW,78,-7.295913211527973,55.15016286018746,0.1785507178163773,,55.147173749675474,0.0032377129356956,0.0032377129356956,0.007554663516623,0.0129508517427824
pitch_types,primary_hbreak,mean,2024.0,11,SW,406,-4.025056139704633,66.0264736794485,0.4000094579773093,,66.02114362928452,0.0060588083754411,0.0060588083754411,0.0141372195426959,0.0242352335017644
pitch_types,primary_hbreak,mean,2019.0,1,HC,31,-2.0466206111713894,39.27262595790112,2.273641076833776,,39.25633889958625,0.0579178074310373,0.0579178074310373,0.1351415506724204,0.2316712297241492
pitch_types,primary_hbreak,mean,2022.0,11,SW,127,-3.245919532281838,73.04421362441099,0.8201957662245482,,73.0307265248499,0.0112308312576551,0.0112308312576551,0.0262052729345286,0.0449233250306205
pitch_types,primary_hbreak,mean,2022.0,14,SW,61,-5.232308856651325,92.4562139045049,0.2801940612121881,,92.45232015500036,0.0030306871773734,0.0030306871773734,0.0070716034138714,0.0121227487094939
pitch_types,primary_hbreak,mean,2018.0,1,FA,683,-3.1091467964847186,61.59560924216005,0.1182619657002792,,61.59461022430105,0.0019200050989789,0.0019200050989789,0.0044800118976175,0.0076800203959158
pitch_types,primary_hbreak,mean,2025.0,1,HC,39,-0.4301424293811214,22.104690298532347,0.5175258265510476,,22.09960417354466,0.0234178776455451,0.0234178776455451,0.0546417145062719,0.0936715105821805
pitch_types,primary_hbreak,mean,2021.0,1,SL,616,-3.0755697326683165,72.06999402339423,0.3866700355921595,,72.06616648059172,0.005365486392235,0.005365486392235,0.0125194682485484,0.0214619455689401
pitch_types,primary_hbreak,mean,2025.0,16,SL,50,-6.564989554145962,46.55927086711499,0.4053978886225311,,46.54593325149983,0.0087096306874342,0.0087096306874342,0.0203224716040133,0.0348385227497371
pitch_types,primary_hbreak,mean,2015.0,1,CU,353,-2.2304396223925806,71.5003551188193,1.1328629466216578,,71.48586237111553,0.0158473705016028,0.0158473705016028,0.0369771978370733,0.0633894820064114
pitch_types,primary_vbreak,mean,2024.0,16,FA,12,14.130082601707342,5.5187200645400845,0.1698327664066393,,5.513379426417552,0.0308037508887706,0.0308037508887706,0.0718754187404647,0.1232150035550824
pitch_types,primary_vbreak,mean,2015.0,1,FA,607,14.19324180389153,6.462026550635535,0.0660851437170424,,6.461576732946493,0.0102274021416607,0.0102274021416607,0.0238639383305418,0.0409096085666431
pitch_types,primary_vbreak,mean,2025.0,16,SL,50,12.39867095243052,7.7410075044584605,0.3297393801195503,,7.730159058453577,0.0426562218999818,0.0426562218999818,0.0995311844332909,0.1706248875999272
pitch_types,primary_vbreak,mean,2024.0,14,CH,206,13.92600410272991,6.836075949598192,0.1207553022980809,,6.833772553544854,0.0176703718702844,0.0176703718702844,0.0412308676973304,0.0706814874811378
pitch_types,primary_vbreak,mean,2020.0,1,SW,57,12.913665468685387,21.175356270017325,0.3149034497466701,,21.17040029136585,0.0148747045597952,0.0148747045597952,0.0347076439728555,0.0594988182391809
pitch_types,primary_vbreak,mean,2022.0,1,SL,575,13.86233792609941,13.18520252978528,0.3245466972001726,,13.181939276642249,0.0246205577486806,0.0246205577486806,0.0574479680802549,0.0984822309947227
pitch_types,primary_vbreak,mean,2023.0,14,SL,237,13.663797936441815,10.404084927602367,0.5988678421403352,,10.39386690561184,0.0576174245426401,0.0576174245426401,0.1344406572661604,0.2304696981705607
pitch_types,primary_vbreak,mean,2021.0,1,CH,452,14.045844469802049,10.192559939379516,0.0622031454277514,,10.191685057119052,0.0061033229617217,0.0061033229617217,0.0142410869106841,0.0244132918468871
pitch_types,primary_vbreak,mean,2024.0,1,SI,428,12.267512553478925,14.238329385452223,1.147506621719616,,14.22682780048138,0.0806579399014577,0.0806579399014577,0.1882018597700681,0.3226317596058311
pitch_types,primary_vbreak,mean,2023.0,1,SW,290,13.269576998014193,14.179817436518931,0.2212913571539222,,14.177261189419704,0.0156088932973224,0.0156088932973224,0.0364207510270856,0.0624355731892896
pitch_types,primary_vbreak,mean,2024.0,14,SI,109,11.824654110060216,9.602222779477662,0.927406819705612,,9.587543442228233,0.0967303903543068,0.0967303903543068,0.2257042441600494,0.3869215614172275
pitch_types,primary_vbreak,mean,2015.0,1,HC,58,12.48249446442723,18.57749926849424,11.21021568727309,,18.47811998794656,0.6066751214185,0.6066751214185,1.4155752833098332,2.426700485674
pitch_types,primary_vbreak,mean,2016.0,1,SW,16,11.169553024712222,25.14234821423581,3.922356620610905,,25.116540111552663,0.1561662793995566,0.1561662793995566,0.3643879852656322,0.6246651175982266
pitch_types,primary_vbreak,mean,2024.0,1,CU,299,14.471163151227907,6.857021336274497,0.0638802192456777,,6.856193589918815,0.0093171551252003,0.0093171551252003,0.0217400286254674,0.0372686205008013
pitch_types,primary_vbreak,mean,2017.0,1,SW,23,12.172724898622189,16.785064108480245,0.0787049658663079,,16.784488322698742,0.004689148954268,0.004689148954268,0.0109413475599589,0.0187565958170723
pitch_types,primary_vbreak,mean,2021.0,14,SL,241,13.882916897762115,9.31778898737171,0.5235650995061231,,9.309747351500452,0.0562383789525437,0.0562383789525437,0.1312228842226021,0.2249535158101751
pitch_types,primary_vbreak,mean,2016.0,1,FA,619,14.157348637827583,6.540599987880451,0.0652778826634348,,6.540122457770155,0.0099811407332105,0.0099811407332105,0.0232893283774912,0.0399245629328422
pitch_types,primary_vbreak,mean,2016.0,1,SI,405,12.721335182344886,16.448460762195193,1.2103808466047157,,16.436545708619175,0.0736396118784254,0.0736396118784254,0.1718257610496594,0.2945584475137018
pitch_types,primary_vbreak,mean,2022.0,11,CU,154,13.473189480858604,7.955527106975581,0.1753567889616079,,7.952582161173076,0.022050295791693,0.022050295791693,0.0514506901806171,0.0882011831667722
pitch_types,primary_vbreak,mean,2024.0,14,SW,82,12.82678924934522,7.08854612225384,0.1257032208430785,,7.086623095417123,0.0177380988307915,0.0177380988307915,0.0413888972718468,0.070952395323166
pitch_types,primary_vbreak,mean,2023.0,14,FA,342,14.254190069228002,6.313563057241014,0.0739850264129659,,6.312576918704802,0.0117202574108429,0.0117202574108429,0.0273472672919668,0.0468810296433717
pitch_types,primary_vbreak,mean,2018.0,1,SL,562,13.66884305786852,10.814984970647158,0.1509619120809417,,10.813481172495605,0.0139605284988998,0.0139605284988998,0.0325745664974329,0.0558421139955993
pitch_types,primary_vbreak,mean,2025.0,1,CH,421,13.834942010132274,9.57430768061464,0.0606040987384764,,9.57350048869766,0.0063304011745781,0.0063304011745781,0.0147709360740157,0.0253216046983127
pitch_types,primary_vbreak,mean,2021.0,14,SI,76,12.372932111163664,14.930318129335474,1.8327524057770908,,14.903177967471676,0.1229772877823331,0.1229772877823331,0.2869470048254439,0.4919091511293325
pitch_types,primary_vbreak,mean,2019.0,1,SW,44,12.14215870306911,15.31659185838719,0.2959394110065302,,15.314103561765863,0.0193246316908415,0.0193246316908415,0.0450908072786302,0.0772985267633662
pitch_types,primary_vbreak,mean,2023.0,11,FS,88,14.529469567587944,6.81634990261152,0.1153107502313418,,6.814304559266155,0.01692186623425,0.01692186623425,0.0394843545465833,0.067687464937
pitch_types,primary_vbreak,mean,2024.0,14,FS,11,14.081777193115665,4.771814379625114,0.0270366328021057,,4.7712955419601615,0.0056665181530545,0.0056665181530545,0.0132218756904607,0.0226660726122183
pitch_types,primary_vbreak,mean,2015.0,1,CU,353,13.95567988406278,11.446671367560452,1.9602032909970435,,11.421594431441008,0.1716225613475695,0.1716225613475695,0.4004526431443289,0.6864902453902783
pitch_types,primary_vbreak,mean,2022.0,11,FS,21,14.753251677112726,4.523259553450936,0.3284622140143691,,4.516056048812089,0.0727320942132169,0.0727320942132169,0.1697082198308395,0.2909283768528677
pitch_types,primary_vbreak,mean,2021.0,14,CH,209,14.067294976390968,7.7917541806991375,0.0657064502899682,,7.790437661026416,0.0084342437676744,0.0084342437676744,0.0196799021245736,0.0337369750706977
pitch_types,primary_vbreak,mean,2021.0,16,FA,25,14.232109912838675,7.162103487779805,0.2366390107784043,,7.153969076773561,0.0330780030272549,0.0330780030272549,0.0771820070635949,0.1323120121090199
pitch_types,primary_vbreak,mean,2025.0,11,CH,611,13.1926909197581,9.259595039215018,0.3114077184333832,,9.254181313240371,0.0336504881299265,0.0336504881299265,0.0785178056364952,0.1346019525197062
pitch_types,primary_vbreak,mean,2016.0,1,XX,251,13.602919376636953,12.03897612886329,0.563408677990302,,12.023056467906356,0.0468606863399695,0.0468606863399695,0.1093416014599289,0.1874427453598782
pitch_types,primary_vbreak,mean,2018.0,1,CU,364,14.154707689741402,5.923439767345893,0.1899600884671178,,5.921168002886748,0.0320815231681496,0.0320815231681496,0.0748568873923492,0.1283260926725987
pitch_types,primary_vbreak,mean,2025.0,11,FA,1015,13.71857041266951,6.827451868781591,0.0368867003186606,,6.827044457768634,0.0054030262358532,0.0054030262358532,0.0126070612169909,0.0216121049434131
pitch_types,primary_vbreak,mean,2024.0,11,SI,521,11.308658961660738,13.162785536994548,0.6290175279580404,,13.15426241809923,0.0478185327284152,0.0478185327284152,0.1115765763663022,0.1912741309136609
pitch_types,primary_vbreak,mean,2021.0,1,FS,55,15.452814790454257,4.557992923020383,0.0388245450070541,,4.557557686574087,0.0085187171895653,0.0085187171895653,0.0198770067756523,0.0340748687582612
pitch_types,primary_vbreak,mean,2018.0,1,HC,36,12.237850508785126,11.43365820826964,0.2083437777110955,,11.432307864018725,0.0182241223897427,0.0182241223897427,0.042522952242733,0.0728964895589709
pitch_types,primary_vbreak,mean,2016.0,1,CU,368,14.207398843076788,8.252500200469067,1.4175425749780417,,8.234954368785447,0.1721372713795755,0.1721372713795755,0.4016536332190095,0.6885490855183021
pitch_types,primary_vbreak,mean,2020.0,1,FS,49,15.186498776824546,3.846288725095005,0.1623641412075671,,3.84357576763329,0.0422429922091906,0.0422429922091906,0.0985669818214448,0.1689719688367627
pitch_types,primary_vbreak,mean,2022.0,1,SI,387,12.057034669996172,20.02770837564937,1.4178124959181029,,20.014797640317404,0.0708382128761616,0.0708382128761616,0.1652891633777106,0.2833528515046467
pitch_types,primary_vbreak,mean,2023.0,14,CU,100,14.789590020561702,6.2290017853085216,0.0586693621788395,,6.227957770437421,0.0094203211295568,0.0094203211295568,0.0219807493022993,0.0376812845182274
pitch_types,primary_vbreak,mean,2025.0,11,SI,565,11.741763842218836,12.71339841831944,0.6487447126900293,,12.704351960529156,0.0510647622724558,0.0510647622724558,0.1191511119690635,0.2042590490898232
pitch_types,primary_vbreak,mean,2017.0,1,FA,636,14.298537354137611,5.716415127095588,0.0625259412491854,,5.715935536808211,0.0109388814563328,0.0109388814563328,0.0255240567314433,0.0437555258253315
pitch_types,primary_vbreak,mean,2023.0,14,CH,187,13.424821563791152,10.943192191375918,0.1613649759678841,,10.940357540229847,0.0147495157607521,0.0147495157607521,0.0344155367750884,0.0589980630430087
pitch_types,primary_vbreak,mean,2016.0,1,CH,412,13.626923325822204,12.230268779748412,0.4445086882549292,,12.223700409201832,0.0363644946599238,0.0363644946599238,0.0848504875398223,0.1454579786396954
pitch_types,primary_vbreak,mean,2017.0,1,SL,558,13.694199335641905,11.814136363255653,0.2739093371149727,,11.811433593359377,0.0231901855900853,0.0231901855900853,0.0541104330435324,0.0927607423603414
pitch_types,primary_vbreak,mean,2019.0,1,CU,374,14.039529147270889,5.899930653593878,0.0948356030604627,,5.898831898172018,0.01607701400846,0.01607701400846,0.0375130326864068,0.0643080560338403
pitch_types,primary_vbreak,mean,2024.0,11,HC,41,9.8708988424594,10.73087710128273,0.2411893836380067,,10.727757895277524,0.0224827392631764,0.0224827392631764,0.0524597249474116,0.0899309570527056
pitch_types,primary_vbreak,mean,2025.0,16,CU,11,13.387555835645946,5.502497116512956,0.1239577112963859,,5.498475302729107,0.0225440152899951,0.0225440152899951,0.0526027023433221,0.0901760611599807
pitch_types,primary_vbreak,mean,2025.0,1,HC,39,12.078359197916464,11.869705177387509,0.1994519188556742,,11.867745009727674,0.0168062187628895,0.0168062187628895,0.0392145104467423,0.0672248750515582
pitch_types,primary_vbreak,mean,2023.0,1,CH,433,13.951842748143823,9.628876194629765,0.0452141223802027,,9.62825503277367,0.0046959830443105,0.0046959830443105,0.0109572937700579,0.0187839321772421
pitch_types,primary_vbreak,mean,2019.0,1,SL,586,13.35226228345176,11.230518702844911,0.0931750334703262,,11.229662064237417,0.0082972250578275,0.0082972250578275,0.0193601918015976,0.0331889002313102
pitch_types,primary_vbreak,mean,2024.0,1,FA,671,14.292313979897918,6.274302837691973,0.032802917972185,,6.273995112239737,0.0052283939316737,0.0052283939316737,0.012199585840572,0.020913575726695
pitch_types,primary_vbreak,mean,2023.0,1,CU,299,14.622839698073395,6.653006642721971,0.0598961409211675,,6.6522360630386,0.0090039109186104,0.0090039109186104,0.0210091254767577,0.0360156436744418
pitch_types,primary_vbreak,mean,2018.0,1,CH,419,13.617203266874611,9.41418627496286,0.0612812255451358,,9.413320449165855,0.0065100541170428,0.0065100541170428,0.0151901262730999,0.0260402164681713
pitch_types,primary_vbreak,mean,2025.0,16,SI,19,9.691185730164374,16.58342164950954,0.6202104254209396,,16.5600479512202,0.0374522119288453,0.0374522119288453,0.087388494500639,0.1498088477153812
pitch_types,primary_vbreak,mean,2020.0,1,HC,20,12.915165486999657,5.4444123915633424,0.1801145463797581,,5.442672892633661,0.0330930316652931,0.0330930316652931,0.0772170738856839,0.1323721266611724
pitch_types,primary_vbreak,mean,2022.0,11,SL,333,12.662430456793352,13.869470724881491,0.4340324730528804,,13.862310441701965,0.0313102548726063,0.0313102548726063,0.0730572613694147,0.1252410194904253
pitch_types,primary_vbreak,mean,2025.0,14,SW,78,13.485302384399542,6.837204227586016,0.1296468460676379,,6.835033814858667,0.0189679889784596,0.0189679889784596,0.044258640949739,0.0758719559138384
pitch_types,primary_vbreak,mean,2020.0,1,CU,300,14.703517299460634,7.138848822665032,0.1942306238227031,,7.135217684584741,0.0272214012814672,0.0272214012814672,0.0635166029900903,0.1088856051258691
pitch_types,primary_vbreak,mean,2024.0,14,CU,91,14.82391825608147,5.587220921967034,0.0727623200796468,,5.585991939285004,0.0130258548294576,0.0130258548294576,0.0303936612687344,0.0521034193178304
pitch_types,primary_vbreak,mean,2022.0,11,FA,425,13.62421736938673,6.032296474717133,0.0739919675092421,,6.031251369246378,0.0122680954547062,0.0122680954547062,0.0286255560609811,0.0490723818188248
pitch_types,primary_vbreak,mean,2025.0,1,FA,699,14.293475403677151,6.985553657962671,0.0336415062366965,,6.985229048785086,0.0048160920711036,0.0048160920711036,0.0112375481659084,0.0192643682844144
pitch_types,primary_vbreak,mean,2019.0,1,FA,703,13.711089525685216,7.969964057869123,0.0361421623008622,,7.969659325138581,0.0045349695421559,0.0045349695421559,0.0105815955983637,0.0181398781686236
pitch_types,primary_vbreak,mean,2018.0,1,FA,683,14.079423744181916,5.659633713528433,0.0380566625431846,,5.659312229902573,0.0067246091039298,0.0067246091039298,0.0156907545758364,0.0268984364157195
pitch_types,primary_vbreak,mean,2016.0,1,SL,522,13.597101674229538,13.03521806942405,0.6161337165976125,,13.028969102782073,0.0472895216603169,0.0472895216603169,0.1103422172074061,0.1891580866412676
pitch_types,primary_vbreak,mean,2022.0,1,FA,688,14.45037777265066,7.69062916150604,0.0360202216462327,,7.690293796878006,0.0046838550772736,0.0046838550772736,0.010928995180305,0.0187354203090944
pitch_types,primary_vbreak,mean,2021.0,14,SW,27,14.398661703549166,7.439155545614676,0.032831012874796,,7.438656760571864,0.0044135673860924,0.0044135673860924,0.0102983239008823,0.0176542695443697
pitch_types,primary_vbreak,mean,2019.0,1,CH,434,13.440106432723796,7.900409543507333,0.0470689282889469,,7.899782417787277,0.0059582562910803,0.0059582562910803,0.0139025980125207,0.0238330251643213
pitch_types,primary_vbreak,mean,2023.0,11,CH,615,13.040515472678528,12.105219320501536,0.1367664982278118,,12.103015223731456,0.0113002004624138,0.0113002004624138,0.0263671344122989,0.0452008018496553
pitch_types,primary_vbreak,mean,2025.0,11,FS,127,14.330463519349458,7.360118464717115,0.1512371537996268,,7.357407911779831,0.0205557657823325,0.0205557657823325,0.0479634534921093,0.0822230631293303
pitch_types,primary_vbreak,mean,2025.0,14,CH,179,14.444334252094938,7.233523529086915,0.0799790270964683,,7.231971266860394,0.0110590908267241,0.0110590908267241,0.0258045452623563,0.0442363633068965
pitch_types,primary_vbreak,mean,2017.0,1,SI,388,12.884478893291147,14.14708828824452,0.7469716427593233,,14.141278965315667,0.052822071086457,0.052822071086457,0.1232514992017329,0.211288284345828
pitch_types,primary_vbreak,mean,2023.0,1,HC,34,11.366356312217867,13.358293416997864,0.0734642739189089,,13.357623778664252,0.0054998010975762,0.0054998010975762,0.012832869227678,0.0219992043903051
pitch_types,primary_vbreak,mean,2022.0,16,FA,27,12.923679539265224,11.888324756525636,0.2161892821427359,,11.881988915501958,0.0181947049168411,0.0181947049168411,0.0424543114726294,0.0727788196673647
pitch_types,primary_vbreak,mean,2024.0,1,SW,309,12.81232314569868,12.837334260295258,1.1364877674271283,,12.824686025912555,0.0886172000726435,0.0886172000726435,0.2067734668361681,0.354468800290574
pitch_types,primary_vbreak,mean,2023.0,14,SI,93,10.843479536855568,15.162064037050996,2.564350585078274,,15.118012410897624,0.1696222039895796,0.1696222039895796,0.3957851426423525,0.6784888159583187
pitch_types,primary_vbreak,mean,2025.0,14,SL,307,14.500245836571631,7.11579604744125,0.0891142629293829,,7.114473067565536,0.0125257713513105,0.0125257713513105,0.0292267998197246,0.0501030854052422
pitch_types,primary_vbreak,mean,2021.0,1,SW,113,12.892789990952132,22.06605448284752,0.3197175677638503,,22.062542436028945,0.0144914199571913,0.0144914199571913,0.0338133132334464,0.0579656798287653
pitch_types,primary_vbreak,mean,2021.0,1,SI,376,12.526277948347367,17.87028074166017,0.7882041019626124,,17.862232107698986,0.0441268536434973,0.0441268536434973,0.1029626585014938,0.1765074145739894
pitch_types,primary_vbreak,mean,2022.0,1,SW,228,12.999887003681568,18.98919881386453,0.4812351950309125,,18.98323187391459,0.0253505408471669,0.0253505408471669,0.0591512619767227,0.1014021633886676
pitch_types,primary_vbreak,mean,2015.0,1,FS,68,14.496328538271264,9.80133468930787,0.1694948367986206,,9.799190829162074,0.0172968196817036,0.0172968196817036,0.0403592459239752,0.0691872787268146
pitch_types,primary_vbreak,mean,2024.0,1,HC,38,10.460411688785186,11.529994047704642,0.082326346492112,,11.5293413786788,0.0071405940537382,0.0071405940537382,0.0166613861253892,0.0285623762149529
pitch_types,primary_vbreak,mean,2023.0,11,SW,410,12.211092652402884,16.181416008411954,0.2724067153802093,,16.177779393164027,0.0168383255056201,0.0168383255056201,0.0392894261797802,0.0673533020224804
pitch_types,primary_vbreak,mean,2025.0,14,SI,105,12.452298052039485,7.29379864786293,0.1771797768819988,,7.29083304129117,0.024301719142182,0.024301719142182,0.056704011331758,0.0972068765687281
pitch_types,primary_vbreak,mean,2021.0,1,CU,378,14.879375767435834,6.674422381866649,0.2049021704642805,,6.671658222795224,0.030712330221621,0.030712330221621,0.0716621038504491,0.1228493208864843
pitch_types,primary_vbreak,mean,2019.0,1,FS,55,14.39758804954593,4.746131763957256,0.0773449048046296,,4.745106019569072,0.0162999318636201,0.0162999318636201,0.038033174348447,0.0651997274544806
pitch_types,primary_vbreak,mean,2015.0,1,SL,516,13.342630128943862,16.004923347206354,0.2602520156871346,,16.002430040328107,0.0162632809536593,0.0162632809536593,0.0379476555585385,0.0650531238146374
pitch_types,primary_vbreak,mean,2023.0,1,SI,407,12.110400599614977,18.72967819692789,0.5175315725186598,,18.72477547841729,0.0276388666510411,0.0276388666510411,0.0644906888524292,0.1105554666041644
pitch_types,primary_vbreak,mean,2023.0,1,FA,681,14.48312817057193,6.404205747314846,0.0331980023045659,,6.403897218776821,0.0051840310939448,0.0051840310939448,0.0120960725525379,0.0207361243757794
pitch_types,primary_vbreak,mean,2017.0,1,HC,37,12.6551279774482,13.445589769111647,6.9319845770872615,,13.397249178565575,0.5174185002230032,0.5174185002230032,1.207309833853674,2.0696740008920127
pitch_types,primary_vbreak,mean,2024.0,1,CH,410,13.531337031057586,10.754267509212111,0.3993618937286972,,10.748923534533636,0.0371536640339515,0.0371536640339515,0.0866918827458868,0.148614656135806
pitch_types,primary_vbreak,mean,2021.0,1,HC,27,12.359411450096024,13.569164159429066,0.2792393359337275,,13.566996970625928,0.0205822509239378,0.0205822509239378,0.0480252521558549,0.0823290036957514
pitch_types,primary_vbreak,mean,2025.0,16,CH,14,11.835768206270629,11.80983966566842,0.2479500752660822,,11.800667901143893,0.0210115289526999,0.0210115289526999,0.0490269008896332,0.0840461158107999
pitch_types,primary_vbreak,mean,2015.0,1,CH,385,13.513051795624936,13.501713983592571,0.2303127012504428,,13.498737266577008,0.0170617959815174,0.0170617959815174,0.0398108572902072,0.0682471839260696
pitch_types,primary_vbreak,mean,2022.0,1,CH,443,14.039950877786966,10.012640364740262,0.246903939156164,,10.009430760485875,0.024667130935244,0.024667130935244,0.0575566388489026,0.098668523740976
pitch_types,primary_vbreak,mean,2021.0,14,XX,11,14.171755501965231,8.087086780020993,0.0537988910878235,,8.085411972143293,0.0066538218798469,0.0066538218798469,0.0155255843863095,0.0266152875193878
pitch_types,primary_vbreak,mean,2020.0,1,SL,481,13.695102782239514,14.27819961612196,0.2779820156116851,,14.274096253809384,0.0194745790324553,0.0194745790324553,0.0454406844090624,0.0778983161298212
pitch_types,primary_vbreak,mean,2023.0,11,CU,393,14.023487550227347,7.907153136043397,0.0461033469125351,,7.906404292070545,0.0058311395685612,0.0058311395685612,0.0136059923266429,0.023324558274245
pitch_types,primary_vbreak,mean,2025.0,11,SL,892,13.3620324371337,10.021917031007606,0.2490916737034214,,10.018813141715354,0.0248623933973055,0.0248623933973055,0.0580122512603795,0.099449573589222
pitch_types,primary_vbreak,mean,2020.0,1,CH,324,13.918857066035464,10.791684261755089,0.1845978995641794,,10.788090858753154,0.0171112666718413,0.0171112666718413,0.0399262889009632,0.0684450666873655
pitch_types,primary_vbreak,mean,2024.0,1,FS,90,14.73359964511542,4.500816920361863,0.1934282670173008,,4.498413532735933,0.0429992186377889,0.0429992186377889,0.1003315101548408,0.1719968745511557
pitch_types,primary_vbreak,mean,2017.0,1,CU,361,14.176476891265857,7.8631052209076175,0.315519005824093,,7.859518556006104,0.0401448261208034,0.0401448261208034,0.0936712609485413,0.1605793044832136
pitch_types,primary_vbreak,mean,2025.0,14,FS,28,15.797755220289147,6.269059318333346,0.0315960504997825,,6.268485734841862,0.005040459823361,0.005040459823361,0.0117610729211758,0.0201618392934443
pitch_types,primary_vbreak,mean,2023.0,1,SL,582,13.779291267980144,13.375691817877811,0.1166245330997556,,13.374548218294988,0.00871988580072,0.00871988580072,0.02034640020168,0.03487954320288
pitch_types,primary_vbreak,mean,2023.0,1,FS,82,14.642255291233283,6.925548511761385,0.0809734131622382,,6.924439056297107,0.0116938588821286,0.0116938588821286,0.0272856707249667,0.0467754355285145
pitch_types,primary_vbreak,mean,2025.0,14,FA,378,14.682019139935544,6.281387472520004,0.0658234734659039,,6.280545540009938,0.0104805343813811,0.0104805343813811,0.0244545802232225,0.0419221375255244
pitch_types,primary_vbreak,mean,2016.0,1,FS,63,15.054071345109412,5.846704267140352,0.1855859853858847,,5.844280925588831,0.0317551445162924,0.0317551445162924,0.0740953372046824,0.1270205780651698
pitch_types,primary_vbreak,mean,2023.0,11,FA,946,13.909725374558546,6.251532204981992,0.0369092662087148,,6.251155505355489,0.0059043909845298,0.0059043909845298,0.0137769122972362,0.0236175639381192
pitch_types,primary_vbreak,mean,2022.0,1,HC,29,11.665571801489032,15.405921030474444,0.4390403497080253,,15.40214936297746,0.0285051351834931,0.0285051351834931,0.0665119820948173,0.1140205407339725
pitch_types,primary_vbreak,mean,2020.0,1,SI,289,11.996355218060106,19.135463556011484,1.207016430800156,,19.11857807261592,0.0631331695388476,0.0631331695388476,0.1473107289239779,0.2525326781553906
pitch_types,primary_vbreak,mean,2022.0,14,SW,61,13.070074046009156,12.63522983251102,0.0954470430434757,,12.633903441527028,0.0075548339818512,0.0075548339818512,0.0176279459576528,0.0302193359274049
pitch_types,primary_vbreak,mean,2021.0,1,SL,616,13.99531650754358,11.982632515083392,0.2660413384135745,,11.979999043347068,0.0222071251801407,0.0222071251801407,0.0518166254203283,0.0888285007205629
pitch_types,primary_vbreak,mean,2025.0,1,FS,101,14.888705228615942,6.662708964716509,0.06738475091557,,6.661955255657501,0.0101148609274049,0.0101148609274049,0.0236013421639448,0.0404594437096197
pitch_types,primary_vbreak,mean,2025.0,1,SW,323,12.787948232907269,15.62110538238369,0.2797197221024482,,15.617819219130052,0.0179102932475888,0.0179102932475888,0.0417906842443739,0.0716411729903553
pitch_types,primary_vbreak,mean,2024.0,11,SW,406,12.169683716434715,13.639763424200076,0.4174097464778715,,13.634201518491867,0.0306149022303759,0.0306149022303759,0.0714347718708771,0.1224596089215036
pitch_types,primary_vbreak,mean,2023.0,14,FS,11,15.345838206068048,4.6775234870223805,0.0619887945943553,,4.676441349642578,0.013255548388112,0.013255548388112,0.0309296129055948,0.0530221935524483
pitch_types,primary_vbreak,mean,2023.0,16,FA,24,12.342797529543736,4.807792727942005,0.1919185455281889,,4.801044375204617,0.039974332776295,0.039974332776295,0.0932734431446884,0.1598973311051802
pitch_types,primary_vbreak,mean,2022.0,11,HC,13,9.031118626126943,10.918167855707384,0.1070491909295361,,10.916812917270969,0.0098059013872243,0.0098059013872243,0.0228804365701901,0.0392236055488974
pitch_types,primary_vbreak,mean,2018.0,1,SI,393,12.842531977676291,14.236396913546772,0.4799949694523265,,14.232129227536452,0.0337261531130302,0.0337261531130302,0.0786943572637371,0.1349046124521208
pitch_types,primary_vbreak,mean,2024.0,14,FA,345,14.19855320205118,6.492064146426441,0.0653939615895949,,6.491276655987591,0.0100741294902714,0.0100741294902714,0.0235063021439666,0.0402965179610856
pitch_types,primary_vbreak,mean,2015.0,1,SW,12,11.725839021872936,17.89120382449215,0.0532744847038533,,17.890606159542394,0.0029777909271921,0.0029777909271921,0.006948178830115,0.0119111637087686
pitch_types,primary_vbreak,mean,2023.0,11,SL,826,13.24379157337745,11.53106029106773,0.2866754219843462,,11.527297146646996,0.0248692662588066,0.0248692662588066,0.0580282879372154,0.0994770650352265
pitch_types,primary_vbreak,mean,2025.0,1,CU,304,14.55644832234517,6.723567702538039,0.0434549584741486,,6.723085135634227,0.0064635442802628,0.0064635442802628,0.0150816033206132,0.0258541771210513
pitch_types,primary_vbreak,mean,2025.0,11,HC,39,9.855925226816092,13.03124541030914,0.1100922306746991,,13.030315701295129,0.0084489304172236,0.0084489304172236,0.0197141709735218,0.0337957216688945
pitch_types,primary_vbreak,mean,2018.0,1,FS,61,14.930987726756069,3.262837805179549,0.439728291805828,,3.2569077748698083,0.1350140446710701,0.1350140446710701,0.3150327708991637,0.5400561786842807
pitch_types,primary_vbreak,mean,2022.0,1,CU,321,14.830507625571572,7.347418416028842,0.1274583910731534,,7.3457802504145215,0.0173512393140212,0.0173512393140212,0.0404862250660496,0.069404957256085
pitch_types,primary_vbreak,mean,2022.0,14,SL,241,13.537846177431913,12.910713928130756,0.2145094842060445,,12.90732897866402,0.0166192001893367,0.0166192001893367,0.038778133775119,0.0664768007573469
pitch_types,primary_vbreak,mean,2025.0,16,FA,137,13.041324928736683,5.967200418245966,0.1352653799204018,,5.963115913880517,0.0226836744202038,0.0226836744202038,0.0529285736471422,0.0907346976808153
pitch_types,primary_vbreak,mean,2024.0,11,FS,102,14.165256822988452,6.954546721881011,0.0440471580943732,,6.953865888173187,0.0063341972368616,0.0063341972368616,0.0147797935526772,0.0253367889474467
pitch_types,primary_vbreak,mean,2015.0,1,XX,80,12.125735232628411,24.70152444634551,1.482774407510743,,24.65481070328154,0.0601413827652461,0.0601413827652461,0.1403298931189077,0.2405655310609846
pitch_types,primary_vbreak,mean,2024.0,1,SL,593,13.912344500133829,10.871327955260888,0.2075731628851341,,10.86912641090582,0.019097501955342,0.019097501955342,0.0445608378957981,0.0763900078213683
pitch_types,primary_vbreak,mean,2023.0,14,SW,84,13.030846895244796,11.673277793216068,0.0831501501833236,,11.671942625133331,0.0071239341088153,0.0071239341088153,0.0166225129205692,0.0284957364352615
pitch_types,primary_vbreak,mean,2020.0,1,FA,570,14.555656779547972,7.565185163318191,0.0461779325064416,,7.564604715540868,0.0061044739603607,0.0061044739603607,0.0142437725741751,0.0244178958414431
pitch_types,primary_vbreak,mean,2022.0,14,CH,216,13.565678353255247,11.9244110031968,0.1570335516083513,,11.92136064153659,0.0131724520656822,0.0131724520656822,0.0307357214865918,0.0526898082627288
pitch_types,primary_vbreak,mean,2017.0,1,CH,419,13.711443284859037,10.28826763072878,0.3350201222107787,,10.283598749490205,0.0325781013409714,0.0325781013409714,0.0760155697955999,0.1303124053638856
pitch_types,primary_vbreak,mean,2023.0,11,HC,34,9.721416797962474,12.220913423756263,0.2711273186763853,,12.218345562253353,0.0221901825656323,0.0221901825656323,0.051777092653142,0.0887607302625292
pitch_types,primary_vbreak,mean,2022.0,14,FA,346,14.3043088730446,7.248674147155832,0.082722553399923,,7.247698957238573,0.0114136298828064,0.0114136298828064,0.0266318030598816,0.0456545195312256
pitch_types,primary_vbreak,mean,2024.0,11,FA,952,13.673326851009314,7.0230132608869145,0.0417616686012363,,7.022560709031283,0.0059467864119037,0.0059467864119037,0.0138758349611087,0.0237871456476149
pitch_types,primary_vbreak,mean,2024.0,14,SL,259,13.990896856177942,8.820899419409706,0.0876130044335568,,8.819544867080507,0.0099339598305778,0.0099339598305778,0.0231792396046816,0.0397358393223114
pitch_types,primary_vbreak,mean,2016.0,1,HC,49,12.361528628165056,18.157434793066965,9.406409750053164,,18.081169219532576,0.5202323829750835,0.5202323829750835,1.2138755602751947,2.080929531900334
pitch_types,primary_vbreak,mean,2025.0,11,SW,435,12.170121531510912,13.344401841928056,0.4017054587861229,,13.338665494201278,0.0301158657109106,0.0301158657109106,0.0702703533254581,0.1204634628436424
pitch_types,primary_vbreak,mean,2022.0,11,SW,127,11.463840710256818,15.954499701142655,0.735017229699315,,15.942413256705484,0.0461045149102606,0.0461045149102606,0.1075772014572748,0.1844180596410425
pitch_types,primary_vbreak,mean,2024.0,11,CH,559,13.122490844204886,9.838637327765692,0.1561590709529819,,9.836136702739129,0.0158760574067149,0.0158760574067149,0.0370441339490014,0.0635042296268596
pitch_types,primary_vbreak,mean,2021.0,14,FA,352,14.394951529259542,6.285617374629953,0.0597421448620673,,6.284926678852002,0.0095056232021118,0.0095056232021118,0.0221797874715943,0.0380224928084474
pitch_types,primary_vbreak,mean,2018.0,1,SW,32,11.830987608432094,19.96572301443824,0.0681616781937245,,19.965193963942305,0.0034140253441477,0.0034140253441477,0.0079660591363447,0.0136561013765909
pitch_types,primary_vbreak,mean,2025.0,1,SI,454,12.516843661326194,16.317161351781174,0.3733183721440711,,16.31314976724222,0.0228845059029444,0.0228845059029444,0.0533971804402036,0.0915380236117777
pitch_types,primary_vbreak,mean,2022.0,14,SI,90,11.144252434750992,17.898711231289184,0.9181721071547536,,17.883391369322425,0.0513421692895345,0.0513421692895345,0.119798395008914,0.2053686771581383
pitch_types,primary_vbreak,mean,2017.0,1,FS,53,14.83635528247438,7.303362275791023,0.1290523281984629,,7.301959196493334,0.0176736578123359,0.0176736578123359,0.0412385348954506,0.0706946312493439
pitch_types,primary_vbreak,mean,2025.0,1,SL,613,14.064472778300637,11.64032026618748,0.098878915591186,,11.639264860682877,0.0084952887295482,0.0084952887295482,0.0198223403689458,0.0339811549181929
pitch_types,primary_vbreak,mean,2024.0,11,SL,836,13.251047520408044,10.493473157672492,0.1628173348030526,,10.49141311091481,0.0155191043457877,0.0155191043457877,0.0362112434735047,0.062076417383151
pitch_types,primary_vbreak,mean,2021.0,1,FA,716,14.547201887128466,7.4657026476466255,0.0325442281712836,,7.46541102195119,0.0043593350822333,0.0043593350822333,0.0101717818585445,0.0174373403289335
pitch_types,primary_vbreak,mean,2025.0,11,CU,425,13.995342287251503,8.075370542652449,0.0698911965762241,,8.074136548297172,0.008656182138877,0.008656182138877,0.0201977583240463,0.034624728555508
pitch_types,primary_vbreak,mean,2022.0,11,CH,252,12.757545166315822,14.248613127597508,0.1629448553336777,,14.245722426592229,0.0114381602037613,0.0114381602037613,0.0266890404754431,0.0457526408150453
pitch_types,primary_vbreak,mean,2015.0,1,SI,409,12.647278925666676,18.023422509544776,0.8178968597940396,,18.01578310296935,0.0453989068984314,0.0453989068984314,0.1059307827630066,0.1815956275937257
pitch_types,primary_vbreak,mean,2022.0,11,XX,10,12.868056937696329,10.578060089743998,0.158423901973837,,10.573714003950204,0.0149828056551039,0.0149828056551039,0.0349598798619092,0.0599312226204158
pitch_types,primary_vbreak,mean,2022.0,14,CU,91,14.706620667309211,6.593417937814889,0.0681137675044642,,6.592191312335695,0.0103324925320364,0.0103324925320364,0.0241091492414184,0.0413299701281458
pitch_types,primary_vbreak,mean,2019.0,1,HC,31,11.875316213962185,13.981425306943944,0.1542006791701833,,13.98032070187702,0.0110298384749843,0.0110298384749843,0.0257362897749634,0.0441193538999373
pitch_types,primary_vbreak,mean,2023.0,11,SI,502,10.999418569968547,17.42091966735947,0.9280626016535584,,17.409472512472018,0.0533079104486767,0.0533079104486767,0.1243851243802458,0.2132316417947072
pitch_types,primary_vbreak,mean,2019.0,1,SI,377,12.361277443281322,14.680184479670936,0.2479830148149663,,14.677875338173072,0.0168950211867538,0.0168950211867538,0.0394217161024257,0.0675800847470155
pitch_types,primary_vbreak,mean,2021.0,14,CU,127,15.061371408412183,4.744934237132153,0.0846095998169806,,4.743293587539406,0.0178377320010824,0.0178377320010824,0.0416213746691922,0.0713509280043296
pitch_types,primary_vbreak,mean,2024.0,11,CU,394,13.767061003955336,8.125116834549063,0.1197620244075925,,8.123160955096765,0.0147432785180071,0.0147432785180071,0.0344009832086833,0.0589731140720285
pitch_types,primary_vbreak,mean,2022.0,11,SI,205,10.060759083789982,20.216657685471286,1.3923640097174443,,20.19275215080347,0.0689536522470535,0.0689536522470535,0.1608918552431248,0.275814608988214
pitch_types,primary_vbreak,mean,2022.0,1,FS,63,15.127882803221691,6.718617672085014,0.0487275702394308,,6.717920813532709,0.0072533707365637,0.0072533707365637,0.0169245317186488,0.029013482946255
pitch_types,primary_vbreak,mean,2025.0,14,CU,97,15.191582646301775,4.788797088391648,0.0598954711706461,,4.787695698361055,0.0125102919951971,0.0125102919951971,0.0291906813221266,0.0500411679807886
pitch_types,primary_z_release,mean,2022.0,11,SL,333,1.7789504031517065,0.6601922891319573,0.0206336026200584,,0.6598518942376898,0.0312700513558362,0.0312700513558362,0.072963453163618,0.1250802054233451
pitch_types,primary_z_release,mean,2022.0,11,HC,13,1.1290221423661888,0.6823989036161001,0.0798393425832595,,0.6813883645072573,0.1171715672617847,0.1171715672617847,0.273400323610831,0.4686862690471389
pitch_types,primary_z_release,mean,2016.0,1,SI,35,2.2162958351467963,1.2962839871530445,0.0713433272969902,,1.2955845112872784,0.0550665176030116,0.0550665176030116,0.1284885410736939,0.2202660704120467
pitch_types,primary_z_release,mean,2021.0,1,FS,55,2.2306650771640504,0.2633437937113563,0.0122786100004313,,0.2632061462880297,0.046650164419013,0.046650164419013,0.1088503836443638,0.1866006576760523
pitch_types,primary_z_release,mean,2023.0,14,FA,342,1.860768477596341,0.4071839237042368,0.0094044225192721,,0.4070585731582317,0.0231033643298712,0.0231033643298712,0.0539078501030329,0.0924134573194849
pitch_types,primary_z_release,mean,2019.0,1,FS,55,2.15032040444874,0.211884192199541,0.0154785677510157,,0.2116789161823574,0.0731228599908421,0.0731228599908421,0.1706200066452983,0.2924914399633685
pitch_types,primary_z_release,mean,2024.0,11,SI,521,1.4612143500864163,0.7105885037786106,0.0294063690915673,,0.710190050684846,0.0414063377305981,0.0414063377305981,0.0966147880380623,0.1656253509223925
pitch_types,primary_z_release,mean,2018.0,1,FS,61,2.1913989883108305,0.2524338066473508,0.0214832255613232,,0.2521440909726862,0.0852021773679021,0.0852021773679021,0.1988050805251051,0.3408087094716088
pitch_types,primary_z_release,mean,2018.0,1,FA,683,1.9433545635818803,0.6290137090931566,0.0116996299754813,,0.6289148764784608,0.0186028831771194,0.0186028831771194,0.0434067274132787,0.0744115327084778
pitch_types,primary_z_release,mean,2016.0,1,CU,33,2.2724144043680155,1.119648054447656,0.0369919753030952,,1.1193317839592145,0.0330482666830472,0.0330482666830472,0.0771126222604436,0.1321930667321891
pitch_types,primary_z_release,mean,2022.0,16,FA,27,1.8753660048423149,0.5575788907172349,0.0426922117439565,,0.5563277136751636,0.0767393223356193,0.0767393223356193,0.1790584187831118,0.3069572893424775
pitch_types,primary_z_release,mean,2025.0,16,SL,49,1.5434941370623625,0.3190646830815301,0.050221591347514,,0.3174180897459275,0.1582190586167069,0.1582190586167069,0.3691778034389827,0.6328762344668276
pitch_types,primary_z_release,mean,2024.0,11,FS,102,2.048999210384383,0.3416458945604292,0.0106006539570432,,0.3414820410259183,0.0310430789425868,0.0310430789425868,0.0724338508660359,0.1241723157703472
pitch_types,primary_z_release,mean,2017.0,1,FA,636,2.1379133776400945,0.5049060722980097,0.0113879948100227,,0.5048187234057824,0.0225585824812383,0.0225585824812383,0.0526366924562227,0.0902343299249532
pitch_types,primary_z_release,mean,2022.0,14,CH,216,1.7822162867325804,0.3818640158587484,0.0145451208224876,,0.3815814782835255,0.0381179948458614,0.0381179948458614,0.0889419879736766,0.1524719793834456
pitch_types,primary_z_release,mean,2025.0,1,HC,39,1.6855978266607603,0.4619721172630244,0.0235358677591618,,0.4617408121590558,0.0509720326628923,0.0509720326628923,0.1189347428800821,0.2038881306515693
pitch_types,primary_z_release,mean,2024.0,14,SW,82,1.615718814976475,0.3987943702384688,0.0162487884400717,,0.3985457938215335,0.0407701917620735,0.0407701917620735,0.0951304474448382,0.163080767048294
pitch_types,primary_z_release,mean,2022.0,1,FS,63,2.035088275053496,0.4374353391126882,0.0387884954614572,,0.4368806204049721,0.0887851134836371,0.0887851134836371,0.2071652647951534,0.3551404539345487
pitch_types,primary_z_release,mean,2022.0,1,CH,443,1.7292813322500435,0.569928462368508,0.0126400199513678,,0.569764149632348,0.0221846529998844,0.0221846529998844,0.0517641903330636,0.0887386119995376
pitch_types,primary_z_release,mean,2022.0,11,SW,126,1.3056992026430905,0.9819690733273576,0.033205134353767,,0.9814312718915996,0.0338333771347715,0.0338333771347715,0.0789445466478002,0.1353335085390861
pitch_types,primary_z_release,mean,2016.0,1,SL,47,2.28422075593174,1.2361939618733009,0.0244702611891966,,1.2359775300535762,0.0197983058706058,0.0197983058706058,0.0461960470314136,0.0791932234824233
pitch_types,primary_z_release,mean,2023.0,1,FS,82,2.008476958114809,0.4448786599171361,0.0106673009289673,,0.4447325021248119,0.0239858811262992,0.0239858811262992,0.0559670559613649,0.0959435245051971
pitch_types,primary_z_release,mean,2023.0,11,FS,88,2.1575572295870247,0.3018581541091565,0.0095739926909674,,0.3016883338434853,0.0317347130033022,0.0317347130033022,0.0740476636743719,0.126938852013209
pitch_types,primary_z_release,mean,2024.0,14,CH,206,1.7094766015594238,0.4210582948394414,0.0061327052632484,,0.420941314062359,0.0145690267464218,0.0145690267464218,0.033994395741651,0.0582761069856874
pitch_types,primary_z_release,mean,2025.0,14,FA,377,1.8501013704839744,1.0152939011687458,0.0094056832532784,,1.0151743609097217,0.0092650914123262,0.0092650914123262,0.0216185466287613,0.0370603656493051
pitch_types,primary_z_release,mean,2024.0,1,HC,38,1.500511055138599,0.7176865756646897,0.0104577858684732,,0.717603668148371,0.014573205702052,0.014573205702052,0.0340041466381213,0.058292822808208
pitch_types,primary_z_release,mean,2017.0,1,FS,53,2.2523590567201555,0.2442815701464363,0.0094042595878551,,0.2441793254049271,0.0385137421944298,0.0385137421944298,0.0898653984536696,0.1540549687777194
pitch_types,primary_z_release,mean,2020.0,1,SI,289,1.667218841399339,1.0878071018956883,0.0662031590053377,,1.0868809568047075,0.0609111408115629,0.0609111408115629,0.1421259952269801,0.2436445632462516
pitch_types,primary_z_release,mean,2024.0,16,FA,12,2.1210058247583365,0.6321574541154319,0.0485818801654356,,0.6306297262996193,0.0770370918771974,0.0770370918771974,0.1797532143801273,0.3081483675087897
pitch_types,primary_z_release,mean,2022.0,14,SW,61,1.7336036885104935,0.4501398713947733,0.0112591333534134,,0.4499834075328099,0.0250212189270389,0.0250212189270389,0.0583828441630908,0.1000848757081557
pitch_types,primary_z_release,mean,2023.0,1,HC,34,1.6137505119628748,0.5622920441151833,0.0150330567237144,,0.562155015454631,0.0267418350996242,0.0267418350996242,0.0623976152324565,0.1069673403984969
pitch_types,primary_z_release,mean,2017.0,1,CH,419,2.0312207492040435,0.5403869516119599,0.0112429980469123,,0.5402302678214455,0.0208114922776379,0.0208114922776379,0.0485601486478219,0.0832459691105518
pitch_types,primary_z_release,mean,2024.0,1,CU,299,1.9182558157664504,0.3677077205394002,0.0120786837966461,,0.3675512075121726,0.032862587715063,0.032862587715063,0.0766793713351471,0.1314503508602522
pitch_types,primary_z_release,mean,2022.0,1,HC,29,1.7192914986948655,0.6841896892898728,0.0577383449953631,,0.6836936760207202,0.0844506056153915,0.0844506056153915,0.1970514131025803,0.3378024224615663
pitch_types,primary_z_release,mean,2015.0,1,SL,33,2.1209200941853417,1.009021436887545,0.00082234155681,,1.0090116026689702,0.0008149971265294,0.0008149971265294,0.001901659961902,0.0032599885061177
pitch_types,primary_z_release,mean,2023.0,1,SW,290,1.55359858585203,0.8009647390169597,0.0121860517240946,,0.8008239718411811,0.0152168917921844,0.0152168917921844,0.0355060808484304,0.0608675671687378
pitch_types,primary_z_release,mean,2025.0,1,FA,699,1.517994052803887,2.692513597907522,0.0094997866175375,,2.692421933821513,0.0035283424556172,0.0035283424556172,0.0082327990631068,0.0141133698224689
pitch_types,primary_z_release,mean,2025.0,11,FS,127,2.068702698650432,0.4293841932780318,0.0173897499432687,,0.4290725249042021,0.0405286960453861,0.0405286960453861,0.0945669574392343,0.1621147841815446
pitch_types,primary_z_release,mean,2024.0,11,CH,559,1.6539864573909746,0.6511603484866122,0.0116409771005477,,0.6509739378061846,0.0178824011599887,0.0178824011599887,0.0417256027066403,0.0715296046399549
pitch_types,primary_z_release,mean,2025.0,11,HC,39,1.1957879412526378,0.7424085198793469,0.0152255138879395,,0.7422799431630986,0.0205118217569756,0.0205118217569756,0.0478609174329432,0.0820472870279027
pitch_types,primary_z_release,mean,2016.0,1,XX,12,2.095112152857847,1.7193382911980934,0.0554904326410835,,1.7176727811502956,0.0323055900111094,0.0323055900111094,0.0753797100259219,0.1292223600444376
pitch_types,primary_z_release,mean,2019.0,1,FA,703,1.9002778262692372,0.7889389288564836,0.0112473345366646,,0.7888440969276093,0.0142579941720687,0.0142579941720687,0.0332686530681604,0.0570319766882749
pitch_types,primary_z_release,mean,2018.0,1,SW,32,1.455688379280844,0.9658265829311716,0.0203595938860456,,0.965668557871814,0.0210834180320783,0.0210834180320783,0.0491946420748494,0.0843336721283133
pitch_types,primary_z_release,mean,2024.0,1,SL,593,1.811613519634271,0.650909934189671,0.0177186459659491,,0.6507220082340052,0.0272292096190749,0.0272292096190749,0.0635348224445083,0.1089168384763
pitch_types,primary_z_release,mean,2021.0,1,SL,616,1.9588187437147189,0.7790078419007938,0.029495008147325,,0.7787158787390468,0.0378764693935424,0.0378764693935424,0.0883784285849324,0.1515058775741698
pitch_types,primary_z_release,mean,2023.0,1,CH,433,1.6957528622967926,0.5574045090487144,0.0105624759364051,,0.5572593993614703,0.018954325307941,0.018954325307941,0.0442267590518625,0.0758173012317643
pitch_types,primary_z_release,mean,2023.0,14,CH,187,1.6825224460114163,0.4284376557533128,0.0100632015822662,,0.4282608784462969,0.0234978306185121,0.0234978306185121,0.0548282714431949,0.0939913224740485
pitch_types,primary_z_release,mean,2019.0,1,SI,377,1.7579739389660043,0.937658223771478,0.0329010576511332,,0.9373518592504944,0.0351000078854496,0.0351000078854496,0.0819000183993824,0.1404000315417984
pitch_types,primary_z_release,mean,2023.0,11,CU,393,1.976874497687397,0.3756553585525242,0.0104728203543992,,0.3754852514144018,0.027891429330312,0.027891429330312,0.0650800017707282,0.1115657173212483
pitch_types,primary_z_release,mean,2024.0,1,SI,428,1.4605053365481668,0.8975538999341128,0.0476516661664775,,0.897076282047608,0.053118856356018,0.053118856356018,0.123943998164042,0.212475425424072
pitch_types,primary_z_release,mean,2025.0,14,SL,307,1.8863781173763683,0.4298738534201841,0.01134281366448,,0.4297054593414049,0.0263967176071367,0.0263967176071367,0.0615923410833189,0.1055868704285468
pitch_types,primary_z_release,mean,2015.0,1,CU,17,2.043491178764981,0.9945623425118262,0.0020204010642111,,0.9945407938258328,0.0020314913945751,0.0020314913945751,0.004740146587342,0.0081259655783005
pitch_types,primary_z_release,mean,2024.0,11,CU,394,1.9301783286626808,0.3836372996017549,0.0098481209616828,,0.3834764661695549,0.0256811612458337,0.0256811612458337,0.0599227095736121,0.102724644983335
pitch_types,primary_z_release,mean,2022.0,14,FA,346,1.92131076887485,0.3782025958001576,0.0101254710705877,,0.3780832298365879,0.026781063722303,0.026781063722303,0.0624891486853736,0.107124254889212
pitch_types,primary_z_release,mean,2020.0,1,FA,570,1.9842229321306868,0.6990917194809848,0.0152511296084571,,0.6989000156994942,0.0218216186376717,0.0218216186376717,0.0509171101545674,0.0872864745506869
pitch_types,primary_z_release,mean,2022.0,1,SL,575,1.8643053026009755,0.7506689670174368,0.0200625556517269,,0.7504672419703093,0.0267334195681264,0.0267334195681264,0.0623779789922951,0.1069336782725059
pitch_types,primary_z_release,mean,2023.0,14,SI,93,1.359434952596112,0.5324758152735241,0.0545235667909462,,0.531539183677673,0.1025767590898989,0.1025767590898989,0.2393457712097642,0.4103070363595958
pitch_types,primary_z_release,mean,2023.0,11,SI,502,1.4382738207935168,0.8323460501563494,0.0232555589955988,,0.8320592052976701,0.0279494041379893,0.0279494041379893,0.065215276321975,0.1117976165519572
pitch_types,primary_z_release,mean,2025.0,16,CH,14,1.4348239852846851,0.3871946562770797,0.0133319166256479,,0.3867015037752309,0.0344759885738563,0.0344759885738563,0.0804439733389981,0.1379039542954254
pitch_types,primary_z_release,mean,2022.0,11,CH,252,1.710869969554247,0.797246086849592,0.0239993657603956,,0.7968203293711639,0.0301189174971671,0.0301189174971671,0.0702774741600567,0.1204756699886687
pitch_types,primary_z_release,mean,2019.0,1,CU,374,2.019671524098313,0.3617047130064469,0.0146640887089772,,0.3615348164016312,0.0405606543096719,0.0405606543096719,0.0946415267225677,0.1622426172386876
pitch_types,primary_z_release,mean,2019.0,1,SW,44,1.5179688622361796,1.1308624604394857,0.0095784688827639,,1.130781923441465,0.0084706597127167,0.0084706597127167,0.0197648726630057,0.0338826388508669
pitch_types,primary_z_release,mean,2022.0,1,CU,321,1.9888112008799623,0.4221616088659862,0.0162842096178033,,0.4219523152131505,0.0385925352953148,0.0385925352953148,0.0900492490224014,0.1543701411812595
pitch_types,primary_z_release,mean,2023.0,11,FA,946,1.8063337970956408,0.945772809662651,0.008229058761209,,0.9456888230739094,0.0087016559363162,0.0087016559363162,0.0203038638514045,0.034806623745265
pitch_types,primary_z_release,mean,2023.0,11,SW,410,1.5232059472671848,0.7371558139404231,0.0174662654991796,,0.7369226402194667,0.0237016269360076,0.0237016269360076,0.0553037961840179,0.0948065077440307
pitch_types,primary_z_release,mean,2017.0,1,SI,388,1.935787487060287,0.6776610984446169,0.0224744270837995,,0.6774863110804159,0.033173256368765,0.033173256368765,0.0774042648604517,0.1326930254750601
pitch_types,primary_z_release,mean,2023.0,16,FA,24,1.5944151645241982,0.3511341854678939,0.0237065849404045,,0.350300600589807,0.0676749765786566,0.0676749765786566,0.1579082786835322,0.2706999063146267
pitch_types,primary_z_release,mean,2024.0,1,FS,90,1.9624190130298984,0.200112316245625,0.0109212417787989,,0.1999766174785539,0.054612593794723,0.054612593794723,0.1274293855210203,0.2184503751788921
pitch_types,primary_z_release,mean,2025.0,16,SI,19,1.3476741228353462,0.4479192539542596,0.0978156678269827,,0.4442329020097455,0.2201900565772071,0.2201900565772071,0.5137767986801499,0.8807602263088286
pitch_types,primary_z_release,mean,2015.0,1,FA,35,2.175838140894525,1.01610287258255,0.0014246396895209,,1.016095223623759,0.001402073010874,0.001402073010874,0.0032715036920395,0.0056082920434963
pitch_types,primary_z_release,mean,2016.0,1,FA,55,2.206341804374316,1.251920311517955,0.0358559666674468,,1.251795617780369,0.0286436269293106,0.0286436269293106,0.0668351295017249,0.1145745077172427
pitch_types,primary_z_release,mean,2025.0,1,SI,454,1.486616853890494,0.875537276458667,0.0256143285389327,,0.8752620313809808,0.0292647545770021,0.0292647545770021,0.0682844273463382,0.1170590183080085
pitch_types,primary_z_release,mean,2021.0,14,FA,352,1.9669175771157343,0.4873638238353909,0.0097528661510374,,0.4872510682005038,0.0200161000920046,0.0200161000920046,0.0467042335480109,0.0800644003680187
pitch_types,primary_z_release,mean,2022.0,11,CU,154,1.9104331928130536,0.3945769050285859,0.0192274650942953,,0.3942539985534072,0.0487692329433425,0.0487692329433425,0.1137948768677991,0.19507693177337
pitch_types,primary_z_release,mean,2024.0,14,FA,345,1.7638649179700836,0.4999776956888659,0.0089720658515823,,0.4998696518281928,0.0179488108925365,0.0179488108925365,0.041880558749252,0.0717952435701463
pitch_types,primary_z_release,mean,2018.0,1,SI,393,1.784313104791225,0.9119283676547294,0.0428872191035069,,0.9115470528563714,0.0470488264638869,0.0470488264638869,0.1097805950824028,0.1881953058555477
pitch_types,primary_z_release,mean,2024.0,1,FA,671,1.674180420011102,1.3112079538150494,0.0099013034207442,,1.311115069301682,0.0075518187934624,0.0075518187934624,0.0176209105180789,0.0302072751738496
pitch_types,primary_z_release,mean,2015.0,1,CH,16,1.929217664358404,0.8166294820956301,0.0018270505800414,,0.8166080664897318,0.0022373653347501,0.0022373653347501,0.0052205191144169,0.0089494613390004
pitch_types,primary_z_release,mean,2024.0,11,SL,836,1.804401820606664,0.5298273275952972,0.0129801405117989,,0.529663096333264,0.0245064090771237,0.0245064090771237,0.0571816211799553,0.0980256363084949
pitch_types,primary_z_release,mean,2024.0,1,CH,410,1.6242449306694224,0.6038522859714778,0.0183804215126124,,0.6036063323422368,0.0304510084267819,0.0304510084267819,0.0710523529958246,0.1218040337071279
pitch_types,primary_z_release,mean,2024.0,14,FS,11,1.7961370621452892,0.2408615481348349,0.0038301599549374,,0.2407880467020953,0.0159067694904149,0.0159067694904149,0.0371157954776348,0.0636270779616596
pitch_types,primary_z_release,mean,2022.0,1,SW,228,1.5665778770346692,0.8096921549464225,0.0212171121058379,,0.8094290793543755,0.0262124411477301,0.0262124411477301,0.061162362678037,0.1048497645909207
pitch_types,primary_z_release,mean,2025.0,11,SL,892,1.778230675119989,0.506817424174613,0.0144155375060201,,0.506637669948369,0.0284533471573269,0.0284533471573269,0.0663911433670963,0.1138133886293079
pitch_types,primary_z_release,mean,2021.0,14,CU,127,2.116609762602758,0.2841762864474597,0.0092906344207432,,0.2839961334197686,0.0327139468726883,0.0327139468726883,0.0763325427029394,0.1308557874907533
pitch_types,primary_z_release,mean,2022.0,1,FA,688,1.759836629601985,1.1240514750052109,0.0135504340316374,,1.123925314308218,0.0120563473917106,0.0120563473917106,0.0281314772473249,0.0482253895668427
pitch_types,primary_z_release,mean,2020.0,1,CU,300,2.0402323768076505,0.4351717939904702,0.0403132283554867,,0.434418138898703,0.0927982161557183,0.0927982161557183,0.2165291710300093,0.3711928646228732
pitch_types,primary_z_release,mean,2015.0,1,SI,19,2.106233867819577,1.5887371511620083,0.000733283042692,,1.5887303842442575,0.0004615528537529,0.0004615528537529,0.0010769566587569,0.0018462114150119
pitch_types,primary_z_release,mean,2018.0,1,CH,419,1.8790276476328005,0.459924794957911,0.0269564639233724,,0.459543934398202,0.0586591659808837,0.0586591659808837,0.1368713872887288,0.2346366639235351
pitch_types,primary_z_release,mean,2022.0,14,CU,91,1.9620866451585228,0.3043936139629506,0.0084793891971158,,0.3042409130447918,0.0278706407769274,0.0278706407769274,0.0650314951461641,0.1114825631077099
pitch_types,primary_z_release,mean,2024.0,14,CU,91,1.9038868632676236,0.3145094534943245,0.0111434689614614,,0.3143212361538605,0.0354524851639572,0.0354524851639572,0.0827224653825667,0.1418099406558288
pitch_types,primary_z_release,mean,2025.0,14,SW,78,1.5200551359017695,0.3657764658560777,0.0128117226618916,,0.365561985313218,0.0350466492048248,0.0350466492048248,0.081775514811258,0.1401865968192994
pitch_types,primary_z_release,mean,2022.0,11,SI,205,1.3139223139369316,0.9410830110749892,0.0724137859660559,,0.9398397368602308,0.0770490788227068,0.0770490788227068,0.1797811839196491,0.3081963152908272
pitch_types,primary_z_release,mean,2017.0,1,SW,23,1.5671088316273811,1.172975115078739,0.0133525070796841,,1.1728774314873762,0.0113844010646119,0.0113844010646119,0.0265636024840944,0.0455376042584476
pitch_types,primary_z_release,mean,2018.0,1,SL,562,1.9663025031120795,0.7216897734774258,0.0209732897456987,,0.7214808492930613,0.0290697802530023,0.0290697802530023,0.0678294872570053,0.1162791210120092
pitch_types,primary_z_release,mean,2017.0,1,CU,361,2.150632631671742,0.3695310097510332,0.0152352948892987,,0.3693578224106987,0.0412480634357818,0.0412480634357818,0.0962454813501575,0.1649922537431273
pitch_types,primary_z_release,mean,2023.0,14,FS,11,2.2483537860462763,0.4048567400949984,0.0076051187036053,,0.4047239776613865,0.0187908775446168,0.0187908775446168,0.0438453809374394,0.0751635101784675
pitch_types,primary_z_release,mean,2025.0,1,CU,304,1.8892123291029936,0.376768956720146,0.0107556260579115,,0.3766495155942636,0.0285560597122811,0.0285560597122811,0.0666308059953226,0.1142242388491245
pitch_types,primary_z_release,mean,2017.0,1,HC,37,2.0389395552276683,0.4317223667248512,0.0626082452085605,,0.4312857645494167,0.1451665006239427,0.1451665006239427,0.3387218347891997,0.5806660024957709
pitch_types,primary_z_release,mean,2022.0,14,SL,241,1.846272937322741,0.4613210707418094,0.0146436763418389,,0.4610899942250398,0.0317588247961242,0.0317588247961242,0.0741039245242899,0.1270352991844969
pitch_types,primary_z_release,mean,2021.0,1,CU,378,2.1089474210743724,0.3685797868387801,0.046033629157537,,0.367958786713022,0.1251053944621236,0.1251053944621236,0.2919125870782885,0.5004215778484946
pitch_types,primary_z_release,mean,2021.0,1,CH,452,1.8783778791153665,0.5080178270355014,0.01452979429787,,0.5078134666419554,0.0286124635369597,0.0286124635369597,0.0667624149195727,0.114449854147839
pitch_types,primary_z_release,mean,2023.0,1,FA,681,1.690945143699785,1.3500139686999142,0.0105626581925529,,1.3499158037121566,0.0078246792603705,0.0078246792603705,0.0182575849408645,0.031298717041482
pitch_types,primary_z_release,mean,2019.0,1,CH,434,1.89237251874052,0.3933740279126432,0.0126498567748322,,0.3932054867788867,0.0321711095093282,0.0321711095093282,0.0750659221884324,0.1286844380373128
pitch_types,primary_z_release,mean,2021.0,1,FA,716,1.9145858927029795,0.8603409054342013,0.012843643213581,,0.8602258147838905,0.0149305484593108,0.0149305484593108,0.0348379464050587,0.0597221938372435
pitch_types,primary_z_release,mean,2020.0,1,HC,20,1.562555070982071,0.7264992833965916,0.2014320272421708,,0.7245539058419518,0.278008338120959,0.278008338120959,0.6486861222822375,1.1120333524838362
pitch_types,primary_z_release,mean,2020.0,1,SL,481,1.9344986598749363,0.834560793786423,0.0340489034922776,,0.8340581893748845,0.0408231750806222,0.0408231750806222,0.0952540751881185,0.1632927003224889
pitch_types,primary_z_release,mean,2024.0,1,SW,309,1.4378107657501928,0.7479385766395966,0.0432751831265296,,0.7474569571494214,0.0578965553970736,0.0578965553970736,0.1350919625931719,0.2315862215882948
pitch_types,primary_z_release,mean,2023.0,14,SL,237,1.8028728299210963,0.4955231939798117,0.0171665341560646,,0.4952302945933947,0.0346637399680064,0.0346637399680064,0.0808820599253482,0.1386549598720256
pitch_types,primary_z_release,mean,2023.0,1,SI,407,1.5061313893047272,0.985006625997532,0.0233055738947368,,0.9847858459048742,0.0236656263812589,0.0236656263812589,0.0552197948896042,0.0946625055250358
pitch_types,primary_z_release,mean,2021.0,14,CH,209,1.924429988357563,0.3473776689084139,0.011113073583715,,0.3471550030980893,0.0320118491294652,0.0320118491294652,0.0746943146354188,0.1280473965178608
pitch_types,primary_z_release,mean,2025.0,11,CU,425,1.8833710136450037,0.3973628159323796,0.0093950285279302,,0.3971969379285814,0.0236533256699464,0.0236533256699464,0.0551910932298751,0.0946133026797859
pitch_types,primary_z_release,mean,2018.0,1,HC,36,1.7945245885523902,0.2948602771537976,0.0313305057487423,,0.2946572138860541,0.1063286567314724,0.1063286567314724,0.2481001990401023,0.4253146269258898
pitch_types,primary_z_release,mean,2019.0,1,HC,31,1.8418990506365296,0.3576962622306243,0.0237775295705213,,0.3575259336705694,0.0665057477828458,0.0665057477828458,0.1551800781599736,0.2660229911313833
pitch_types,primary_z_release,mean,2025.0,16,FA,136,1.666514360920915,0.3348562825228998,0.0336180190957599,,0.3338439805179578,0.1006997910928384,0.1006997910928384,0.2349661792166229,0.4027991643713536
pitch_types,primary_z_release,mean,2024.0,14,SI,109,1.5072784971573,0.5578716252228678,0.0266952543405952,,0.5574490828896668,0.0478882379754114,0.0478882379754114,0.1117392219426266,0.1915529519016457
pitch_types,primary_z_release,mean,2018.0,1,CU,364,2.0078801054143613,0.4809649751676552,0.0217509482184956,,0.4807048519411701,0.0452480313661522,0.0452480313661522,0.1055787398543553,0.1809921254646092
pitch_types,primary_z_release,mean,2016.0,1,CH,42,2.1837266024045627,1.1919022806104425,0.054375435895202,,1.1912066363545373,0.045647358095324,0.045647358095324,0.1065105022224227,0.1825894323812961
pitch_types,primary_z_release,mean,2020.0,1,CH,324,1.898429260702956,0.5071945399980321,0.0206647539676421,,0.5067922776260504,0.0407755896842812,0.0407755896842812,0.0951430425966562,0.1631023587371249
pitch_types,primary_z_release,mean,2022.0,11,FS,21,2.347284773518856,0.2652577863130071,0.0170146184237819,,0.2648846387255084,0.0642340699923097,0.0642340699923097,0.1498794966487226,0.2569362799692388
pitch_types,primary_z_release,mean,2025.0,16,CU,11,1.7601406499345595,0.3340702862908571,0.0371224960484836,,0.3328658451573669,0.1115238964542411,0.1115238964542411,0.2602224250598959,0.4460955858169645
pitch_types,primary_z_release,mean,2021.0,14,XX,11,2.314303257067862,0.1952618230017826,0.0026189764307396,,0.1951802919094306,0.0134182422063129,0.0134182422063129,0.0313092318147303,0.0536729688252519
pitch_types,primary_z_release,mean,2025.0,11,SI,565,1.4857231589613955,0.7039770466451868,0.021989330918323,,0.7036701361157687,0.0312494872095941,0.0312494872095941,0.0729154701557196,0.1249979488383764
pitch_types,primary_z_release,mean,2021.0,1,SI,376,1.6819290832357543,1.1135577404695078,0.0741435149560737,,1.1128006345232293,0.0666278510776011,0.0666278510776011,0.1554649858477359,0.2665114043104045
pitch_types,primary_z_release,mean,2023.0,14,SW,84,1.6823883060157945,0.3737651322006555,0.0081895032573178,,0.3736336307741573,0.0219185388647951,0.0219185388647951,0.0511432573511886,0.0876741554591805
pitch_types,primary_z_release,mean,2021.0,1,SW,113,1.6280538466511536,0.962924208216538,0.0166031623702449,,0.9627418251088832,0.0172457058966636,0.0172457058966636,0.0402399804255484,0.0689828235866544
pitch_types,primary_z_release,mean,2025.0,14,FS,28,2.078199097634521,0.3943941011419855,0.0064738542665793,,0.3942765770883508,0.0164195761117421,0.0164195761117421,0.0383123442607316,0.0656783044469686
pitch_types,primary_z_release,mean,2025.0,11,SW,435,1.4146729426514806,0.7782144220613524,0.0135496775021101,,0.7780209328765834,0.0174155693369493,0.0174155693369493,0.0406363284528817,0.0696622773477972
pitch_types,primary_z_release,mean,2022.0,11,FA,425,1.8419082087229688,0.5491305722766212,0.010190966539511,,0.5489864132909181,0.0185632399869805,0.0185632399869805,0.0433142266362879,0.0742529599479222
pitch_types,primary_z_release,mean,2022.0,11,XX,10,1.39195060921962,0.9279842271263264,0.0054468734515159,,0.92783480157227,0.005870520746027,0.005870520746027,0.0136978817407298,0.0234820829841082
pitch_types,primary_z_release,mean,2022.0,1,SI,387,1.5240035517649697,1.0826582326803649,0.0387280968940343,,1.0823055709494591,0.0357829599454615,0.0357829599454615,0.0834935732060768,0.143131839781846
pitch_types,primary_z_release,mean,2023.0,11,CH,615,1.7123330845627074,0.6094130728781307,0.0067203143974457,,0.6093047698693584,0.0110294793833414,0.0110294793833414,0.0257354518944634,0.0441179175333659
pitch_types,primary_z_release,mean,2021.0,14,SW,27,1.9171665860099727,0.2634790789807183,0.0057683082825652,,0.2633914439782699,0.0219001353857232,0.0219001353857232,0.0511003159000208,0.0876005415428929
pitch_types,primary_z_release,mean,2025.0,1,SW,323,1.445004592118422,0.8459381180846979,0.016013997022115,,0.8457499847340625,0.0189346701876092,0.0189346701876092,0.0441808971044215,0.0757386807504369
pitch_types,primary_z_release,mean,2023.0,1,CU,299,1.9500840373543529,0.3846288947797029,0.0136669513788781,,0.3844530658380679,0.0355490763198509,0.0355490763198509,0.0829478447463189,0.1421963052794039
pitch_types,primary_z_release,mean,2024.0,11,FA,952,1.679428908091069,1.454656715982445,0.0097313953125535,,1.4545512613597231,0.0066903075684363,0.0066903075684363,0.0156107176596847,0.0267612302737452
pitch_types,primary_z_release,mean,2021.0,1,HC,27,1.759832418208559,0.5058614832543612,0.0571344877171694,,0.5054180599750453,0.1130440169074892,0.1130440169074892,0.2637693727841416,0.4521760676299571
pitch_types,primary_z_release,mean,2025.0,14,CU,97,1.9427097578337147,0.3746229558744794,0.0111630332072291,,0.3744176840359693,0.029814385599791,0.029814385599791,0.0695668997328457,0.1192575423991641
pitch_types,primary_z_release,mean,2024.0,14,SL,259,1.7983668723116426,0.4525450563426086,0.0106098605505745,,0.4523810212040561,0.0234533723858161,0.0234533723858161,0.0547245355669044,0.0938134895432647
pitch_types,primary_z_release,mean,2023.0,11,SL,826,1.850494093388442,0.5612265392318296,0.0142366233620267,,0.5610396572542814,0.0253754314475745,0.0253754314475745,0.0592093400443405,0.101501725790298
pitch_types,primary_z_release,mean,2025.0,11,CH,611,1.6142399876129163,0.6795449708093456,0.009193285367001,,0.6793850885471647,0.0135317738378105,0.0135317738378105,0.0315741389548911,0.054127095351242
pitch_types,primary_z_release,mean,2025.0,11,FA,1014,1.691285315843052,1.083940304968072,0.0096049028145075,,1.083834430613671,0.0088619650227103,0.0088619650227103,0.0206779183863241,0.0354478600908414
pitch_types,primary_z_release,mean,2021.0,14,SL,241,1.9258097659789732,0.3615819297498434,0.0122371926293023,,0.3613939740451867,0.0338610865375754,0.0338610865375754,0.0790092019210094,0.1354443461503018
pitch_types,primary_z_release,mean,2024.0,11,HC,41,1.376337181969511,0.7873353666026516,0.0123720380620219,,0.7871753639738559,0.0157170036414311,0.0157170036414311,0.0366730084966726,0.0628680145657244
pitch_types,primary_z_release,mean,2021.0,16,FA,25,2.1033914072570497,0.3187210995858225,0.0549890505916608,,0.3168308637498783,0.1735596398053943,0.1735596398053943,0.4049724928792534,0.6942385592215773
pitch_types,primary_z_release,mean,2017.0,1,SL,558,2.103168806696796,0.5683244030499064,0.0156566050875631,,0.5681699132418762,0.0275562023307946,0.0275562023307946,0.0642978054385208,0.1102248093231786
pitch_types,primary_z_release,mean,2025.0,1,SL,613,1.805590134639004,0.5923259900546449,0.0132775802488765,,0.5921842689283694,0.0224213660266659,0.0224213660266659,0.0523165207288871,0.0896854641066636
pitch_types,primary_z_release,mean,2025.0,1,FS,101,1.998291431626949,0.4136244375164231,0.0041945085706685,,0.4135775212769944,0.0101420129356094,0.0101420129356094,0.0236646968497553,0.0405680517424376
pitch_types,primary_z_release,mean,2025.0,14,CH,179,1.7709125401620684,1.2220697896311694,0.0067333628987812,,1.2219391060599298,0.005510391528832,0.005510391528832,0.0128575802339414,0.0220415661153281
pitch_types,primary_z_release,mean,2020.0,1,SW,57,1.6621386168328665,0.9764854226612868,0.0179695346749755,,0.9762026165176968,0.0184075870837924,0.0184075870837924,0.0429510365288489,0.0736303483351696
pitch_types,primary_z_release,mean,2024.0,11,SW,406,1.5100671697592127,0.6987685817764449,0.0204702329535564,,0.6984958198046092,0.0293061638640623,0.0293061638640623,0.0683810490161454,0.1172246554562493
pitch_types,primary_z_release,mean,2025.0,14,SI,105,1.5019977276380232,0.4732980901693251,0.0143147332601153,,0.4730584924693152,0.0302599646512928,0.0302599646512928,0.0706065841863499,0.1210398586051713
pitch_types,primary_z_release,mean,2023.0,1,SL,582,1.8117454456148947,0.6940667730869333,0.0127537439506895,,0.6939417121252832,0.0183786962620096,0.0183786962620096,0.0428836246113558,0.0735147850480386
pitch_types,primary_z_release,mean,2022.0,14,SI,90,1.545378623916536,0.3749966694133018,0.0441132950606405,,0.3742606313808222,0.1178678475956341,0.1178678475956341,0.2750249777231462,0.4714713903825365
pitch_types,primary_z_release,mean,2021.0,14,SI,76,1.7073813724145162,0.6120257062487059,0.0678481896533112,,0.611020981964317,0.111040687072958,0.111040687072958,0.2590949365035687,0.4441627482918321
pitch_types,primary_z_release,mean,2023.0,14,CU,100,1.9613835277211276,0.3440920335340245,0.0091180246805514,,0.3439297792839691,0.0265112974501199,0.0265112974501199,0.0618596940502798,0.1060451898004797
pitch_types,primary_z_release,mean,2019.0,1,SL,586,1.976548278876073,0.7172389294418504,0.016668031142088,,0.7170856858265231,0.0232441275450593,0.0232441275450593,0.0542362976051384,0.0929765101802373
pitch_types,primary_z_release,mean,2020.0,1,FS,49,2.1806174506503244,0.2964173536402271,0.022201622032068,,0.2960463846830048,0.0749937279451689,0.0749937279451689,0.1749853652053941,0.2999749117806756
pitch_types,primary_z_release,mean,2023.0,11,HC,34,1.4472651322188252,0.6291837451065746,0.0280493037464082,,0.6289180886333521,0.0445992956051873,0.0445992956051873,0.1040650230787705,0.1783971824207494
pitch_types,primary_z_release,mean,2025.0,1,CH,421,1.607041138183022,0.6732323453860305,0.0148631881260181,,0.6730343811300542,0.022083846743553,0.022083846743553,0.0515289757349571,0.0883353869742121
pitch_types,primary_x_release,mean,2023.0,11,HC,34,-0.5531762569849153,6.700203030824177,0.0148990834782259,,6.700061920798529,0.0022237232512696,0.0022237232512696,0.0051886875862958,0.0088948930050785
pitch_types,primary_x_release,mean,2018.0,1,FA,683,-1.2427926811764591,7.351793550518134,0.0369545183013782,,7.35148137725486,0.0050268124756071,0.0050268124756071,0.0117292291097499,0.0201072499024285
pitch_types,primary_x_release,mean,2016.0,1,SL,47,-1.0039365950138026,6.696919271893384,0.0708375171684117,,6.696292736172045,0.0105786171482261,0.0105786171482261,0.0246834400125276,0.0423144685929045
pitch_types,primary_x_release,mean,2017.0,1,CU,361,-1.406008048435004,6.852077922792077,0.0611266807588982,,6.851383064744298,0.0089218016539525,0.0089218016539525,0.0208175371925559,0.0356872066158102
pitch_types,primary_x_release,mean,2015.0,1,SI,19,-0.974457411162664,8.922037770594633,0.0056090020966268,,8.921986009332418,0.0006286719224576,0.0006286719224576,0.001466901152401,0.0025146876898304
pitch_types,primary_x_release,mean,2016.0,1,SI,35,-1.536210927198739,5.7855877994811165,0.0287898245579287,,5.785305533595562,0.0049763706325871,0.0049763706325871,0.0116115314760366,0.0199054825303485
pitch_types,primary_x_release,mean,2020.0,1,FS,49,-2.300528288549505,2.334672913820813,0.0242942855874322,,2.3342669783545755,0.0104076722211772,0.0104076722211772,0.0242845685160802,0.0416306888847089
pitch_types,primary_x_release,mean,2022.0,11,SI,205,-1.2719183808001386,8.633784254787034,0.0941428158443278,,8.632167914281114,0.010906045477704,0.010906045477704,0.0254474394479761,0.0436241819108163
pitch_types,primary_x_release,mean,2023.0,11,SI,502,-1.4281826656789278,8.076429790657832,0.0367485627273275,,8.075976516828371,0.0045503553224495,0.0045503553224495,0.0106174957523822,0.0182014212897982
pitch_types,primary_x_release,mean,2020.0,1,CU,300,-1.2035491593444028,6.341122204845488,0.0573657674431395,,6.340049752836797,0.0090481572983668,0.0090481572983668,0.0211123670295227,0.0361926291934675
pitch_types,primary_x_release,mean,2020.0,1,CH,324,-0.9677934972616532,7.770575924277177,0.0294706604808665,,7.770002245161158,0.003792876700804,0.003792876700804,0.0088500456352093,0.015171506803216
pitch_types,primary_x_release,mean,2016.0,1,CU,33,-1.3898196892754702,6.726590192933151,0.0307567376414681,,6.726327231889384,0.0045725901492944,0.0045725901492944,0.0106693770150203,0.0182903605971776
pitch_types,primary_x_release,mean,2023.0,1,SL,582,-1.2715078419782393,6.933734270917353,0.0286169521930644,,6.933453658136149,0.0041273733991837,0.0041273733991837,0.0096305379314287,0.016509493596735
pitch_types,primary_x_release,mean,2024.0,14,FS,11,-2.697449895823322,0.8551712833679945,0.0056885580377405,,0.8550621189542583,0.0066528009037491,0.0066528009037491,0.0155232021087479,0.0266112036149964
pitch_types,primary_x_release,mean,2022.0,11,CH,252,-1.0036497253470775,6.571653818112424,0.0191189736521626,,6.571314640565253,0.0029094594762119,0.0029094594762119,0.0067887387778277,0.0116378379048476
pitch_types,primary_x_release,mean,2025.0,1,SI,454,-1.2306867381799758,8.412520416872077,0.0587856490990568,,8.411888721197194,0.0069884007085022,0.0069884007085022,0.0163062683198386,0.0279536028340091
pitch_types,primary_x_release,mean,2023.0,11,CU,393,-1.1426502083957586,5.343965969769051,0.0213851471555909,,5.343618616710575,0.0040019972774096,0.0040019972774096,0.009337993647289,0.0160079891096384
pitch_types,primary_x_release,mean,2022.0,11,SW,126,-1.1921583501109505,8.918162530341569,0.0517805209514182,,8.91732387574631,0.0058067332389095,0.0058067332389095,0.0135490442241223,0.0232269329556383
pitch_types,primary_x_release,mean,2018.0,1,SI,393,-1.3038565505346278,8.293868125949865,0.071691875167163,,8.293230705909707,0.0086446256844242,0.0086446256844242,0.0201707932636566,0.034578502737697
pitch_types,primary_x_release,mean,2018.0,1,SW,32,-1.115978097931421,11.511620809236812,0.0662867441350589,,11.511106311416512,0.0057585033394502,0.0057585033394502,0.0134365077920505,0.023034013357801
pitch_types,primary_x_release,mean,2025.0,11,FA,1014,-1.3874496035264103,5.976358624242808,0.0182500888611559,,5.976157454443045,0.0030538166037756,0.0030538166037756,0.0071255720754765,0.0122152664151027
pitch_types,primary_x_release,mean,2021.0,14,SW,27,-1.8927374934305776,6.868278367292221,0.0237337364543986,,6.867917792588095,0.0034557397410918,0.0034557397410918,0.0080633927292143,0.0138229589643675
pitch_types,primary_x_release,mean,2025.0,11,HC,39,-1.5037414148607489,5.5083854649774615,0.0200791798136498,,5.508215899928663,0.003645314595223,0.003645314595223,0.0085057340555205,0.0145812583808923
pitch_types,primary_x_release,mean,2025.0,14,CU,97,-1.5912995207791631,4.351991901835467,0.0138789004292342,,4.35173668917465,0.0031892785387864,0.0031892785387864,0.007441649923835,0.0127571141551457
pitch_types,primary_x_release,mean,2025.0,11,SI,565,-1.4913761855917964,7.582734030886005,0.0332398109141434,,7.582270094625129,0.0043838864217863,0.0043838864217863,0.0102290683175013,0.0175355456871452
pitch_types,primary_x_release,mean,2021.0,1,SW,113,-1.4085877014086352,8.4580095019481,0.029893868189536,,8.457681122543102,0.0035345229686961,0.0035345229686961,0.0082472202602909,0.0141380918747844
pitch_types,primary_x_release,mean,2023.0,14,SI,93,-1.9915038572326824,5.889439360855597,0.0888578436824909,,5.887912918826386,0.0150915689324091,0.0150915689324091,0.0352136608422881,0.0603662757296367
pitch_types,primary_x_release,mean,2023.0,1,CU,299,-1.2211507796505026,5.213904366801872,0.029880174463036,,5.21351995046014,0.0057312861074596,0.0057312861074596,0.0133730009174058,0.0229251444298386
pitch_types,primary_x_release,mean,2020.0,1,SW,57,-1.1473823920084167,9.503303504792182,0.0649328188996356,,9.502281586281905,0.0068333924131838,0.0068333924131838,0.015944582297429,0.0273335696527355
pitch_types,primary_x_release,mean,2023.0,14,CH,187,-1.4196182098246397,6.034514254910661,0.0166001414632964,,6.034222645100406,0.0027509991658619,0.0027509991658619,0.0064189980536778,0.0110039966634477
pitch_types,primary_x_release,mean,2022.0,14,CH,216,-1.2692862700724272,6.6450241045037615,0.0175897211896091,,6.644682425858777,0.0026471876400226,0.0026471876400226,0.0061767711600528,0.0105887505600906
pitch_types,primary_x_release,mean,2023.0,1,SI,407,-1.2704404282109891,8.529315449151566,0.046392244520291,,8.528875962696949,0.0054394324320342,0.0054394324320342,0.0126920090080798,0.0217577297281369
pitch_types,primary_x_release,mean,2020.0,1,SI,289,-1.118758474457752,8.994056907715741,0.0765924780581429,,8.992985421873897,0.0085169134013989,0.0085169134013989,0.0198727979365974,0.0340676536055957
pitch_types,primary_x_release,mean,2018.0,1,HC,36,-1.489687516409235,5.49964799177596,0.0357018296814261,,5.499416596526305,0.0064919303811202,0.0064919303811202,0.0151478375559472,0.025967721524481
pitch_types,primary_x_release,mean,2019.0,1,SI,377,-1.1412876130870928,8.855913216375267,0.046901100812628,,8.855476487761967,0.0052962820100583,0.0052962820100583,0.0123579913568027,0.0211851280402332
pitch_types,primary_x_release,mean,2019.0,1,SW,44,-1.570852187680841,7.393923415854393,0.0215005572336849,,7.393742636404507,0.0029079396309823,0.0029079396309823,0.0067851924722922,0.0116317585239295
pitch_types,primary_x_release,mean,2023.0,14,CU,100,-1.3833401904653468,4.994838495729658,0.0213799956128778,,4.994458041050504,0.004280743863929,0.004280743863929,0.0099884023491676,0.017122975455716
pitch_types,primary_x_release,mean,2023.0,11,FS,88,-1.622707644113399,3.982825164988963,0.0143492027404877,,3.982570643651814,0.0036030001786309,0.0036030001786309,0.0084070004168054,0.0144120007145236
pitch_types,primary_x_release,mean,2015.0,1,FA,35,-1.3788420823971133,8.013464691107005,0.0035430931869668,,8.013445668069828,0.0004421435339712,0.0004421435339712,0.0010316682459328,0.0017685741358849
pitch_types,primary_x_release,mean,2025.0,14,FS,28,-1.832387532127479,4.755569632988121,0.0096049659881022,,4.755395267843114,0.0020198039168379,0.0020198039168379,0.0047128758059552,0.0080792156673518
pitch_types,primary_x_release,mean,2017.0,1,FA,636,-1.3755723188315432,7.206194538066507,0.03441521313404,,7.2059305644000995,0.0047759568075861,0.0047759568075861,0.0111438992177011,0.0191038272303447
pitch_types,primary_x_release,mean,2025.0,1,SL,613,-1.2316441147701978,6.703964082697633,0.0334159867320231,,6.7036074099314735,0.0049847768057713,0.0049847768057713,0.011631145880133,0.0199391072230852
pitch_types,primary_x_release,mean,2024.0,11,FA,952,-1.2944898797827156,5.832110945660174,0.0150013543238125,,5.831948382933071,0.0025722714500891,0.0025722714500891,0.0060019667168747,0.0102890858003567
pitch_types,primary_x_release,mean,2021.0,14,XX,11,-0.4769932144117385,7.71124690382298,0.0063632074949592,,7.711048811449243,0.0008252064862449,0.0008252064862449,0.0019254818012381,0.0033008259449797
pitch_types,primary_x_release,mean,2018.0,1,SL,562,-1.2144849044834376,8.03079846874396,0.0425693353345751,,8.03037441682976,0.0053010399173119,0.0053010399173119,0.0123690931403945,0.0212041596692477
pitch_types,primary_x_release,mean,2025.0,14,CH,179,-1.4489188286935928,5.411378347482468,0.0139259685689612,,5.41110806718822,0.0025735890682733,0.0025735890682733,0.0060050411593044,0.0102943562730933
pitch_types,primary_x_release,mean,2017.0,1,HC,37,-1.0839974616955406,6.4944743789868085,0.1616097416144781,,6.493347384219183,0.0248885100475664,0.0248885100475664,0.0580731901109882,0.0995540401902656
pitch_types,primary_x_release,mean,2024.0,1,SI,428,-1.1900934782697308,8.773092179777688,0.0593987292829246,,8.772496819786664,0.0067710174769113,0.0067710174769113,0.0157990407794597,0.0270840699076453
pitch_types,primary_x_release,mean,2023.0,1,CH,433,-0.9000699618411686,7.698831269430942,0.0283984105978871,,7.698441125632755,0.003688852085045,0.003688852085045,0.0086073215317718,0.0147554083401802
pitch_types,primary_x_release,mean,2022.0,11,CU,154,-0.7032514180620743,6.546216936243383,0.0278299299493056,,6.545749559782662,0.0042516032266638,0.0042516032266638,0.0099204075288823,0.0170064129066555
pitch_types,primary_x_release,mean,2021.0,14,CU,127,-1.7293463814833407,4.106811349409597,0.0141340723571973,,4.106537278144553,0.0034418468407484,0.0034418468407484,0.0080309759617462,0.0137673873629936
pitch_types,primary_x_release,mean,2025.0,14,SL,307,-1.6881077916604297,4.638902612029842,0.0165398067399268,,4.638657064002558,0.00356564551156,0.00356564551156,0.0083198395269733,0.01426258204624
pitch_types,primary_x_release,mean,2024.0,11,HC,41,-0.894110654496665,6.254942546141576,0.0868985829877459,,6.253818721461523,0.0138952833233767,0.0138952833233767,0.0324223277545458,0.0555811332935072
pitch_types,primary_x_release,mean,2024.0,16,FA,12,-2.602384768824683,0.3297111085083713,0.0330579976319697,,0.3286715517364751,0.1005806479365613,0.1005806479365613,0.234688178518643,0.4023225917462453
pitch_types,primary_x_release,mean,2022.0,14,SL,241,-1.413763511348492,6.22755405853859,0.0301380160279223,,6.227078482077904,0.0048398323731846,0.0048398323731846,0.0112929422040975,0.0193593294927387
pitch_types,primary_x_release,mean,2023.0,1,HC,34,-1.1824516836408576,5.257023146134763,0.0191410904006826,,5.256848672105474,0.0036411720394865,0.0036411720394865,0.0084960680921353,0.0145646881579463
pitch_types,primary_x_release,mean,2024.0,11,SI,521,-1.3834575512887215,7.740506742965808,0.0532394438958947,,7.739785354307978,0.0068786718828399,0.0068786718828399,0.0160502343932932,0.0275146875313598
pitch_types,primary_x_release,mean,2024.0,1,CU,299,-1.0944004418360975,5.645672308133214,0.0287486393002674,,5.645299789352086,0.005092491164861,0.005092491164861,0.0118824793846757,0.0203699646594442
pitch_types,primary_x_release,mean,2021.0,1,SL,616,-1.1145784182068452,7.567696420093541,0.0352419835822258,,7.567347569165903,0.0046571117898461,0.0046571117898461,0.0108665941763075,0.0186284471593844
pitch_types,primary_x_release,mean,2019.0,1,SL,586,-1.1529878890209802,8.085219360846017,0.0330357520861242,,8.084915634626551,0.0040860973174088,0.0040860973174088,0.0095342270739539,0.0163443892696353
pitch_types,primary_x_release,mean,2021.0,1,FS,55,-2.1153495034305467,2.593452153373641,0.0341412481766534,,2.593069418288765,0.0131663456195415,0.0131663456195415,0.0307214731122635,0.0526653824781661
pitch_types,primary_x_release,mean,2023.0,14,FS,11,-1.360687721072743,4.282928550506624,0.0124675365301708,,4.282710904924038,0.0029111319458514,0.0029111319458514,0.0067926412069867,0.0116445277834058
pitch_types,primary_x_release,mean,2022.0,16,FA,27,-2.120977626538432,3.3137717981794657,0.0632464037572171,,3.3119182411688994,0.0190966078120621,0.0190966078120621,0.0445587515614783,0.0763864312482486
pitch_types,primary_x_release,mean,2023.0,11,SL,826,-1.280853541714899,6.438865085417371,0.0241974109477747,,6.43854744970457,0.0037582096174324,0.0037582096174324,0.008769155774009,0.0150328384697297
pitch_types,primary_x_release,mean,2025.0,11,SW,435,-1.5378330010182033,7.30817285300843,0.0254889879549195,,7.307808870655402,0.00348791113808,0.00348791113808,0.0081384593221868,0.0139516445523203
pitch_types,primary_x_release,mean,2024.0,1,HC,38,-1.1128678235547278,5.125227223528148,0.037443318289487,,5.124930379381484,0.007306112574744,0.007306112574744,0.0170475960077361,0.0292244502989763
pitch_types,primary_x_release,mean,2021.0,14,FA,352,-1.6879628025840112,4.958570563741221,0.0169422960174015,,4.958374689080961,0.0034169051513414,0.0034169051513414,0.0079727786864632,0.0136676206053656
pitch_types,primary_x_release,mean,2018.0,1,CU,364,-1.3245219034273796,6.435637198216528,0.0536287032610681,,6.434995843587555,0.0083339142036135,0.0083339142036135,0.0194457998084315,0.033335656814454
pitch_types,primary_x_release,mean,2021.0,1,SI,376,-1.0711004912109536,9.292827126817915,0.0572800019480875,,9.29224222023366,0.0061642820527602,0.0061642820527602,0.0143833247897739,0.024657128211041
pitch_types,primary_x_release,mean,2024.0,14,CH,206,-1.384732509429892,5.261077916732415,0.0143171181374572,,5.26080481904821,0.0027214691724768,0.0027214691724768,0.0063500947357792,0.0108858766899073
pitch_types,primary_x_release,mean,2025.0,11,FS,127,-1.7441593543968823,3.6182705362025582,0.0245776322295557,,3.61783004276852,0.0067934734188751,0.0067934734188751,0.0158514379773752,0.0271738936755004
pitch_types,primary_x_release,mean,2024.0,1,SW,309,-1.269077471050556,8.433261418528481,0.047706695380444,,8.43273047971674,0.0056573248125495,0.0056573248125495,0.0132004245626155,0.022629299250198
pitch_types,primary_x_release,mean,2025.0,1,FS,101,-1.8104359994769863,3.6946624883074537,0.0639019919356454,,3.693947734456529,0.0172991055990257,0.0172991055990257,0.04036457973106,0.069196422396103
pitch_types,primary_x_release,mean,2025.0,14,SW,78,-2.1258985908328807,3.8312545523347072,0.0194512910263735,,3.830928919040204,0.0050774345954836,0.0050774345954836,0.0118473473894618,0.0203097383819346
pitch_types,primary_x_release,mean,2025.0,14,FA,377,-1.5759328085492497,4.876461832368928,0.0146299814447947,,4.876275894598717,0.0030002366069975,0.0030002366069975,0.0070005520829942,0.0120009464279901
pitch_types,primary_x_release,mean,2017.0,1,SW,23,-1.7442386999524335,10.39014800120902,0.0467397204270294,,10.38980606514238,0.0044986133652523,0.0044986133652523,0.0104967645189221,0.0179944534610093
pitch_types,primary_x_release,mean,2022.0,1,SI,387,-1.2549663134576496,8.839288314733594,0.057541309967646,,8.838764338096496,0.0065101079479666,0.0065101079479666,0.0151902518785888,0.0260404317918665
pitch_types,primary_x_release,mean,2015.0,1,SL,33,-0.951567896264655,9.442843381033889,0.0022878780103145,,9.442816020757324,0.0002422876825393,0.0002422876825393,0.0005653379259251,0.0009691507301573
pitch_types,primary_x_release,mean,2021.0,1,FA,716,-1.2220714588458488,6.771725407149285,0.0291713457196031,,6.771464005528773,0.0043079820989649,0.0043079820989649,0.0100519582309181,0.0172319283958596
pitch_types,primary_x_release,mean,2024.0,14,SI,109,-1.9132195240579373,5.391934675983426,0.0566103452931399,,5.391038626555378,0.0105008235359855,0.0105008235359855,0.0245019215839662,0.0420032941439422
pitch_types,primary_x_release,mean,2024.0,1,FS,90,-1.9269162511589704,3.3738433928773115,0.0284675861908846,,3.373489677024679,0.0084386166600018,0.0084386166600018,0.0196901055400042,0.0337544666400073
pitch_types,primary_x_release,mean,2022.0,14,SI,90,-1.2631572849733346,8.31398392869233,0.0766575864323158,,8.31270488347445,0.0092217379910491,0.0092217379910491,0.0215173886457812,0.0368869519641964
pitch_types,primary_x_release,mean,2022.0,14,CU,91,-1.457696572992818,5.443703967345595,0.0202858813598587,,5.443338649439163,0.003726735128256,0.003726735128256,0.008695715299264,0.0149069405130241
pitch_types,primary_x_release,mean,2024.0,11,CU,394,-1.073995424143058,5.552541943963671,0.0211728489131711,,5.552196162065439,0.0038134187437092,0.0038134187437092,0.008897977068655,0.0152536749748371
pitch_types,primary_x_release,mean,2023.0,14,SL,237,-1.54044300459511,5.660214196222639,0.0300207640964645,,5.659701974984287,0.0053043012210104,0.0053043012210104,0.0123767028490244,0.0212172048840419
pitch_types,primary_x_release,mean,2023.0,1,SW,290,-1.2783032918272692,8.062175481383886,0.0389305728388351,,8.061725774874013,0.0048290619063439,0.0048290619063439,0.0112678111148025,0.0193162476253757
pitch_types,primary_x_release,mean,2022.0,11,FA,425,-1.0080144730837466,6.594541967489431,0.0167885458079924,,6.594304480718601,0.0025459160791075,0.0025459160791075,0.0059404708512509,0.0101836643164302
pitch_types,primary_x_release,mean,2019.0,1,FS,55,-2.317613235979369,2.3722839509938405,0.0300047853702575,,2.3718860289808785,0.0126501800692125,0.0126501800692125,0.0295170868281625,0.0506007202768501
pitch_types,primary_x_release,mean,2021.0,1,CH,452,-0.8786694214012216,7.610189146937823,0.025414324212593,,7.60983169650244,0.0033396696834009,0.0033396696834009,0.0077925625946022,0.0133586787336039
pitch_types,primary_x_release,mean,2024.0,1,SL,593,-1.2463428617825842,6.791632215027334,0.0381156097701001,,6.791227956575215,0.0056124768618901,0.0056124768618901,0.0130957793444104,0.0224499074475607
pitch_types,primary_x_release,mean,2024.0,14,CU,91,-1.621348764976586,4.514612689894936,0.0205439701057317,,4.514265694589501,0.0045508996358708,0.0045508996358708,0.010618765817032,0.0182035985434834
pitch_types,primary_x_release,mean,2015.0,1,CH,16,-2.1536153019383617,3.842457074148565,0.0078783751989859,,3.842364728495837,0.0020503975430958,0.0020503975430958,0.0047842609338902,0.0082015901723832
pitch_types,primary_x_release,mean,2017.0,1,SL,558,-1.3715785667927198,7.92247661318787,0.0408583673605244,,7.922073447795714,0.0051575345305455,0.0051575345305455,0.0120342472379396,0.0206301381221822
pitch_types,primary_x_release,mean,2022.0,14,FA,346,-1.4923103991127389,5.741804933993777,0.0193191663803687,,5.741577186475238,0.0033647838830551,0.0033647838830551,0.0078511623937952,0.0134591355322204
pitch_types,primary_x_release,mean,2022.0,1,FS,63,-2.3024984729171005,1.7083047223564425,0.0324932256042516,,1.7078400330226005,0.0190259186902557,0.0190259186902557,0.0443938102772634,0.0761036747610229
pitch_types,primary_x_release,mean,2023.0,11,CH,615,-1.0082831520284197,7.351643998137742,0.0127579607988891,,7.351438393837318,0.0017354373546249,0.0017354373546249,0.0040493538274581,0.0069417494184996
pitch_types,primary_x_release,mean,2023.0,11,FA,946,-1.23642429942746,6.245748672444404,0.0146565507170625,,6.245599086236168,0.0023467005349994,0.0023467005349994,0.0054756345816653,0.0093868021399978
pitch_types,primary_x_release,mean,2022.0,1,SL,575,-1.2441345815787634,7.046843663371202,0.0313389618299763,,7.046528556280071,0.004447432743609,0.004447432743609,0.0103773430684211,0.0177897309744362
pitch_types,primary_x_release,mean,2025.0,16,SI,19,-1.9880077721500728,5.33357574671653,0.0920331614189617,,5.330107318487254,0.0172666619862884,0.0172666619862884,0.0402888779680063,0.0690666479451538
pitch_types,primary_x_release,mean,2022.0,11,FS,21,-1.8354967343816369,1.909389560671702,0.0170416736567843,,1.9090158197359028,0.0089269420821991,0.0089269420821991,0.0208295315251313,0.0357077683287966
pitch_types,primary_x_release,mean,2024.0,11,CH,559,-1.0528005976970514,6.726828607324508,0.0158516159569482,,6.726574770340646,0.0023565657854339,0.0023565657854339,0.0054986534993459,0.0094262631417359
pitch_types,primary_x_release,mean,2022.0,11,XX,10,-0.7150828492831675,8.702354981926964,0.0317923254326719,,8.701482814456064,0.0036536675542074,0.0036536675542074,0.0085252242931507,0.0146146702168298
pitch_types,primary_x_release,mean,2025.0,16,CH,14,-0.9953711112846576,6.506613019463871,0.0429570766239043,,6.505024021392249,0.0066036768630887,0.0066036768630887,0.0154085793472069,0.0264147074523548
pitch_types,primary_x_release,mean,2017.0,1,FS,53,-1.9909282775116743,2.98973684714668,0.063107341728553,,2.9890507331807594,0.0211128372723865,0.0211128372723865,0.0492632869689019,0.0844513490895461
pitch_types,primary_x_release,mean,2022.0,1,CU,321,-1.146307227353948,5.520024583408793,0.03065749098562,,5.519630556408051,0.0055542650313847,0.0055542650313847,0.0129599517398977,0.022217060125539
pitch_types,primary_x_release,mean,2025.0,1,HC,39,-0.7560315471153697,5.468912236897284,0.0599372376870762,,5.4683231874882425,0.0109608074782805,0.0109608074782805,0.0255752174493213,0.0438432299131223
pitch_types,primary_x_release,mean,2024.0,14,FA,345,-1.591903041584198,5.117064213072462,0.016238172986786,,5.116868668932596,0.0031734590112459,0.0031734590112459,0.0074047376929071,0.0126938360449836
pitch_types,primary_x_release,mean,2023.0,1,FA,681,-1.2498044969248554,6.674215450316907,0.0259018474528265,,6.673974729232143,0.0038810227044126,0.0038810227044126,0.0090557196436296,0.0155240908176507
pitch_types,primary_x_release,mean,2024.0,11,SL,836,-1.3539491863178623,5.941053189791803,0.0237408265833177,,5.940752808920891,0.0039962656833099,0.0039962656833099,0.0093246199277232,0.0159850627332398
pitch_types,primary_x_release,mean,2025.0,1,FA,699,-1.310003536980134,6.352098499927605,0.0262778198024842,,6.35184494346034,0.0041370373547199,0.0041370373547199,0.0096530871610131,0.0165481494188796
pitch_types,primary_x_release,mean,2021.0,16,FA,25,-1.955654455810192,3.961555212788898,0.0312259014308156,,3.960481829683369,0.0078843693201117,0.0078843693201117,0.0183968617469274,0.031537477280447
pitch_types,primary_x_release,mean,2025.0,1,CU,304,-1.2433592336003942,5.457254153643621,0.0390657811025213,,5.456820328513104,0.0071590741037218,0.0071590741037218,0.0167045062420177,0.0286362964148875
pitch_types,primary_x_release,mean,2021.0,14,SL,241,-1.750641583945744,5.1099649605882815,0.0183958922511366,,5.10968241106932,0.0036002026684251,0.0036002026684251,0.0084004728929919,0.0144008106737004
pitch_types,primary_x_release,mean,2020.0,1,HC,20,-1.6618767765995084,5.748705520613053,0.0683085265203973,,5.7480458148249385,0.0118837825447078,0.0118837825447078,0.0277288259376515,0.0475351301788312
pitch_types,primary_x_release,mean,2024.0,1,FA,671,-1.299822740714787,6.649774116535663,0.0287899960728928,,6.649504036460197,0.004329645626957,0.004329645626957,0.0101025064628996,0.017318582507828
pitch_types,primary_x_release,mean,2022.0,1,CH,443,-0.9783695616746731,7.430992682067286,0.0301621061021453,,7.430600592640128,0.0040591747229719,0.0040591747229719,0.0094714076869346,0.0162366988918878
pitch_types,primary_x_release,mean,2022.0,1,SW,228,-1.435295046156974,7.918788623768807,0.059875240175331,,7.9180462176308035,0.0075618705081575,0.0075618705081575,0.0176443645190343,0.0302474820326303
pitch_types,primary_x_release,mean,2025.0,11,CU,425,-1.28576544488426,4.992984983497145,0.0166952248175686,,4.992690213709329,0.0033439336515863,0.0033439336515863,0.0078025118537015,0.0133757346063455
pitch_types,primary_x_release,mean,2022.0,1,HC,29,-1.1423176822457586,4.5986566579580455,0.1026940029279326,,4.597774443753279,0.0223355895736592,0.0223355895736592,0.0521163756718715,0.0893423582946369
pitch_types,primary_x_release,mean,2025.0,16,CU,11,-0.694868572905948,6.272980615843754,0.0348813751630496,,6.271848887982992,0.0055615777398405,0.0055615777398405,0.0129770147262945,0.022246310959362
pitch_types,primary_x_release,mean,2019.0,1,HC,31,-1.1881200135498102,6.67264102404406,0.0336925124293834,,6.672399670243628,0.0050495345144924,0.0050495345144924,0.0117822472004824,0.0201981380579699
pitch_types,primary_x_release,mean,2020.0,1,FA,570,-1.2123265539900827,7.12108304608902,0.0300997187415757,,7.120704698382804,0.0042270702151729,0.0042270702151729,0.0098631638354034,0.0169082808606916
pitch_types,primary_x_release,mean,2016.0,1,CH,42,-1.178513533116918,6.612699597600976,0.0400484632129492,,6.612187243392991,0.0060567648402525,0.0060567648402525,0.0141324512939226,0.0242270593610102
pitch_types,primary_x_release,mean,2022.0,11,HC,13,0.1677401610776284,9.851690738337624,0.042768873804783,,9.851149405979136,0.0043415110300554,0.0043415110300554,0.0101301924034628,0.0173660441202219
pitch_types,primary_x_release,mean,2023.0,1,FS,82,-2.028754462550244,2.823125565595996,0.0292839140963513,,2.8227243326821188,0.0103743443018136,0.0103743443018136,0.0242068033708984,0.0414973772072544
pitch_types,primary_x_release,mean,2025.0,1,CH,421,-0.9962090679349594,7.4578947585879645,0.0211225286143536,,7.457613425563984,0.0028323442647144,0.0028323442647144,0.0066088032843337,0.0113293770588578
pitch_types,primary_x_release,mean,2019.0,1,CU,374,-1.1219991931680986,7.036756071742721,0.0376199636260664,,7.036320210761503,0.0053465394551728,0.0053465394551728,0.0124752587287366,0.0213861578206913
pitch_types,primary_x_release,mean,2025.0,16,FA,136,-1.4362769345568225,4.217843600953913,0.0458004967564351,,4.216464461553646,0.0108622987752063,0.0108622987752063,0.0253453638088147,0.0434491951008252
pitch_types,primary_x_release,mean,2024.0,11,FS,102,-1.8377783829877423,3.2457376003051293,0.0104290179004227,,3.2455763997366183,0.0032133022353961,0.0032133022353961,0.0074977052159244,0.0128532089415847
pitch_types,primary_x_release,mean,2025.0,11,SL,892,-1.4205401460720684,6.131136198433704,0.0235508423039247,,6.130842531726239,0.0038413712604837,0.0038413712604837,0.0089631996077954,0.015365485041935
pitch_types,primary_x_release,mean,2023.0,16,FA,24,-1.6733560018036622,6.851974406574474,0.0483860987408233,,6.850273026121686,0.0070633825186698,0.0070633825186698,0.0164812258768962,0.0282535300746793
pitch_types,primary_x_release,mean,2016.0,1,XX,12,0.0626727489067637,8.305533103958934,0.021477829173216,,8.304888460574656,0.0025861670840224,0.0025861670840224,0.006034389862719,0.0103446683360898
pitch_types,primary_x_release,mean,2025.0,1,SW,323,-1.3550130578577642,7.9152032141709,0.0419884952072568,,7.9147099309337055,0.005305121169779,0.005305121169779,0.0123786160628177,0.0212204846791162
pitch_types,primary_x_release,mean,2019.0,1,CH,434,-0.9850546794114264,7.841527339141987,0.0256751701477996,,7.841185254455723,0.0032743991264853,0.0032743991264853,0.0076402646284658,0.0130975965059414
pitch_types,primary_x_release,mean,2023.0,14,FA,342,-1.4395324002141618,5.591983343089179,0.0179575595839513,,5.591743988690315,0.0032114416576065,0.0032114416576065,0.0074933638677487,0.0128457666304263
pitch_types,primary_x_release,mean,2019.0,1,FA,703,-1.1885476240291268,7.477677431816362,0.0300300818466665,,7.477424233107238,0.0040160997838941,0.0040160997838941,0.0093708994957529,0.0160643991355764
pitch_types,primary_x_release,mean,2025.0,16,SL,49,-1.6865899403190798,4.1116814051212325,0.0699354454543668,,4.109388462278965,0.0170184556890448,0.0170184556890448,0.0397097299411047,0.0680738227561795
pitch_types,primary_x_release,mean,2024.0,14,SW,82,-1.5981558858955998,5.421900442288245,0.0147653098076646,,5.421674560351234,0.0027233854860348,0.0027233854860348,0.0063545661340812,0.0108935419441392
pitch_types,primary_x_release,mean,2021.0,1,CU,378,-1.0563092328979182,5.953126828908477,0.0337831708461318,,5.952671089186715,0.0056752960712881,0.0056752960712881,0.0132423574996723,0.0227011842851525
pitch_types,primary_x_release,mean,2023.0,11,SW,410,-1.2270718014048805,8.030950192017581,0.0220857127360785,,8.030655348920247,0.0027501756427696,0.0027501756427696,0.0064170764997959,0.0110007025710787
pitch_types,primary_x_release,mean,2017.0,1,SI,388,-1.4266902574675726,8.205382991389293,0.0679112073246567,,8.204854834614318,0.0082769541562338,0.0082769541562338,0.0193128930312124,0.0331078166249355
pitch_types,primary_x_release,mean,2024.0,11,SW,406,-1.3138755047487014,7.637094701773252,0.0361893043876047,,7.63661248615575,0.0047389211451034,0.0047389211451034,0.0110574826719081,0.0189556845804139
pitch_types,primary_x_release,mean,2021.0,14,SI,76,-1.874658966329787,4.949888919082367,0.0672358469303374,,4.9488932626243605,0.013586036990962,0.013586036990962,0.0317007529789114,0.0543441479638481
pitch_types,primary_x_release,mean,2022.0,11,SL,333,-1.1299430318919803,6.751308453421454,0.0339419072287909,,6.750748509909158,0.0050278731579126,0.0050278731579126,0.0117317040351294,0.0201114926316505
pitch_types,primary_x_release,mean,2016.0,1,FA,55,-0.982391252589008,6.768772547182361,0.0731042413804131,,6.768518317776817,0.0108006269538212,0.0108006269538212,0.0252014628922495,0.043202507815285
pitch_types,primary_x_release,mean,2018.0,1,CH,419,-1.0389080326005171,8.127296383918027,0.0323016348398554,,8.126840002889729,0.0039746857115889,0.0039746857115889,0.0092742666603742,0.0158987428463558
pitch_types,primary_x_release,mean,2021.0,1,HC,27,-1.361823639138771,4.553390611478806,0.0390222995751436,,4.5530877576905695,0.0085705133860491,0.0085705133860491,0.019997864567448,0.0342820535441967
pitch_types,primary_x_release,mean,2017.0,1,CH,419,-1.1513095039384311,8.150017725367128,0.0324365517588103,,8.149565685630078,0.0039801571040779,0.0039801571040779,0.0092870332428485,0.0159206284163117
pitch_types,primary_x_release,mean,2022.0,1,FA,688,-1.3029953062315969,6.392987296498511,0.0278175309103023,,6.392728302647829,0.0043514333150652,0.0043514333150652,0.0101533444018189,0.017405733260261
pitch_types,primary_x_release,mean,2025.0,11,CH,611,-1.2446307739918077,6.590402188499854,0.0157049235924978,,6.59012906103659,0.0023830980314712,0.0023830980314712,0.0055605620734329,0.009532392125885
pitch_types,primary_x_release,mean,2023.0,14,SW,84,-1.772957366983538,5.488397094601599,0.0182189696510518,,5.488104546882505,0.0033197198587262,0.0033197198587262,0.0077460130036946,0.0132788794349051
pitch_types,primary_x_release,mean,2024.0,14,SL,259,-1.7243773556259754,4.930739315380845,0.0200795572668469,,4.93042887275602,0.0040725782249491,0.0040725782249491,0.0095026825248814,0.0162903128997967
pitch_types,primary_x_release,mean,2015.0,1,CU,17,-2.459173375094549,3.617995074531753,0.0068813401828661,,3.617921681262744,0.0019020146894015,0.0019020146894015,0.0044380342752703,0.0076080587576062
pitch_types,primary_x_release,mean,2018.0,1,FS,61,-2.10763645246536,3.0788632159169467,0.0487155372497902,,3.078206254293531,0.0158259496685256,0.0158259496685256,0.0369272158932265,0.0633037986741025
pitch_types,primary_x_release,mean,2025.0,14,SI,105,-2.2026275078933457,4.591285790674244,0.0240910433368186,,4.590882558670583,0.0052475843215198,0.0052475843215198,0.0122443634168796,0.0209903372860793
pitch_types,primary_x_release,mean,2020.0,1,SL,481,-1.1153470057245751,7.85655827269586,0.0437660942455705,,7.855912230392365,0.0055711027519186,0.0055711027519186,0.0129992397544769,0.0222844110076747
pitch_types,primary_x_release,mean,2021.0,14,CH,209,-1.5162696350837714,5.476461685280167,0.018838997937181,,5.476084219882338,0.0034402315926371,0.0034402315926371,0.0080272070494866,0.0137609263705486
pitch_types,primary_x_release,mean,2022.0,14,SW,61,-1.4302113201333455,7.258506142117307,0.0228416985373042,,7.258188719785164,0.0031470246116692,0.0031470246116692,0.0073430574272283,0.0125880984466771
pitch_types,primary_x_release,mean,2024.0,1,CH,410,-0.8838558859585216,7.741350663014622,0.0297711985478859,,7.740952286169745,0.0038459348988723,0.0038459348988723,0.0089738480973688,0.0153837395954894
baserunning,takeoff_rate,rate,,1,,6093,0.0407695512500935,0.0026552098663815,0.000762253298524,0.0018929565678575,,19.659425369289803,19.659425369289803,45.87199252834287,78.63770147715923
baserunning,takeoff_rate,rate,,16,,70,0.60951691023197,0.3217573111400805,0.0174520012431309,0.3043053098969495,,0.0,0.0,0.0,0.0
baserunning,takeoff_rate,rate,,11,,2608,0.0784435817081242,0.0216061932111084,0.0014763626572591,0.0201298305538492,,2.5911969553614345,2.5911969553614345,6.04612622917668,10.364787821445738
baserunning,takeoff_rate,rate,,14,,1428,0.1043344601566831,0.0137848771856135,0.0025192421919233,0.0112656349936901,,7.295030030072592,7.295030030072592,17.021736736836047,29.18012012029037
pitcher_baserunning,takeoff_rate,rate,,16,,105,0.4829232469814742,0.1217922447622958,0.0189184234386755,0.1028738213236202,,1.427326809614781,1.427326809614781,3.3304292224344896,5.709307238459126
pitcher_baserunning,takeoff_rate,rate,,1,,7263,0.0425989457897953,0.0013195030611599,0.0007888303563412,0.0005306727048187,,75.85391624075297,75.85391624075297,176.9924712284236,303.41566496301186
pitcher_baserunning,takeoff_rate,rate,,14,,1646,0.1069092649883794,0.0086456972434446,0.0028537697321101,0.0057919275113345,,15.484956667909737,15.484956667909737,36.13156555845605,61.93982667163894
pitcher_baserunning,takeoff_rate,rate,,11,,3561,0.077691351504249,0.0093227883474859,0.0018156939177308,0.0075070944297551,,8.545025185999874,8.545025185999874,19.93839210066637,34.1801007439995
pitchers,pred_v13,mean,2025.0,1,,640,-0.01459164,6.64e-6,0.00065076,,5.63e-06,115.557722,115.557722,269.634685,462.230889
hitters,pull_FB_pct,rate,2026.0,14,,115,0.08755353537619033,,,,,39.21697758490183,39.21697758490183,91.5062810314376,156.8679103396073
hitters,pull_FB_pct,rate,2026.0,1,,625,0.09718122063040237,,,,,68.47763781247372,68.47763781247372,159.781154895772,273.91055124989487
hitters,pull_FB_pct,rate,2026.0,11,,393,0.0908991745145077,,,,,56.76079148626707,56.76079148626707,132.4418468012898,227.04316594506827
hitters,pull_FB_pct,rate,2026.0,16,,15,0.1041969881969882,,,,,38.07811766025699,38.07811766025699,88.84894120726632,152.31247064102797
hitters,chase,rate,2026.0,14,,160,0.2936714836283469,,,,,62.85867852990391,62.85867852990391,146.67024990310912,251.43471411961565
hitters,chase,rate,2026.0,1,,1054,0.31152018197808745,,,,,64.16728729993169,64.16728729993169,149.72367036650726,256.66914919972675
hitters,chase,rate,2026.0,16,,3,0.2972531676081977,,,,,36.032435863602124,36.032435863602124,84.07568368173828,144.12974345440853
hitters,chase,rate,2026.0,11,,474,0.3055142946673655,,,,,67.99921950776661,67.99921950776661,158.6648455181221,271.99687803106644
hitters,z_con,rate,2026.0,11,,439,0.8279444848020237,,,,,51.07782000453841,51.07782000453841,119.1815800105896,204.31128001815367
hitters,z_con,rate,2026.0,14,,143,0.8163696642882499,,,,,63.173077343254334,63.173077343254334,147.4038471342601,252.6923093730173
hitters,z_con,rate,2026.0,1,,808,0.8303394794285557,,,,,48.55179471821457,48.55179471821457,113.28752100916734,194.20717887285832
hitters,z_con,rate,2026.0,16,,43,0.8230325635497748,,,,,137.8992811699629,137.8992811699629,321.7649893965801,551.5971246798516
hitters,secondary_whiff_pct,rate,2026.0,14,,129,0.34741860189849594,,,,,35.67919256676294,35.67919256676294,83.25144932244687,142.71677026705177
hitters,secondary_whiff_pct,rate,2026.0,16,,26,0.3935664235875242,,,,,193.0889051402305,193.0889051402305,450.540778660538,772.3556205609223
hitters,secondary_whiff_pct,rate,2026.0,11,,424,0.3266128999415229,,,,,38.0085073509742,38.0085073509742,88.68651715227314,152.0340294038968
hitters,secondary_whiff_pct,rate,2026.0,1,,747,0.32863565593779526,,,,,35.48136542076028,35.48136542076028,82.78985264844064,141.92546168304114
hitters,whiffs_vs_95,rate,2026.0,1,,439,0.21670734647727116,,,,,32.41839164859428,32.41839164859428,75.64291384671999,129.67356659437712
hitters,whiffs_vs_95,rate,2026.0,11,,222,0.24205062820820067,,,,,33.931740311856856,33.931740311856856,79.174060727666,135.72696124742745
hitters,whiffs_vs_95,rate,2026.0,14,,32,0.27730423751999167,,,,,31.39655477178133,31.39655477178133,73.2586278008231,125.58621908712531
hitters,damage_rate,rate,2026.0,14,,115,0.07172985719264315,,,,,18.576394060436577,18.576394060436577,43.34491947435201,74.30557624174631
hitters,damage_rate,rate,2026.0,11,,393,0.1016141498084311,,,,,23.01933227555253,23.01933227555253,53.71177530962257,92.07732910221011
hitters,damage_rate,rate,2026.0,1,,625,0.12874505944945944,,,,,26.8837772654523,26.8837772654523,62.728813619388696,107.5351090618092
hitters,damage_rate,rate,2026.0,16,,15,0.0770018226539965,,,,,22.07948480074605,22.07948480074605,51.518797868407454,88.31793920298422
hitters,selection_skill,rate,2026.0,1,,1124,0.5310648327714927,,,,,204.21053838104652,204.21053838104652,476.491256222442,816.8421535241862
hitters,selection_skill,rate,2026.0,16,,6,0.5908116022957194,,,,,112.06563380587252,112.06563380587252,261.4864788803692,448.2625352234901
hitters,selection_skill,rate,2026.0,11,,481,0.5372452080348875,,,,,194.1356057329405,194.1356057329405,452.98308004352776,776.542422931762
hitters,selection_skill,rate,2026.0,14,,162,0.5665111224336946,,,,,210.2777433061036,210.2777433061036,490.6480677142417,841.1109732244144
hitters,hittable_pitches_taken,rate,2026.0,1,,1019,0.29955277389513474,,,,,193.5412822598927,193.5412822598927,451.596325273083,774.1651290395708
hitters,hittable_pitches_taken,rate,2026.0,14,,158,0.2565936614737777,,,,,268.88940670172303,268.88940670172303,627.4086156373538,1075.557626806892
hitters,hittable_pitches_taken,rate,2026.0,16,,1,0.2175368520126394,,,,,1580.0877841081974,1580.0877841081974,3686.871496252461,6320.351136432791
hitters,hittable_pitches_taken,rate,2026.0,11,,472,0.292252084597729,,,,,313.37075081906124,313.37075081906124,731.1984185778095,1253.483003276245
hitters,pred_whiff_loc_mean,mean,2026.0,1,,969,0.27073724834339663,,,,,81.84546858021403,81.84546858021403,190.9727600204994,327.3818743208562
hitters,pred_whiff_loc_mean,mean,2026.0,11,,464,0.26405936645241157,,,,,87.60467250287111,87.60467250287111,204.41090250669927,350.4186900114845
hitters,pred_whiff_loc_mean,mean,2026.0,16,,102,0.2643319260573257,,,,,79.58182831756898,79.58182831756898,185.69093274099427,318.3273132702759
hitters,pred_whiff_loc_mean,mean,2026.0,14,,158,0.2696661297865539,,,,,65.12897091975029,65.12897091975029,151.96759881275068,260.51588367900115
hitters,LA_lte_0,rate,2026.0,16,,15,0.3973956456855008,,,,,53.394162265065056,53.394162265065056,124.58637861848514,213.57664906026025
hitters,LA_lte_0,rate,2026.0,11,,393,0.321599133279907,,,,,62.29833667543648,62.29833667543648,145.36278557601844,249.19334670174592
hitters,LA_lte_0,rate,2026.0,1,,625,0.32043394125320906,,,,,70.26109358902133,70.26109358902133,163.94255170771643,281.0443743560853
hitters,LA_lte_0,rate,2026.0,14,,115,0.3468148601899702,,,,,46.23860807571873,46.23860807571873,107.89008551001038,184.9544323028749
hitters,LD_pct,rate,2026.0,1,,625,0.27130032913165353,,,,,747.8174968287857,747.8174968287857,1744.9074926004998,2991.2699873151428
hitters,LD_pct,rate,2026.0,14,,115,0.25241159020615217,,,,,272.8286832614272,272.8286832614272,636.6002609433302,1091.3147330457089
hitters,LD_pct,rate,2026.0,16,,15,0.2156333634159721,,,,,16913560.59978874,16913560.59978874,39464974.73284039,67654242.39915496
hitters,LD_pct,rate,2026.0,11,,393,0.26806753444921017,,,,,364.0506806383746,364.0506806383746,849.4515881562073,1456.2027225534985
hitters,LA_gte_20,rate,2026.0,1,,625,0.4020119184098249,,,,,61.86423291704069,61.86423291704069,144.34987680642828,247.4569316681628
hitters,LA_gte_20,rate,2026.0,16,,15,0.3760979750255113,,,,,288.04017494349523,288.04017494349523,672.0937415348222,1152.160699773981
hitters,LA_gte_20,rate,2026.0,11,,393,0.39936186830870446,,,,,51.46741721350887,51.46741721350887,120.09064016485402,205.86966885403547
hitters,LA_gte_20,rate,2026.0,14,,115,0.382467884187933,,,,,43.560061502826,43.560061502826,101.640143506594,174.24024601130398
hitters,bat_speed,mean,2026.0,1,,158,69.45982777691798,,,,,8.699228942609329,8.699228942609329,20.298200866088436,34.79691577043732
hitters,swing_length,mean,2026.0,1,,158,7.197214664249961,,,,,4.243285060669547,4.243285060669547,9.900998474895609,16.973140242678188
hitters,attack_angle,mean,2026.0,1,,158,9.23392487834623,,,,,9.073343570048316,9.073343570048316,21.171134996779408,36.29337428019327
hitters,swing_path_tilt,mean,2026.0,1,,158,31.985514993360336,,,,,2.253542678051045,2.253542678051045,5.258266248785771,9.01417071220418
pitchers,SwStr,rate,2026.0,16,,27,0.1281368260757333,,,,,140.99769784559345,140.99769784559345,328.9946283063847,563.9907913823738
pitchers,SwStr,rate,2026.0,11,,680,0.12174317514866517,,,,,137.08464183344918,137.08464183344918,319.86416427804807,548.3385673337967
pitchers,SwStr,rate,2026.0,1,,1310,0.1193157679108242,,,,,108.53034289167596,108.53034289167596,253.2374667472439,434.1213715667039
pitchers,SwStr,rate,2026.0,14,,232,0.12965134714438792,,,,,97.28015991115753,97.28015991115753,226.9870397927009,389.12063964463016
pitchers,Ball_pct,rate,2026.0,16,,27,0.40209066386546355,,,,,83.09601432930043,83.09601432930043,193.890700101701,332.3840573172017
pitchers,Ball_pct,rate,2026.0,11,,680,0.3878720069394199,,,,,212.9755938322895,212.9755938322895,496.94305227534215,851.9023753291581
pitchers,Ball_pct,rate,2026.0,1,,1310,0.3900871675664141,,,,,344.8969677338718,344.8969677338718,804.7595913790342,1379.5878709354872
pitchers,Ball_pct,rate,2026.0,14,,232,0.3915516007926111,,,,,125.42328316031092,125.42328316031092,292.6543273740588,501.6931326412438
pitchers,Z_Contact,rate,2026.0,1,,847,0.8301464524094432,,,,,117.3022458313476,117.3022458313476,273.7052402731444,469.2089833253904
pitchers,Z_Contact,rate,2026.0,14,,165,0.8119388137851161,,,,,91.77027466954296,91.77027466954296,214.13064089560024,367.0810986781719
pitchers,Z_Contact,rate,2026.0,16,,5,0.8238905725325417,,,,,162.28846973919718,162.28846973919718,378.6730960581268,649.1538789567887
pitchers,Z_Contact,rate,2026.0,11,,574,0.8246866688582664,,,,,82.57011222503859,82.57011222503859,192.66359519175668,330.2804489001544
pitchers,Chase,rate,2026.0,1,,1138,0.2993225482210824,,,,,140.56776764513106,140.56776764513106,327.9914578386391,562.2710705805242
pitchers,Chase,rate,2026.0,11,,655,0.29976372276834734,,,,,146.3886257722097,146.3886257722097,341.573460135156,585.5545030888388
pitchers,Chase,rate,2026.0,14,,216,0.29130620392047324,,,,,110.4372683112778,110.4372683112778,257.6869593929815,441.7490732451112
pitchers,Chase,rate,2026.0,16,,19,0.29037945007461174,,,,,67.21780835564205,67.21780835564205,156.84155282983144,268.8712334225682
pitchers,CSW,rate,2026.0,14,,232,0.2922407604798562,,,,,148.6973173962465,148.6973173962465,346.96040725790846,594.789269584986
pitchers,CSW,rate,2026.0,1,,1310,0.27667739435282657,,,,,214.0783228394666,214.0783228394666,499.5160866254221,856.3132913578664
pitchers,CSW,rate,2026.0,11,,680,0.2799122005662995,,,,,206.3309286526152,206.3309286526152,481.43883352276873,825.3237146104607
pitchers,CSW,rate,2026.0,16,,27,0.28299984294489106,,,,,256.8199805234072,256.8199805234072,599.2466212212835,1027.2799220936288
pitchers,pWhiff,mean,2026.0,16,,13,0.2505095220408349,,,,,25.66959798891072,25.66959798891072,59.89572864079168,102.6783919556429
pitchers,pWhiff,mean,2026.0,14,,203,0.2676672479096653,,,,,27.52444260039286,27.52444260039286,64.22369940091667,110.09777040157144
pitchers,pWhiff,mean,2026.0,1,,1011,0.2764940000129001,,,,,13.433996081721164,13.433996081721164,31.345990857349385,53.73598432688466
pitchers,pWhiff,mean,2026.0,11,,623,0.2696461105251557,,,,,17.40313273845238,17.40313273845238,40.60730972305556,69.61253095380953
pitchers,FA_pct,rate,2026.0,1,,1310,0.48734131172279477,,,,,10.641696901823082,10.641696901823082,24.830626104253856,42.566787607292326
pitchers,FA_pct,rate,2026.0,16,,27,0.5719795376444131,,,,,18.001360293287412,18.001360293287412,42.003174017670624,72.00544117314965
pitchers,FA_pct,rate,2026.0,14,,232,0.5220546949799483,,,,,14.514083119490818,14.514083119490818,33.86619394547858,58.05633247796328
pitchers,FA_pct,rate,2026.0,11,,680,0.49141746457272095,,,,,15.826630388913866,15.826630388913866,36.92880424079902,63.306521555655465
pitchers,LA_lte_0,rate,2026.0,1,,665,0.31923413044567855,,,,,56.40355537291632,56.40355537291632,131.60829587013808,225.6142214916653
pitchers,LA_lte_0,rate,2026.0,16,,1,0.3518120915742398,,,,,43.49274121833702,43.49274121833702,101.48306284278635,173.97096487334807
pitchers,LA_lte_0,rate,2026.0,14,,116,0.3407999302169169,,,,,69.35121893265351,69.35121893265351,161.8195108428582,277.40487573061404
pitchers,LA_lte_0,rate,2026.0,11,,479,0.3246403806040422,,,,,58.43695124847684,58.43695124847684,136.35288624644596,233.74780499390735
pitchers,LD_pct,rate,2026.0,11,,479,0.2681766236389331,,,,,5261.129751264933,5261.129751264933,12275.969419618175,21044.51900505973
pitchers,LD_pct,rate,2026.0,16,,1,0.2328518863915283,,,,,17863187.539543513,17863187.539543513,41680770.92560153,71452750.15817405
pitchers,LD_pct,rate,2026.0,1,,665,0.27213462064857175,,,,,5899.085423932714,5899.085423932714,13764.532655843,23596.34169573086
pitchers,LD_pct,rate,2026.0,14,,116,0.2550535215649598,,,,,649.9934166580051,649.9934166580051,1516.6513055353453,2599.9736666320205
pitchers,LA_gte_20,rate,2026.0,16,,1,0.3994829241517221,,,,,40.54316735025616,40.54316735025616,94.60072381726438,162.17266940102465
pitchers,LA_gte_20,rate,2026.0,14,,116,0.38889397089011757,,,,,61.28428443958435,61.28428443958435,142.99666369236346,245.1371377583374
pitchers,LA_gte_20,rate,2026.0,1,,665,0.4025621329503099,,,,,51.33734830105025,51.33734830105025,119.78714603578392,205.34939320420105
pitchers,LA_gte_20,rate,2026.0,11,,479,0.3956301632499834,,,,,61.07360361701488,61.07360361701488,142.50507510636805,244.29441446805956
pitchers,BB_rpm,mean,2026.0,14,,186,2430.0783280448045,,,,,0.8910610795148973,0.8910610795148973,2.079142518868094,3.5642443180595897
pitchers,BB_rpm,mean,2026.0,11,,587,2390.2963585232174,,,,,1.1509889487207077,1.1509889487207077,2.685640880348318,4.603955794882831
pitchers,BB_rpm,mean,2026.0,1,,946,2419.4201267247026,,,,,0.5321838329924241,0.5321838329924241,1.2417622769823229,2.128735331969697
pitchers,BB_rpm,mean,2026.0,16,,5,2439.856686359121,,,,,0.7352894617317539,0.7352894617317539,1.7156754107074257,2.941157846927016
pitchers,FA_spin_eff,mean,2026.0,14,,205,0.7655520107196595,,,,,0.8139583528696711,0.8139583528696711,1.8992361566958995,3.255833411478685
pitchers,FA_spin_eff,mean,2026.0,11,,635,0.6991699655793431,,,,,0.9970759421858052,0.9970759421858052,2.326510531766879,3.9883037687432217
pitchers,FA_spin_eff,mean,2026.0,16,,18,0.6961817109619869,,,,,0.6872751593989723,0.6872751593989723,1.603642038597602,2.7491006375958893
pitchers,FA_spin_eff,mean,2026.0,1,,1053,0.7156527766852147,,,,,0.8565828772009575,0.8565828772009575,1.9986933801355675,3.4263315088038304
pitchers,fastball_velo,mean,2026.0,14,,205,92.9064905656871,,,,,0.0040349323323917,0.0040349323323917,0.009414842108914,0.0161397293295669
pitchers,fastball_velo,mean,2026.0,11,,638,92.97873683234565,,,,,0.0020135259907129,0.0020135259907129,0.0046982273116634,0.0080541039628516
pitchers,fastball_velo,mean,2026.0,16,,18,92.25376988757027,,,,,0.0178246342256458,0.0178246342256458,0.0415908131931737,0.0712985369025835
pitchers,fastball_velo,mean,2026.0,1,,1060,93.99061251490541,,,,,0.0006271032756239,0.0006271032756239,0.0014632409764557,0.0025084131024956
pitchers,fastball_vaa,mean,2026.0,14,,205,4.97594426051653,,,,,0.0121102370482857,0.0121102370482857,0.0282572197793335,0.0484409481931431
pitchers,fastball_vaa,mean,2026.0,1,,1060,4.900815664629467,,,,,0.0062037159295309,0.0062037159295309,0.0144753371689055,0.0248148637181238
pitchers,fastball_vaa,mean,2026.0,11,,638,5.071054061457233,,,,,0.0217543256786448,0.0217543256786448,0.0507600932501712,0.0870173027145792
pitchers,fastball_vaa,mean,2026.0,16,,18,5.17594982685631,,,,,0.1404070895477848,0.1404070895477848,0.3276165422781647,0.5616283581911395
pitchers,stuff_raw,mean,2026.0,11,,680,0.017025914019303066,,,,,4.934457204509009,4.934457204509009,11.513733477187689,19.73782881803604
pitchers,stuff_raw,mean,2026.0,1,,1310,0.01563870328426652,,,,,2.8683055100761785,2.8683055100761785,6.692712856844416,11.473222040304714
pitchers,stuff_raw,mean,2026.0,16,,27,0.021402329365335676,,,,,10.857398475275325,10.857398475275325,25.333929775642424,43.429593901101306
pitchers,stuff_raw,mean,2026.0,14,,232,0.01742651585928257,,,,,7.534095010141208,7.534095010141208,17.57955502366282,30.136380040564838
pitchers,rel_z,mean,2026.0,16,,27,5.728680296725663,,,,,0.1195160747942168,0.1195160747942168,0.278870841186506,0.4780642991768675
pitchers,rel_z,mean,2026.0,11,,678,5.764841200681902,,,,,0.0765419743862741,0.0765419743862741,0.1785979402346395,0.3061678975450964
pitchers,rel_z,mean,2026.0,1,,1289,5.709257054036599,,,,,0.0652026178780613,0.0652026178780613,0.1521394417154764,0.2608104715122454
pitchers,rel_z,mean,2026.0,14,,232,5.757358174124735,,,,,0.1092910068667615,0.1092910068667615,0.255012349355777,0.4371640274670463
pitchers,rel_x,mean,2026.0,11,,678,-0.9100355836067514,,,,,0.0221709727734644,0.0221709727734644,0.0517322698047503,0.0886838910938576
pitchers,rel_x,mean,2026.0,14,,232,-1.0149469830685804,,,,,0.0371920139459183,0.0371920139459183,0.0867813658738094,0.1487680557836734
pitchers,rel_x,mean,2026.0,1,,1289,-0.8326353986082113,,,,,0.0165448738424534,0.0165448738424534,0.0386047056323913,0.0661794953698137
pitchers,rel_x,mean,2026.0,16,,27,-1.1677812049476122,,,,,0.0261412525823068,0.0261412525823068,0.0609962560253827,0.1045650103292275
pitchers,ext,mean,2026.0,16,,27,6.212298910908121,,,,,0.1605522828899047,0.1605522828899047,0.3746219934097777,0.6422091315596189
pitchers,ext,mean,2026.0,11,,678,6.277684340182056,,,,,0.1063233624801578,0.1063233624801578,0.248087845787035,0.4252934499206315
pitchers,ext,mean,2026.0,1,,1292,6.3361292557663695,,,,,0.0840893268574174,0.0840893268574174,0.1962084293339739,0.3363573074296696
pitchers,ext,mean,2026.0,14,,232,6.206011617858443,,,,,0.1574286260093398,0.1574286260093398,0.3673334606884597,0.6297145040373596
pitchers,arm_angle,mean,2026.0,1,,619,37.20859974979336,,,,,0.0914330458397271,0.0914330458397271,0.2133437736260299,0.3657321833589084
pitch_types,SwStr,rate,2026.0,11,CH,256,0.15001377144802117,,,,,43.03577802476602,43.03577802476602,100.4168153911207,172.1431120990641
pitch_types,SwStr,rate,2026.0,11,SI,284,0.06686732909998216,,,,,169.72922973106455,169.72922973106455,396.0348693724839,678.9169189242582
pitch_types,SwStr,rate,2026.0,16,SI,1,0.0799347541912296,,,,,7354517.926361738,7354517.926361738,17160541.82817739,29418071.70544695
pitch_types,SwStr,rate,2026.0,16,FA,15,0.10334570804449768,,,,,104.60441902602484,104.60441902602484,244.07697772739127,418.41767610409937
pitch_types,SwStr,rate,2026.0,14,SW,33,0.15482046630761687,,,,,82.14431354246928,82.14431354246928,191.67006493242832,328.5772541698771
pitch_types,SwStr,rate,2026.0,11,FS,55,0.16428246936706442,,,,,45.92761969668613,45.92761969668613,107.16444595893432,183.71047878674452
pitch_types,SwStr,rate,2026.0,1,SL,711,0.14224148683789117,,,,,65.94454533516341,65.94454533516341,153.87060578204796,263.77818134065365
pitch_types,SwStr,rate,2026.0,1,FA,863,0.10080343186594179,,,,,91.05730973785816,91.05730973785816,212.4670560550024,364.2292389514327
pitch_types,SwStr,rate,2026.0,1,CU,262,0.11728683456678286,,,,,79.36724104391779,79.36724104391779,185.19022910247483,317.46896417567115
pitch_types,SwStr,rate,2026.0,11,SW,232,0.1521411171973257,,,,,116.8994329731046,116.8994329731046,272.7653436039108,467.5977318924185
pitch_types,SwStr,rate,2026.0,14,CH,57,0.16159779627308082,,,,,72.47034496583377,72.47034496583377,169.09747158694546,289.8813798633352
pitch_types,SwStr,rate,2026.0,14,SL,155,0.158571248704114,,,,,97.74737488348804,97.74737488348804,228.07720806147208,390.9894995339522
pitch_types,SwStr,rate,2026.0,1,HC,32,0.10770881747130846,,,,,297.54697927074216,297.54697927074216,694.276284965065,1190.1879170829689
pitch_types,SwStr,rate,2026.0,16,CH,1,0.2442826922409913,,,,,45.6313545515063,45.6313545515063,106.47316062018136,182.5254182060252
pitch_types,SwStr,rate,2026.0,14,SI,44,0.07884890084042104,,,,,46.12079802927666,46.12079802927666,107.61519540164556,184.48319211710665
pitch_types,SwStr,rate,2026.0,11,FA,553,0.10422326128138232,,,,,78.01234187114677,78.01234187114677,182.02879769934248,312.0493674845871
pitch_types,SwStr,rate,2026.0,16,CU,11,0.1379495958634422,,,,,26.93921246019211,26.93921246019211,62.85816240711492,107.75684984076844
pitch_types,SwStr,rate,2026.0,1,SI,460,0.06577198896885053,,,,,143.73430581114195,143.73430581114195,335.3800468926645,574.9372232445678
pitch_types,SwStr,rate,2026.0,1,SW,338,0.14387281002663452,,,,,58.85936044833435,58.85936044833435,137.33850771278014,235.43744179333743
pitch_types,SwStr,rate,2026.0,11,HC,19,0.10313266602143893,,,,,168.83887371270225,168.83887371270225,393.95737199630526,675.355494850809
pitch_types,SwStr,rate,2026.0,14,FA,193,0.10398491356592784,,,,,105.6820196129024,105.6820196129024,246.59137909677224,422.7280784516096
pitch_types,SwStr,rate,2026.0,14,FS,11,0.16938115105727766,,,,,120.4976179046025,120.4976179046025,281.1611084440725,481.9904716184101
pitch_types,SwStr,rate,2026.0,11,CU,159,0.12080917265286013,,,,,72.49018269834647,72.49018269834647,169.1437596294751,289.9607307933859
pitch_types,SwStr,rate,2026.0,1,CH,399,0.15989930601841276,,,,,52.11976584916207,52.11976584916207,121.61278698137816,208.4790633966483
pitch_types,SwStr,rate,2026.0,11,SL,476,0.14432804489025705,,,,,69.31598718859709,69.31598718859709,161.73730344005986,277.2639487543884
pitch_types,SwStr,rate,2026.0,16,SL,3,0.1812193275035009,,,,,68.40799231872163,68.40799231872163,159.6186487436838,273.6319692748865
pitch_types,SwStr,rate,2026.0,14,CU,35,0.1368544201459145,,,,,127.34140085001825,127.34140085001825,297.1299353167092,509.365603400073
pitch_types,SwStr,rate,2026.0,1,FS,80,0.17944428937353146,,,,,77.40385547042378,77.40385547042378,180.60899609765548,309.6154218816951
pitch_types,Ball_pct,rate,2026.0,11,CU,159,0.4419368515639633,,,,,74.18802988519225,74.18802988519225,173.1054030654486,296.752119540769
pitch_types,Ball_pct,rate,2026.0,11,FS,55,0.4550532776222117,,,,,44.3160435145085,44.3160435145085,103.40410153385317,177.264174058034
pitch_types,Ball_pct,rate,2026.0,16,SL,3,0.360408965394369,,,,,159.98012851958302,159.98012851958302,373.2869665456937,639.9205140783321
pitch_types,Ball_pct,rate,2026.0,14,CU,35,0.44870001984840957,,,,,68.51086762399132,68.51086762399132,159.8586911226464,274.04347049596527
pitch_types,Ball_pct,rate,2026.0,14,SW,33,0.4244456347062215,,,,,64.91059755876277,64.91059755876277,151.45806097044647,259.6423902350511
pitch_types,Ball_pct,rate,2026.0,11,FA,553,0.37744838721299756,,,,,106.17264510835857,106.17264510835857,247.7361719195033,424.6905804334343
pitch_types,Ball_pct,rate,2026.0,1,HC,32,0.3597779516776972,,,,,107.48436764097038,107.48436764097038,250.79685782893085,429.9374705638815
pitch_types,Ball_pct,rate,2026.0,11,SW,232,0.40227724610435306,,,,,77.72844936844476,77.72844936844476,181.36638185970443,310.913797473779
pitch_types,Ball_pct,rate,2026.0,14,FA,193,0.3813323578903958,,,,,68.7565204788755,68.7565204788755,160.43188111737618,275.026081915502
pitch_types,Ball_pct,rate,2026.0,11,SI,284,0.3545947962416804,,,,,96.55854443719858,96.55854443719858,225.3032703534633,386.2341777487944
pitch_types,Ball_pct,rate,2026.0,1,CU,262,0.4307637583168971,,,,,65.83482217167011,65.83482217167011,153.61458506723025,263.33928868668045
pitch_types,Ball_pct,rate,2026.0,11,SL,476,0.37789421942242024,,,,,92.8905989112405,92.8905989112405,216.74473079289453,371.56239564496207
pitch_types,Ball_pct,rate,2026.0,1,SW,338,0.4024057568302887,,,,,88.96395466417101,88.96395466417101,207.5825608830657,355.8558186566841
pitch_types,Ball_pct,rate,2026.0,11,HC,19,0.3832834616955198,,,,,103.29038330635512,103.29038330635512,241.0108943814953,413.1615332254205
pitch_types,Ball_pct,rate,2026.0,1,CH,399,0.4311319759016514,,,,,48.29143026544827,48.29143026544827,112.68000395271264,193.16572106179308
pitch_types,Ball_pct,rate,2026.0,14,SI,44,0.3659580073533934,,,,,79.68259425643612,79.68259425643612,185.9260532650176,318.7303770257445
pitch_types,Ball_pct,rate,2026.0,14,SL,155,0.39324219472748284,,,,,89.6180085135752,89.6180085135752,209.1086865316755,358.4720340543009
pitch_types,Ball_pct,rate,2026.0,1,FS,80,0.4287093049992544,,,,,122.49909041097476,122.49909041097476,285.83121095894114,489.9963616438992
pitch_types,Ball_pct,rate,2026.0,1,FA,863,0.3688090047328042,,,,,97.09267730079075,97.09267730079075,226.54958036851176,388.3707092031631
pitch_types,Ball_pct,rate,2026.0,14,CH,57,0.4320607144564041,,,,,65.9989765070486,65.9989765070486,153.99761184978004,263.9959060281944
pitch_types,Ball_pct,rate,2026.0,16,CU,11,0.4496844276844861,,,,,16.23137875073922,16.23137875073922,37.87321708505818,64.92551500295689
pitch_types,Ball_pct,rate,2026.0,1,SI,460,0.3404843989906348,,,,,121.1950694444526,121.1950694444526,282.7884953703894,484.78027777781045
pitch_types,Ball_pct,rate,2026.0,1,SL,711,0.37198034069391245,,,,,93.21717405939695,93.21717405939695,217.5067394719262,372.8686962375878
pitch_types,Ball_pct,rate,2026.0,16,FA,15,0.36947897000499214,,,,,68.82264596205438,68.82264596205438,160.58617391146024,275.2905838482175
pitch_types,Ball_pct,rate,2026.0,11,CH,256,0.445340139800311,,,,,63.04843456158814,63.04843456158814,147.113013977039,252.19373824635252
pitch_types,Ball_pct,rate,2026.0,16,SI,1,0.3791519540515962,,,,,330.36767982569967,330.36767982569967,770.8579195932991,1321.470719302799
pitch_types,Ball_pct,rate,2026.0,16,CH,1,0.3624732887898483,,,,,23108639.370371956,23108639.370371956,53920158.53086789,92434557.48148784
pitch_types,Ball_pct,rate,2026.0,14,FS,11,0.42526199742349835,,,,,105.64691719338812,105.64691719338812,246.50947345123896,422.5876687735525
pitch_types,Z_Contact,rate,2026.0,14,SL,32,0.8123512036931757,,,,,65.1659583225874,65.1659583225874,152.05390275270392,260.66383329034966
pitch_types,Z_Contact,rate,2026.0,14,FS,13,0.7627766826684554,,,,,51.195196069505485,51.195196069505485,119.4554574955128,204.78078427802197
pitch_types,Z_Contact,rate,2026.0,11,SI,94,0.8965735253946087,,,,,130.75687009773335,130.75687009773335,305.0993635613778,523.0274803909334
pitch_types,Z_Contact,rate,2026.0,11,FA,298,0.8244586706852716,,,,,56.0162294707425,56.0162294707425,130.7045354317325,224.06491788297004
pitch_types,Z_Contact,rate,2026.0,14,CH,5,0.7737642419157622,,,,,36.3886612889336,36.3886612889336,84.90687634084506,145.55464515573442
pitch_types,Z_Contact,rate,2026.0,14,SW,2,0.8073725756179487,,,,,160.60938009961663,160.60938009961663,374.7552202324388,642.4375203984665
pitch_types,Z_Contact,rate,2026.0,11,CH,38,0.7793136436894643,,,,,29.02885248713848,29.02885248713848,67.73398913665645,116.11540994855392
pitch_types,Z_Contact,rate,2026.0,1,SI,231,0.9036842302202636,,,,,168.24534871453423,168.24534871453423,392.5724803339132,672.9813948581369
pitch_types,Z_Contact,rate,2026.0,1,FS,28,0.7990389623738063,,,,,75.19649363691876,75.19649363691876,175.45848515281045,300.78597454767504
pitch_types,Z_Contact,rate,2026.0,11,FS,6,0.7895820552801156,,,,,242.19704689352983,242.19704689352983,565.1264427515696,968.7881875741192
pitch_types,Z_Contact,rate,2026.0,14,FA,90,0.821569793638264,,,,,74.06971918857528,74.06971918857528,172.8293447733423,296.2788767543011
pitch_types,Z_Contact,rate,2026.0,1,CU,77,0.8601010949198802,,,,,52.606777663943895,52.606777663943895,122.74914788253577,210.4271106557756
pitch_types,Z_Contact,rate,2026.0,1,SW,131,0.8242436085010937,,,,,57.95812116241616,57.95812116241616,135.2356160456377,231.83248464966465
pitch_types,Z_Contact,rate,2026.0,16,FA,21,0.8606432360676667,,,,,11993644.627864124,11993644.627864124,27985170.798349623,47974578.5114565
pitch_types,Z_Contact,rate,2026.0,1,FA,425,0.8334224147586763,,,,,56.79694074092722,56.79694074092722,132.5261950621635,227.1877629637089
pitch_types,Z_Contact,rate,2026.0,1,SL,283,0.8344605059824826,,,,,111.32419787256876,111.32419787256876,259.7564617026605,445.2967914902752
pitch_types,Z_Contact,rate,2026.0,14,CU,2,0.8180089236254804,,,,,54.28825672869685,54.28825672869685,126.67259903362596,217.1530269147874
pitch_types,Z_Contact,rate,2026.0,1,HC,17,0.85013940093134,,,,,460.7721371542911,460.7721371542911,1075.1349866933458,1843.0885486171644
pitch_types,Z_Contact,rate,2026.0,1,CH,140,0.8022511412711635,,,,,26.789708509740823,26.789708509740823,62.50931985606192,107.15883403896328
pitch_types,Z_Contact,rate,2026.0,11,SW,50,0.79794870585851,,,,,69.09046266084141,69.09046266084141,161.2110795419633,276.36185064336564
pitch_types,Z_Contact,rate,2026.0,14,SI,7,0.8764961328019708,,,,,44.63406978501778,44.63406978501778,104.14616283170814,178.53627914007114
pitch_types,Z_Contact,rate,2026.0,11,SL,194,0.8161054390245154,,,,,50.58025613314412,50.58025613314412,118.02059764400292,202.3210245325765
pitch_types,Z_Contact,rate,2026.0,11,CU,8,0.8334215432330425,,,,,51.612924755284304,51.612924755284304,120.43015776233004,206.4516990211372
pitch_types,Z_Contact,rate,2026.0,11,HC,10,0.8303082201069623,,,,,1482.765618908741,1482.765618908741,3459.7864441203965,5931.062475634966
pitch_types,Chase,rate,2026.0,11,SI,192,0.2655534164476779,,,,,66.2063678210374,66.2063678210374,154.48152491575394,264.82547128414967
pitch_types,Chase,rate,2026.0,1,CH,315,0.346963358700373,,,,,44.44290220724471,44.44290220724471,103.70010515023765,177.77160882897886
pitch_types,Chase,rate,2026.0,16,FA,3,0.2999609551883134,,,,,53.03086006955154,53.03086006955154,123.73867349562026,212.1234402782062
pitch_types,Chase,rate,2026.0,14,FS,7,0.3140044277373214,,,,,97.71505846676342,97.71505846676342,228.00180308911465,390.8602338670537
pitch_types,Chase,rate,2026.0,11,CH,185,0.32512962067170137,,,,,59.19221361549175,59.19221361549175,138.11516510281407,236.768854461967
pitch_types,Chase,rate,2026.0,1,CU,209,0.29962185062774915,,,,,43.466879676732766,43.466879676732766,101.4227192457098,173.8675187069311
pitch_types,Chase,rate,2026.0,11,HC,15,0.2774784679387758,,,,,82.3263440358878,82.3263440358878,192.09480275040488,329.30537614355126
pitch_types,Chase,rate,2026.0,1,HC,26,0.2951810106328409,,,,,210.0374776684692,210.0374776684692,490.0874478930947,840.1499106738767
pitch_types,Chase,rate,2026.0,14,CU,26,0.2695867163733627,,,,,42.59182111647558,42.59182111647558,99.380915938443,170.36728446590232
pitch_types,Chase,rate,2026.0,16,SL,24,0.3108388881695978,,,,,21421806.377108607,21421806.377108607,49984214.87992008,85687225.50843444
pitch_types,Chase,rate,2026.0,14,SW,23,0.30620843774181283,,,,,54.713142526966166,54.713142526966166,127.66399922958772,218.85257010786464
pitch_types,Chase,rate,2026.0,14,FA,158,0.2738316080459829,,,,,74.8202012840382,74.8202012840382,174.5804696627558,299.2808051361528
pitch_types,Chase,rate,2026.0,1,SL,506,0.32022624075357303,,,,,72.71043873162468,72.71043873162468,169.6576903737909,290.8417549264987
pitch_types,Chase,rate,2026.0,11,CU,112,0.26808707643463753,,,,,52.49001285982563,52.49001285982563,122.47669667292648,209.96005143930256
pitch_types,Chase,rate,2026.0,11,SL,386,0.3086958784735164,,,,,76.58785615403745,76.58785615403745,178.70499769275406,306.3514246161498
pitch_types,Chase,rate,2026.0,1,FS,64,0.3764411258775564,,,,,89.93582325724286,89.93582325724286,209.8502542669,359.7432930289715
pitch_types,Chase,rate,2026.0,14,SL,121,0.31384538214387503,,,,,96.49607319787545,96.49607319787545,225.15750412837605,385.9842927915018
pitch_types,Chase,rate,2026.0,1,SW,266,0.30381248907918657,,,,,70.15938482935954,70.15938482935954,163.70523126850557,280.6375393174381
pitch_types,Chase,rate,2026.0,11,SW,177,0.3133762977297006,,,,,89.95468358183251,89.95468358183251,209.89426169094253,359.81873432733005
pitch_types,Chase,rate,2026.0,11,FS,43,0.3391866023204751,,,,,33.75319576319028,33.75319576319028,78.75745678077732,135.0127830527611
pitch_types,Chase,rate,2026.0,1,SI,342,0.28481129255459847,,,,,52.28915881040711,52.28915881040711,122.00803722428326,209.1566352416285
pitch_types,Chase,rate,2026.0,11,FA,466,0.29397413613043066,,,,,72.05047536559543,72.05047536559543,168.117775853056,288.2019014623818
pitch_types,Chase,rate,2026.0,14,SI,28,0.27475113692265113,,,,,99.7190460668112,99.7190460668112,232.6777741558928,398.87618426724487
pitch_types,Chase,rate,2026.0,1,FA,627,0.30606797078052245,,,,,85.51884805263153,85.51884805263153,199.5439787894736,342.07539221052616
pitch_types,Chase,rate,2026.0,14,CH,38,0.3192393941360891,,,,,100.26824857924537,100.26824857924537,233.95924668490585,401.0729943169815
pitch_types,CSW,rate,2026.0,1,HC,32,0.2752462575100947,,,,,196.04018863342645,196.04018863342645,457.4271068113284,784.1607545337058
pitch_types,CSW,rate,2026.0,1,SW,338,0.30553890915366516,,,,,72.32205579214174,72.32205579214174,168.7514635149974,289.28822316856696
pitch_types,CSW,rate,2026.0,11,SL,476,0.3011962093906162,,,,,107.35809922050773,107.35809922050773,250.502231514518,429.4323968820309
pitch_types,CSW,rate,2026.0,1,FS,80,0.24851211104201718,,,,,103.92404560389495,103.92404560389495,242.48943974242152,415.6961824155798
pitch_types,CSW,rate,2026.0,14,SW,33,0.3074966047387611,,,,,111.34277293265468,111.34277293265468,259.7998035095276,445.3710917306188
pitch_types,CSW,rate,2026.0,1,SL,711,0.30547381716241556,,,,,126.28280127679838,126.28280127679838,294.6598696458629,505.1312051071935
pitch_types,CSW,rate,2026.0,16,FA,15,0.25723575834819074,,,,,234.34178906372867,234.34178906372867,546.7975078153669,937.3671562549148
pitch_types,CSW,rate,2026.0,11,CU,159,0.3048400593136918,,,,,106.3648063723457,106.3648063723457,248.18454820214,425.4592254893828
pitch_types,CSW,rate,2026.0,11,SI,284,0.2723763156254344,,,,,134.57532187257706,134.57532187257706,314.0090843693465,538.3012874903083
pitch_types,CSW,rate,2026.0,14,FA,193,0.2755964177500644,,,,,97.50449073562774,97.50449073562774,227.51047838313136,390.017962942511
pitch_types,CSW,rate,2026.0,14,CU,35,0.3140830107720972,,,,,390.0908163859649,390.0908163859649,910.2119049005848,1560.3632655438596
pitch_types,CSW,rate,2026.0,14,CH,57,0.2696404340507385,,,,,77.86849640155933,77.86849640155933,181.6931582703051,311.4739856062373
pitch_types,CSW,rate,2026.0,1,FA,863,0.259132514165225,,,,,174.6870378853885,174.6870378853885,407.6030883992398,698.748151541554
pitch_types,CSW,rate,2026.0,11,FS,55,0.24069770967961357,,,,,43.54365118527036,43.54365118527036,101.60185276563084,174.17460474108145
pitch_types,CSW,rate,2026.0,14,SI,44,0.2700004621642589,,,,,66.68769527550008,66.68769527550008,155.60462230950017,266.7507811020004
pitch_types,CSW,rate,2026.0,14,SL,155,0.3110774126112291,,,,,109.7909138407492,109.7909138407492,256.17879896174816,439.1636553629968
pitch_types,CSW,rate,2026.0,16,SL,3,0.3709194981011686,,,,,223.9798271657612,223.9798271657612,522.6195967201095,895.9193086630448
pitch_types,CSW,rate,2026.0,16,CU,11,0.3224779703959013,,,,,28.561369178964565,28.561369178964565,66.64319475091732,114.24547671585827
pitch_types,CSW,rate,2026.0,11,SW,232,0.30329870323338104,,,,,88.24848079219367,88.24848079219367,205.9131218484519,352.9939231687747
pitch_types,CSW,rate,2026.0,11,CH,256,0.2371343223631398,,,,,65.547798400634,65.547798400634,152.94486293481265,262.19119360253603
pitch_types,CSW,rate,2026.0,11,HC,19,0.26225389229660706,,,,,115.51948573843636,115.51948573843636,269.5454667230182,462.0779429537455
pitch_types,CSW,rate,2026.0,1,SI,460,0.27509614354883566,,,,,165.40793251115696,165.40793251115696,385.9518425260329,661.631730044628
pitch_types,CSW,rate,2026.0,14,FS,11,0.2806862583225647,,,,,110.8369887041904,110.8369887041904,258.61964030977754,443.3479548167616
pitch_types,CSW,rate,2026.0,1,CH,399,0.24869335582866486,,,,,84.24762152133546,84.24762152133546,196.57778354978277,336.99048608534184
pitch_types,CSW,rate,2026.0,1,CU,262,0.30631592004430663,,,,,116.91463400764567,116.91463400764567,272.8008126845065,467.6585360305828
pitch_types,CSW,rate,2026.0,16,SI,1,0.2533760302415665,,,,,18917660.75405913,18917660.75405913,44141208.42613797,75670643.01623651
pitch_types,CSW,rate,2026.0,16,CH,1,0.3556502428723979,,,,,22916313.761720225,22916313.761720225,53471398.77734719,91665255.0468809
pitch_types,CSW,rate,2026.0,11,FA,553,0.2633544703911688,,,,,133.8213716621909,133.8213716621909,312.2498672117788,535.2854866487636
pitch_types,pred_whiff_pct,mean,2026.0,1,CH,253,0.4000020656554127,,,,,5.9824852629563,5.9824852629563,13.959132280231366,23.9299410518252
pitch_types,pred_whiff_pct,mean,2026.0,11,FS,29,0.4041367179397592,,,,,8.798616520908197,8.798616520908197,20.530105215452465,35.19446608363279
pitch_types,pred_whiff_pct,mean,2026.0,1,FS,54,0.45523752149503843,,,,,9.94512079675984,9.94512079675984,23.205281859106293,39.78048318703936
pitch_types,pred_whiff_pct,mean,2026.0,11,SI,164,0.17270171978142093,,,,,10.36075749074976,10.36075749074976,24.17510081174944,41.44302996299905
pitch_types,pred_whiff_pct,mean,2026.0,14,SL,91,0.3436705080403761,,,,,14.364729914953289,14.364729914953289,33.51770313489101,57.45891965981316
pitch_types,pred_whiff_pct,mean,2026.0,11,SL,335,0.3402487741470137,,,,,10.049955694858944,10.049955694858944,23.449896621337537,40.19982277943578
pitch_types,pred_whiff_pct,mean,2026.0,1,SW,212,0.33523055798224466,,,,,10.192312380364372,10.192312380364372,23.7820622208502,40.76924952145749
pitch_types,pred_whiff_pct,mean,2026.0,11,SW,136,0.3198003183007365,,,,,11.10030675861538,11.10030675861538,25.900715770102558,44.40122703446153
pitch_types,pred_whiff_pct,mean,2026.0,16,FA,1,0.1977980708534921,,,,,10.503304501695926,10.503304501695926,24.50771050395716,42.01321800678371
pitch_types,pred_whiff_pct,mean,2026.0,1,CU,144,0.3035347411720231,,,,,10.7286148129458,10.7286148129458,25.0334345635402,42.9144592517832
pitch_types,pred_whiff_pct,mean,2026.0,1,SI,309,0.17268518751143896,,,,,6.8782092248076685,6.8782092248076685,16.04915485788456,27.512836899230678
pitch_types,pred_whiff_pct,mean,2026.0,14,CU,7,0.2695246026322589,,,,,18.591369868671496,18.591369868671496,43.37986302690015,74.36547947468598
pitch_types,pred_whiff_pct,mean,2026.0,11,CU,44,0.27967741380088157,,,,,10.749528964893589,10.749528964893589,25.08223425141837,42.99811585957436
pitch_types,pred_whiff_pct,mean,2026.0,1,HC,24,0.23289294128396806,,,,,12.304818853287244,12.304818853287244,28.711243991003563,49.21927541314897
pitch_types,pred_whiff_pct,mean,2026.0,11,HC,13,0.22986703834564123,,,,,10.206237157518377,10.206237157518377,23.81455336754288,40.82494863007351
pitch_types,pred_whiff_pct,mean,2026.0,1,FA,569,0.2161882171677456,,,,,5.9462682437621694,5.9462682437621694,13.87462590211173,23.78507297504868
pitch_types,pred_whiff_pct,mean,2026.0,14,CH,19,0.3644543683208673,,,,,8.03435351088437,8.03435351088437,18.7468248587302,32.13741404353748
pitch_types,pred_whiff_pct,mean,2026.0,14,SW,12,0.3140745019813821,,,,,22.452805210770823,22.452805210770823,52.38987882513192,89.8112208430833
pitch_types,pred_whiff_pct,mean,2026.0,11,FA,416,0.19947543791256087,,,,,7.287660231376876,7.287660231376876,17.00454053987938,29.150640925507503
pitch_types,pred_whiff_pct,mean,2026.0,14,FS,4,0.3936570852098607,,,,,5.266119814377193,5.266119814377193,12.28761290021345,21.064479257508776
pitch_types,pred_whiff_pct,mean,2026.0,11,CH,127,0.3708959597731174,,,,,6.620121618670135,6.620121618670135,15.446950443563647,26.48048647468054
pitch_types,pred_whiff_pct,mean,2026.0,14,FA,132,0.20690655768265903,,,,,9.377484382539194,9.377484382539194,21.88079689259145,37.509937530156776
pitch_types,pred_whiff_pct,mean,2026.0,1,SL,437,0.34382384008581174,,,,,8.991647239283418,8.991647239283418,20.98051022499464,35.96658895713367
pitch_types,pred_whiff_pct,mean,2026.0,14,SI,17,0.17545956292907605,,,,,12.248404256574384,12.248404256574384,28.579609932006896,48.99361702629754
pitch_types,stuff_raw,mean,2026.0,1,FA,863,0.014200691335891441,,,,,3.020048455237673,3.020048455237673,7.046779728887904,12.080193820950694
pitch_types,stuff_raw,mean,2026.0,11,HC,19,0.017448217983700377,,,,,4.565948174864357,4.565948174864357,10.6538790746835,18.26379269945743
pitch_types,stuff_raw,mean,2026.0,16,CH,1,0.0205804628732301,,,,,53.99612295150076,53.99612295150076,125.99095355350178,215.98449180600304
pitch_types,stuff_raw,mean,2026.0,16,FA,15,0.020567939550102388,,,,,8.605389287416164,8.605389287416164,20.079241670637717,34.421557149664665
pitch_types,stuff_raw,mean,2026.0,11,FS,55,0.014742012594282808,,,,,8.296741314404311,8.296741314404311,19.359063066943392,33.186965257617246
pitch_types,stuff_raw,mean,2026.0,1,CU,262,0.016262751443684824,,,,,6.534666088208939,6.534666088208939,15.247554205820858,26.13866435283576
pitch_types,stuff_raw,mean,2026.0,11,SI,284,0.021316367784746004,,,,,12.569290867867084,12.569290867867084,29.32834535835653,50.27716347146834
pitch_types,stuff_raw,mean,2026.0,1,SI,460,0.019722803728295112,,,,,8.663222258967844,8.663222258967844,20.21418527092497,34.652889035871375
pitch_types,stuff_raw,mean,2026.0,1,SW,338,0.012457577478219522,,,,,5.772960922023468,5.772960922023468,13.47024215138809,23.09184368809387
pitch_types,stuff_raw,mean,2026.0,14,SI,44,0.02206137425077979,,,,,12.380264952497168,12.380264952497168,28.887284889160057,49.52105980998867
pitch_types,stuff_raw,mean,2026.0,1,SL,711,0.0131688597152065,,,,,6.2728552601836,6.2728552601836,14.636662273761733,25.091421040734403
pitch_types,stuff_raw,mean,2026.0,11,CH,256,0.01771592439890162,,,,,5.02128682762887,5.02128682762887,11.71633593113403,20.08514731051548
pitch_types,stuff_raw,mean,2026.0,14,FA,193,0.016411288389378324,,,,,7.4635358744412175,7.4635358744412175,17.41491704036284,29.854143497764877
pitch_types,stuff_raw,mean,2026.0,16,CU,11,0.0211088172652447,,,,,3.394548129285962,3.394548129285962,7.920612301667244,13.578192517143847
pitch_types,stuff_raw,mean,2026.0,14,CH,57,0.018684216969289767,,,,,6.015421815814246,6.015421815814246,14.035984236899909,24.06168726325699
pitch_types,stuff_raw,mean,2026.0,16,SL,3,0.020008837577856,,,,,12.444097943518376,12.444097943518376,29.03622853487621,49.77639177407351
pitch_types,stuff_raw,mean,2026.0,11,SL,476,0.014836872381121921,,,,,8.00266030332118,8.00266030332118,18.672874041082757,32.01064121328472
pitch_types,stuff_raw,mean,2026.0,1,HC,32,0.014551625753851194,,,,,5.275783678901417,5.275783678901417,12.31016191743664,21.10313471560567
pitch_types,stuff_raw,mean,2026.0,11,SW,232,0.014633520970349242,,,,,6.565509779129672,6.565509779129672,15.319522817969236,26.26203911651869
pitch_types,stuff_raw,mean,2026.0,14,SW,33,0.017491683842181496,,,,,7.869572862391318,7.869572862391318,18.36233667891308,31.47829144956528
pitch_types,stuff_raw,mean,2026.0,16,SI,1,0.0233041656228551,,,,,9.474687916281434,9.474687916281434,22.107605137990014,37.89875166512574
pitch_types,stuff_raw,mean,2026.0,11,FA,553,0.01692996199241659,,,,,4.93879101460556,4.93879101460556,11.523845700746303,19.75516405842224
pitch_types,stuff_raw,mean,2026.0,1,CH,399,0.014372082034353644,,,,,4.022913302231348,4.022913302231348,9.386797705206476,16.091653208925393
pitch_types,stuff_raw,mean,2026.0,1,FS,80,0.01134134659004859,,,,,7.4410994321784125,7.4410994321784125,17.36256534174963,29.764397728713654
pitch_types,stuff_raw,mean,2026.0,11,CU,159,0.01964426714567549,,,,,7.382482955880734,7.382482955880734,17.225793563721712,29.52993182352294
pitch_types,stuff_raw,mean,2026.0,14,CU,35,0.021493193983121765,,,,,14.531092301366956,14.531092301366956,33.9058820365229,58.12436920546783
pitch_types,stuff_raw,mean,2026.0,14,FS,11,0.015331776630872991,,,,,7.32162667046793,7.32162667046793,17.08379556442517,29.286506681871725
pitch_types,stuff_raw,mean,2026.0,14,SL,155,0.016898901166854167,,,,,8.434718662324975,8.434718662324975,19.68101021209161,33.7388746492999
pitch_types,velo,mean,2026.0,16,SL,3,82.28549282991156,,,,,0.3642744852939473,0.3642744852939473,0.8499737990192102,1.4570979411757892
pitch_types,velo,mean,2026.0,14,CU,35,79.74297110123658,,,,,0.2860232790516549,0.2860232790516549,0.6673876511205281,1.1440931162066197
pitch_types,velo,mean,2026.0,14,FA,193,92.91543859556907,,,,,0.1056471794307711,0.1056471794307711,0.2465100853384659,0.4225887177230845
pitch_types,velo,mean,2026.0,11,FS,55,84.89785302096787,,,,,0.2259426410193801,0.2259426410193801,0.5271994957118871,0.9037705640775208
pitch_types,velo,mean,2026.0,14,SW,33,81.18290635302452,,,,,0.4238520753177188,0.4238520753177188,0.9889881757413438,1.6954083012708754
pitch_types,velo,mean,2026.0,11,CH,256,84.78800890772415,,,,,0.0472178260105404,0.0472178260105404,0.1101749273579276,0.1888713040421616
pitch_types,velo,mean,2026.0,11,CU,159,79.46412867362916,,,,,0.2115493369643447,0.2115493369643447,0.493615119583471,0.846197347857379
pitch_types,velo,mean,2026.0,11,FA,553,93.02757436382817,,,,,0.0559062343464981,0.0559062343464981,0.130447880141829,0.2236249373859927
pitch_types,velo,mean,2026.0,14,CH,57,84.60008920984686,,,,,0.0641439826960568,0.0641439826960568,0.1496692929574659,0.2565759307842273
pitch_types,velo,mean,2026.0,16,CH,1,83.41297604891562,,,,,0.0978443579149933,0.0978443579149933,0.228303501801651,0.3913774316599733
pitch_types,velo,mean,2026.0,14,SI,44,92.86120012303569,,,,,0.3596760524937076,0.3596760524937076,0.8392441224853178,1.4387042099748306
pitch_types,velo,mean,2026.0,1,SL,711,87.13101801064197,,,,,0.4197751064207432,0.4197751064207432,0.9794752483150676,1.6791004256829731
pitch_types,velo,mean,2026.0,14,SL,155,84.67397935607893,,,,,0.4405620177215638,0.4405620177215638,1.0279780413503157,1.7622480708862551
pitch_types,velo,mean,2026.0,1,SI,460,93.7400632864617,,,,,0.1864447846262621,0.1864447846262621,0.4350378307946118,0.7457791385050487
pitch_types,velo,mean,2026.0,11,HC,19,90.97997722289756,,,,,0.2214385086061202,0.2214385086061202,0.5166898534142804,0.8857540344244808
pitch_types,velo,mean,2026.0,16,CU,11,78.80879634607997,,,,,0.3877840984109432,0.3877840984109432,0.9048295629588676,1.5511363936437728
pitch_types,velo,mean,2026.0,11,SL,476,86.32534347272652,,,,,0.4753679594875848,0.4753679594875848,1.1091919054710313,1.9014718379503397
pitch_types,velo,mean,2026.0,16,FA,15,92.2104939530354,,,,,0.3484564541363841,0.3484564541363841,0.8130650596515631,1.3938258165455366
pitch_types,velo,mean,2026.0,1,CH,399,85.99171309198496,,,,,0.0559279783613926,0.0559279783613926,0.1304986161765829,0.2237119134455707
pitch_types,velo,mean,2026.0,1,SW,338,82.49263559431097,,,,,0.2598687477074716,0.2598687477074716,0.6063604113174338,1.0394749908298868
pitch_types,velo,mean,2026.0,1,CU,262,80.49268808127377,,,,,0.1923144463614083,0.1923144463614083,0.4487337081766193,0.7692577854456333
pitch_types,velo,mean,2026.0,11,SW,232,81.72188139012289,,,,,0.2666637931172573,0.2666637931172573,0.6222155172736005,1.0666551724690294
pitch_types,velo,mean,2026.0,1,FS,80,86.05408826327083,,,,,0.1900445510824801,0.1900445510824801,0.4434372858591204,0.7601782043299208
pitch_types,velo,mean,2026.0,1,HC,32,92.08948760872781,,,,,0.2304576335887822,0.2304576335887822,0.5377344783738253,0.9218305343551292
pitch_types,velo,mean,2026.0,14,FS,11,84.82256509753378,,,,,0.2606766271146861,0.2606766271146861,0.608245463267601,1.0427065084587446
pitch_types,velo,mean,2026.0,16,SI,1,92.58268644294202,,,,,0.2838749334206045,0.2838749334206045,0.6623748446480773,1.1354997336824182
pitch_types,velo,mean,2026.0,11,SI,284,92.96516177507198,,,,,0.2139504756592864,0.2139504756592864,0.4992177765383351,0.855801902637146
pitch_types,velo,mean,2026.0,1,FA,863,94.14130574912646,,,,,0.0208918865362259,0.0208918865362259,0.0487477352511939,0.0835675461449039
pitch_types,vaa,mean,2026.0,14,CH,57,7.21857963952847,,,,,0.4305556545216895,0.4305556545216895,1.0046298605506088,1.7222226180867584
pitch_types,vaa,mean,2026.0,16,SI,1,5.753131549145174,,,,,4.0974562313793,4.0974562313793,9.5607312065517,16.3898249255172
pitch_types,vaa,mean,2026.0,14,SL,155,7.400862248319961,,,,,2.628141915988754,2.628141915988754,6.132331137307093,10.512567663955018
pitch_types,vaa,mean,2026.0,1,SL,711,7.089855171302187,,,,,1.1509778934927908,1.1509778934927908,2.685615084816512,4.603911573971163
pitch_types,vaa,mean,2026.0,14,CU,35,9.281487849958927,,,,,2.4836561445639065,2.4836561445639065,5.795197670649115,9.934624578255626
pitch_types,vaa,mean,2026.0,11,CU,159,9.571241827692376,,,,,2.3453369912726227,2.3453369912726227,5.472452979636119,9.381347965090493
pitch_types,vaa,mean,2026.0,14,SW,33,7.698539597395383,,,,,2.721125276469518,2.721125276469518,6.34929231176221,10.884501105878076
pitch_types,vaa,mean,2026.0,1,SW,338,7.593230970524289,,,,,1.6077637288229856,1.6077637288229856,3.751448700586967,6.431054915291943
pitch_types,vaa,mean,2026.0,11,FA,553,5.019061662809043,,,,,0.8862681014554836,0.8862681014554836,2.0679589033961285,3.5450724058219345
pitch_types,vaa,mean,2026.0,1,HC,32,5.246867677522844,,,,,2.579057048279941,2.579057048279941,6.017799779319862,10.316228193119766
pitch_types,vaa,mean,2026.0,1,CU,262,9.50286061778449,,,,,1.9696882078801257,1.9696882078801257,4.595939151720293,7.878752831520503
pitch_types,vaa,mean,2026.0,16,CH,1,7.176881469876696,,,,,2.425074183122744,2.425074183122744,5.658506427286403,9.700296732490976
pitch_types,vaa,mean,2026.0,11,CH,256,7.499443606800632,,,,,0.3809408778067844,0.3809408778067844,0.8888620482158304,1.5237635112271375
pitch_types,vaa,mean,2026.0,11,HC,19,5.33634474129536,,,,,1.5581036408504172,1.5581036408504172,3.635575161984306,6.232414563401669
pitch_types,vaa,mean,2026.0,14,FA,193,4.954225686107563,,,,,0.9636364602714944,0.9636364602714944,2.24848507396682,3.854545841085977
pitch_types,vaa,mean,2026.0,11,FS,55,7.8370781537607845,,,,,3.147217147752695,3.147217147752695,7.343506678089621,12.58886859101078
pitch_types,vaa,mean,2026.0,16,CU,11,8.835689128260638,,,,,1.5224289882501445,1.5224289882501445,3.552334305917003,6.089715953000577
pitch_types,vaa,mean,2026.0,16,FA,15,5.099948856873688,,,,,4.485681296044671,4.485681296044671,10.4665896907709,17.942725184178684
pitch_types,vaa,mean,2026.0,16,SL,3,7.694817368297587,,,,,2.1258974996314337,2.1258974996314337,4.960427499140011,8.503589998525737
pitch_types,vaa,mean,2026.0,11,SI,284,5.9296620913666125,,,,,3.1101550974933807,3.1101550974933807,7.257028560817888,12.440620389973525
pitch_types,vaa,mean,2026.0,1,SI,460,5.804455567188833,,,,,2.3718602516152263,2.3718602516152263,5.534340587102195,9.487441006460903
pitch_types,vaa,mean,2026.0,1,CH,399,7.398791347778795,,,,,1.0317370790273532,1.0317370790273532,2.4073865177304907,4.126948316109413
pitch_types,vaa,mean,2026.0,1,FS,80,7.767979618467321,,,,,3.148464147672846,3.148464147672846,7.346416344569974,12.593856590691386
pitch_types,vaa,mean,2026.0,14,SI,44,5.680282193479727,,,,,3.9072248013403232,3.9072248013403232,9.116857869794089,15.628899205361291
pitch_types,vaa,mean,2026.0,14,FS,11,7.488769408642754,,,,,4.924617709454961,4.924617709454961,11.490774655394908,19.698470837819848
pitch_types,vaa,mean,2026.0,1,FA,863,4.830423274996223,,,,,0.2212572017329986,0.2212572017329986,0.5162668040436634,0.8850288069319946
pitch_types,vaa,mean,2026.0,11,SW,232,7.694209390591349,,,,,1.3990352597336586,1.3990352597336586,3.264415606045203,5.596141038934634
pitch_types,vaa,mean,2026.0,11,SL,476,7.17670361561199,,,,,1.5170062550437555,1.5170062550437555,3.539681261768763,6.068025020175023
pitch_types,haa,mean,2026.0,14,FS,11,-0.4754437920831994,,,,,1.4041479389280378,1.4041479389280378,3.276345190832088,5.616591755712151
pitch_types,haa,mean,2026.0,16,SI,1,-0.1873293512895681,,,,,1.2584622863125314,1.2584622863125314,2.9364120013959067,5.033849145250126
pitch_types,haa,mean,2026.0,16,CU,11,-0.5642028453065279,,,,,0.101095782124918,0.101095782124918,0.2358901582914754,0.4043831284996722
pitch_types,haa,mean,2026.0,11,FA,553,-0.572515880440614,,,,,0.465332892849777,0.465332892849777,1.085776749982813,1.8613315713991083
pitch_types,haa,mean,2026.0,11,SI,284,-0.1763194916767028,,,,,1.0457807392503893,1.0457807392503893,2.4401550582509084,4.183122957001557
pitch_types,haa,mean,2026.0,11,FS,55,-0.5504647851009485,,,,,0.9444514253734876,0.9444514253734876,2.203719992538137,3.7778057014939503
pitch_types,haa,mean,2026.0,1,CU,262,-1.2686660738891884,,,,,0.1201579696102527,0.1201579696102527,0.2803685957572562,0.4806318784410108
pitch_types,haa,mean,2026.0,11,SL,476,-1.367613536129149,,,,,0.1389438089990618,0.1389438089990618,0.3242022209978109,0.5557752359962473
pitch_types,haa,mean,2026.0,11,CH,256,-0.13016010982817794,,,,,1.1473113037458682,1.1473113037458682,2.677059708740359,4.589245214983473
pitch_types,haa,mean,2026.0,14,SI,44,-0.23053606255865647,,,,,1.489883588083912,1.489883588083912,3.476395038862461,5.959534352335648
pitch_types,haa,mean,2026.0,1,SW,338,-1.8341201199724222,,,,,0.0736491904089777,0.0736491904089777,0.1718481109542813,0.2945967616359109
pitch_types,haa,mean,2026.0,14,CU,35,-1.6625488779489361,,,,,0.2021922992327175,0.2021922992327175,0.4717820315430076,0.8087691969308702
pitch_types,haa,mean,2026.0,16,CH,1,-0.001129323578394,,,,,1.1997906298935073,1.1997906298935073,2.7995114697515167,4.799162519574029
pitch_types,haa,mean,2026.0,1,CH,399,-0.03168406524621797,,,,,1.0181867552810366,1.0181867552810366,2.375769095655752,4.0727470211241465
pitch_types,haa,mean,2026.0,16,FA,15,-0.454595601555781,,,,,0.8731484610516553,0.8731484610516553,2.037346409120529,3.492593844206622
pitch_types,haa,mean,2026.0,11,CU,159,-1.263822402396591,,,,,0.1456510446999589,0.1456510446999589,0.3398524376332376,0.5826041787998358
pitch_types,haa,mean,2026.0,11,HC,19,-1.73744192607793,,,,,0.1511200409830947,0.1511200409830947,0.3526134289605544,0.6044801639323791
pitch_types,haa,mean,2026.0,14,SW,33,-2.702994121668781,,,,,0.202049508417982,0.202049508417982,0.4714488529752915,0.8081980336719283
pitch_types,haa,mean,2026.0,14,FA,193,-0.46834432047188057,,,,,1.0039633907921783,1.0039633907921783,2.342581245181749,4.015853563168713
pitch_types,haa,mean,2026.0,1,FS,80,-0.38074111706636965,,,,,1.132296790880542,1.132296790880542,2.642025845387931,4.5291871635221685
pitch_types,haa,mean,2026.0,14,SL,155,-1.6743314019043547,,,,,0.2027889257178825,0.2027889257178825,0.4731741600083924,0.81115570287153
pitch_types,haa,mean,2026.0,1,HC,32,-0.9398006694437249,,,,,0.1256106435044745,0.1256106435044745,0.2930915015104405,0.5024425740178982
pitch_types,haa,mean,2026.0,1,SI,460,-0.09499057348965086,,,,,1.0316240882732526,1.0316240882732526,2.407122872637589,4.12649635309301
pitch_types,haa,mean,2026.0,14,CH,57,-0.1717146154010247,,,,,1.5554382034006626,1.5554382034006626,3.6293558079348793,6.221752813602651
pitch_types,haa,mean,2026.0,11,SW,232,-2.057299650735921,,,,,0.0915655502972423,0.0915655502972423,0.2136529506935653,0.3662622011889693
pitch_types,haa,mean,2026.0,1,SL,711,-1.234415027225629,,,,,0.1068528985452148,0.1068528985452148,0.2493234299388346,0.4274115941808594
pitch_types,haa,mean,2026.0,1,FA,863,-0.47609752942217726,,,,,0.403103900646318,0.403103900646318,0.9405757681747422,1.6124156025852725
pitch_types,haa,mean,2026.0,16,SL,3,-1.7988858763211582,,,,,0.2544659733779915,0.2544659733779915,0.5937539378819803,1.0178638935119662
pitch_types,vbreak,mean,2026.0,1,SW,338,-1.2661485920447582,,,,,0.6526431674391237,0.6526431674391237,1.522834057357955,2.6105726697564946
pitch_types,vbreak,mean,2026.0,16,SL,3,-0.6195980930819076,,,,,0.6401120758377612,0.6401120758377612,1.4935948436214428,2.560448303351045
pitch_types,vbreak,mean,2026.0,11,FS,55,1.33785085375325,,,,,1.0728445865483198,1.0728445865483198,2.5033040352794127,4.29137834619328
pitch_types,vbreak,mean,2026.0,11,CU,159,-12.51665577699401,,,,,0.421311914645799,0.421311914645799,0.9830611341735308,1.685247658583196
pitch_types,vbreak,mean,2026.0,1,CH,399,2.145167555511798,,,,,0.4121290386444847,0.4121290386444847,0.9616344235037976,1.6485161545779392
pitch_types,vbreak,mean,2026.0,1,HC,32,10.199653940873839,,,,,0.3938531727463439,0.3938531727463439,0.9189907364081356,1.5754126909853758
pitch_types,vbreak,mean,2026.0,1,FA,863,14.117821550137958,,,,,0.4026330506363369,0.4026330506363369,0.9394771181514529,1.6105322025453477
pitch_types,vbreak,mean,2026.0,16,FA,15,13.015790340702965,,,,,0.7161574301100844,0.7161574301100844,1.671034003590197,2.864629720440337
pitch_types,vbreak,mean,2026.0,16,SI,1,7.052724274836578,,,,,0.506587910969809,0.506587910969809,1.1820384589295545,2.026351643879236
pitch_types,vbreak,mean,2026.0,14,CH,57,4.3590282473322315,,,,,0.8988346787438288,0.8988346787438288,2.0972809170689337,3.595338714975316
pitch_types,vbreak,mean,2026.0,14,FA,193,14.670575668428894,,,,,0.6573535143154298,0.6573535143154298,1.5338248667360028,2.629414057261719
pitch_types,vbreak,mean,2026.0,1,SI,460,6.450574873979201,,,,,0.254890342561951,0.254890342561951,0.5947441326445524,1.019561370247804
pitch_types,vbreak,mean,2026.0,1,SL,711,1.8559950336145765,,,,,0.6882877392508603,0.6882877392508603,1.606004724918674,2.753150957003441
pitch_types,vbreak,mean,2026.0,14,SW,33,-1.288854931362679,,,,,0.9392109533326976,0.9392109533326976,2.191492224442961,3.75684381333079
pitch_types,vbreak,mean,2026.0,14,SL,155,0.6082098498790233,,,,,0.99510769743933,0.99510769743933,2.32191796069177,3.980430789757321
pitch_types,vbreak,mean,2026.0,11,SW,232,-1.1816606470758515,,,,,0.6891947958201553,0.6891947958201553,1.6081211902470292,2.7567791832806217
pitch_types,vbreak,mean,2026.0,14,CU,35,-11.665577259829188,,,,,0.4190240030741441,0.4190240030741441,0.9777226738396696,1.6760960122965765
pitch_types,vbreak,mean,2026.0,14,SI,44,7.654820866204635,,,,,0.8512387615386035,0.8512387615386035,1.986223776923408,3.4049550461544142
pitch_types,vbreak,mean,2026.0,16,CH,1,4.638268561087519,,,,,0.5477209469210876,0.5477209469210876,1.278015542815871,2.1908837876843505
pitch_types,vbreak,mean,2026.0,11,SL,476,1.7820647625434411,,,,,0.8066574276835344,0.8066574276835344,1.8822006645949136,3.226629710734138
pitch_types,vbreak,mean,2026.0,16,CU,11,-8.040548410321636,,,,,0.2335288022822924,0.2335288022822924,0.5449005386586824,0.93411520912917
pitch_types,vbreak,mean,2026.0,1,CU,262,-12.888085888763674,,,,,0.3172651871342392,0.3172651871342392,0.7402854366465582,1.269060748536957
pitch_types,vbreak,mean,2026.0,14,FS,11,1.9289165339560925,,,,,1.491232036490231,1.491232036490231,3.479541418477205,5.964928145960924
pitch_types,vbreak,mean,2026.0,11,FA,553,13.781994779183243,,,,,0.4554207633437537,0.4554207633437537,1.062648447802092,1.821683053375015
pitch_types,vbreak,mean,2026.0,1,FS,80,1.409214181706943,,,,,0.8051061530059227,0.8051061530059227,1.878581023680486,3.2204246120236912
pitch_types,vbreak,mean,2026.0,11,CH,256,2.7679640943693578,,,,,0.5095360918127213,0.5095360918127213,1.1889175475630165,2.038144367250885
pitch_types,vbreak,mean,2026.0,11,HC,19,9.124141024821123,,,,,0.386943042893172,0.386943042893172,0.902867100084068,1.547772171572688
pitch_types,vbreak,mean,2026.0,11,SI,284,6.280670631765071,,,,,0.3768524744792347,0.3768524744792347,0.8793224404515476,1.5074098979169392
pitch_types,hbreak,mean,2026.0,16,CU,11,1.5183534855161762,,,,,0.0574561309860894,0.0574561309860894,0.1340643056342087,0.2298245239443579
pitch_types,hbreak,mean,2026.0,1,HC,32,0.19224908361305304,,,,,0.8498957876090129,0.8498957876090129,1.9830901710876967,3.399583150436052
pitch_types,hbreak,mean,2026.0,11,CU,159,3.8478992345633998,,,,,0.0962613997701942,0.0962613997701942,0.2246099327971199,0.3850455990807771
pitch_types,hbreak,mean,2026.0,14,CU,35,5.082356964466421,,,,,0.1598823588384155,0.1598823588384155,0.3730588372896362,0.639529435353662
pitch_types,hbreak,mean,2026.0,1,CH,399,-4.717201166098327,,,,,0.0355272020017839,0.0355272020017839,0.0828968046708291,0.1421088080071357
pitch_types,hbreak,mean,2026.0,1,SW,338,6.7110139522125305,,,,,0.0729059581269127,0.0729059581269127,0.1701139022961297,0.291623832507651
pitch_types,hbreak,mean,2026.0,16,FA,15,-5.785794530691094,,,,,0.1445368321809999,0.1445368321809999,0.3372526084223332,0.578147328724
pitch_types,hbreak,mean,2026.0,11,FS,55,-6.675892155378818,,,,,0.2038793886428485,0.2038793886428485,0.4757185734999798,0.815517554571394
pitch_types,hbreak,mean,2026.0,1,FA,863,-3.689556034611798,,,,,0.0816608271467309,0.0816608271467309,0.1905419300090388,0.3266433085869238
pitch_types,hbreak,mean,2026.0,1,FS,80,-8.017010825490663,,,,,0.1437198111300816,0.1437198111300816,0.3353462259701904,0.5748792445203265
pitch_types,hbreak,mean,2026.0,16,SI,1,-9.956783850217278,,,,,0.0449997887888412,0.0449997887888412,0.1049995071739629,0.1799991551553651
pitch_types,hbreak,mean,2026.0,1,CU,262,4.418117399807652,,,,,0.0839335032257255,0.0839335032257255,0.1958448408600262,0.3357340129029021
pitch_types,hbreak,mean,2026.0,14,SL,155,2.0598922190007576,,,,,0.4623593090850432,0.4623593090850432,1.078838387865101,1.8494372363401728
pitch_types,hbreak,mean,2026.0,11,SL,476,1.7152234544769458,,,,,0.460785235577189,0.460785235577189,1.0751655496801076,1.843140942308756
pitch_types,hbreak,mean,2026.0,11,FA,553,-4.401416727764231,,,,,0.0899422084077642,0.0899422084077642,0.2098651529514497,0.3597688336310568
pitch_types,hbreak,mean,2026.0,14,CH,57,-7.779086550576123,,,,,0.0519020242557663,0.0519020242557663,0.1211047232634547,0.2076080970230652
pitch_types,hbreak,mean,2026.0,14,FA,193,-6.204141564692654,,,,,0.0983563671868028,0.0983563671868028,0.22949819010254,0.3934254687472115
pitch_types,hbreak,mean,2026.0,11,SI,284,-7.451442559172475,,,,,0.0297096807032594,0.0297096807032594,0.0693225883076053,0.1188387228130376
pitch_types,hbreak,mean,2026.0,16,SL,3,3.4250982535778176,,,,,0.3612390133352675,0.3612390133352675,0.842891031115624,1.44495605334107
pitch_types,hbreak,mean,2026.0,11,SW,232,7.23340799537546,,,,,0.0894464063041019,0.0894464063041019,0.2087082813762379,0.3577856252164079
pitch_types,hbreak,mean,2026.0,11,HC,19,-0.27804482327533675,,,,,0.803038579600891,0.803038579600891,1.8737566857354124,3.212154318403564
pitch_types,hbreak,mean,2026.0,14,SI,44,-11.055702195862647,,,,,0.0498190448690194,0.0498190448690194,0.116244438027712,0.1992761794760778
pitch_types,hbreak,mean,2026.0,16,CH,1,-7.670596080546017,,,,,0.0598663894702102,0.0598663894702102,0.1396882420971573,0.2394655578808411
pitch_types,hbreak,mean,2026.0,14,SW,33,9.07267556626539,,,,,0.2043185658823677,0.2043185658823677,0.4767433203921912,0.8172742635294707
pitch_types,hbreak,mean,2026.0,1,SI,460,-6.22856908830758,,,,,0.0213665539869802,0.0213665539869802,0.0498552926362872,0.085466215947921
pitch_types,hbreak,mean,2026.0,11,CH,256,-6.4827816807189125,,,,,0.0419640774643641,0.0419640774643641,0.0979161807501831,0.1678563098574567
pitch_types,hbreak,mean,2026.0,14,FS,11,-6.605828521315814,,,,,0.2240559777287185,0.2240559777287185,0.52279728136701,0.8962239109148744
pitch_types,hbreak,mean,2026.0,1,SL,711,1.698446857788328,,,,,0.3545014962839662,0.3545014962839662,0.8271701579959212,1.418005985135865
pitch_types,loc_adj_vaa,mean,2026.0,11,HC,19,0.45316625349728235,,,,,0.3018086564976558,0.3018086564976558,0.7042201984945302,1.2072346259906233
pitch_types,loc_adj_vaa,mean,2026.0,1,SI,460,0.42852668600767463,,,,,0.6338343405562111,0.6338343405562111,1.4789467946311594,2.535337362224845
pitch_types,loc_adj_vaa,mean,2026.0,14,CU,35,5.012041791068477,,,,,0.3859016493466838,0.3859016493466838,0.900437181808929,1.5436065973867354
pitch_types,loc_adj_vaa,mean,2026.0,16,CU,11,4.740620356773095,,,,,0.2820915107556674,0.2820915107556674,0.6582135250965574,1.12836604302267
pitch_types,loc_adj_vaa,mean,2026.0,1,SW,338,3.06134344847701,,,,,0.4480253014008823,0.4480253014008823,1.0453923699353922,1.7921012056035297
pitch_types,loc_adj_vaa,mean,2026.0,11,SW,232,3.2438580890274373,,,,,0.4157553292071955,0.4157553292071955,0.9700957681501228,1.6630213168287822
pitch_types,loc_adj_vaa,mean,2026.0,16,FA,15,0.058497379546268415,,,,,0.5362401713658026,0.5362401713658026,1.251227066520206,2.1449606854632104
pitch_types,loc_adj_vaa,mean,2026.0,16,SL,3,3.212373476579267,,,,,0.4213584252996776,0.4213584252996776,0.983169659032581,1.6854337011987106
pitch_types,loc_adj_vaa,mean,2026.0,1,CU,262,5.075784915566387,,,,,0.2743084406190934,0.2743084406190934,0.640053028111218,1.0972337624763735
pitch_types,loc_adj_vaa,mean,2026.0,11,FS,55,2.9129514085192354,,,,,0.4554114383553683,0.4554114383553683,1.0626266894958594,1.8216457534214732
pitch_types,loc_adj_vaa,mean,2026.0,14,SW,33,3.3138563171622426,,,,,0.7326172634036907,0.7326172634036907,1.7094402812752785,2.9304690536147637
pitch_types,loc_adj_vaa,mean,2026.0,11,SL,476,2.321011757454269,,,,,0.5483083024198943,0.5483083024198943,1.2793860389797531,2.193233209679577
pitch_types,loc_adj_vaa,mean,2026.0,14,FA,193,-0.12393744846456829,,,,,0.10507944171971,0.10507944171971,0.2451853640126568,0.4203177668788402
pitch_types,loc_adj_vaa,mean,2026.0,1,HC,32,0.2892641665034026,,,,,0.8922244369241238,0.8922244369241238,2.081857019489622,3.568897747696496
pitch_types,loc_adj_vaa,mean,2026.0,14,SL,155,2.656927517701221,,,,,0.6179265723339765,0.6179265723339765,1.4418286687792785,2.471706289335906
pitch_types,loc_adj_vaa,mean,2026.0,1,SL,711,2.1478256536932805,,,,,0.4780820227812192,0.4780820227812192,1.1155247198228448,1.912328091124877
pitch_types,loc_adj_vaa,mean,2026.0,11,SI,284,0.5818119587470371,,,,,0.6281228284469985,0.6281228284469985,1.4656199330429964,2.512491313787994
pitch_types,loc_adj_vaa,mean,2026.0,1,FS,80,2.6273775356761275,,,,,0.5194690590827498,0.5194690590827498,1.2120944711930828,2.077876236330999
pitch_types,loc_adj_vaa,mean,2026.0,11,CH,256,2.609415129338782,,,,,0.0487876953572146,0.0487876953572146,0.1138379558335009,0.1951507814288587
pitch_types,loc_adj_vaa,mean,2026.0,1,FA,863,-0.25737636657276125,,,,,0.0376590087284724,0.0376590087284724,0.0878710203664356,0.1506360349138897
pitch_types,loc_adj_vaa,mean,2026.0,11,FA,553,0.028524809719001846,,,,,0.1039027750339333,0.1039027750339333,0.2424398084125111,0.4156111001357335
pitch_types,loc_adj_vaa,mean,2026.0,14,SI,44,0.3391832087119807,,,,,0.7888375620146167,0.7888375620146167,1.8406209780341056,3.1553502480584674
pitch_types,loc_adj_vaa,mean,2026.0,14,FS,11,2.65045541343537,,,,,0.9152781937410618,0.9152781937410618,2.135649118729144,3.661112774964248
pitch_types,loc_adj_vaa,mean,2026.0,16,CH,1,2.49324303443552,,,,,0.2952632094806718,0.2952632094806718,0.6889474887882343,1.1810528379226874
pitch_types,loc_adj_vaa,mean,2026.0,1,CH,399,2.3481480404382116,,,,,0.1000008864799346,0.1000008864799346,0.2333354017865141,0.4000035459197386
pitch_types,loc_adj_vaa,mean,2026.0,14,CH,57,2.40226466959728,,,,,0.0518471865225705,0.0518471865225705,0.1209767685526646,0.2073887460902823
pitch_types,loc_adj_vaa,mean,2026.0,11,CU,159,5.291486904594514,,,,,0.3118823978007516,0.3118823978007516,0.7277255948684204,1.2475295912030069
pitch_types,loc_adj_vaa,mean,2026.0,16,SI,1,0.5545680911109305,,,,,0.786029580554342,0.786029580554342,1.8340690212934645,3.1441183222173685
pitch_types,rpm,mean,2026.0,1,FS,80,1273.1948397169847,,,,,0.2988798129685924,0.2988798129685924,0.697386230260049,1.1955192518743696
pitch_types,rpm,mean,2026.0,14,CH,57,1726.4130137137633,,,,,0.216767914178374,0.216767914178374,0.5057917997495395,0.8670716567134963
pitch_types,rpm,mean,2026.0,11,FA,549,2234.8459813990607,,,,,0.8459227293619964,0.8459227293619964,1.9738197018446584,3.3836909174479857
pitch_types,rpm,mean,2026.0,14,SW,33,2511.5845272263477,,,,,1.457092117233311,1.457092117233311,3.3998816068777256,5.828368468933244
pitch_types,rpm,mean,2026.0,11,SW,231,2490.509102489079,,,,,1.4473921429363357,1.4473921429363357,3.3772483335181165,5.789568571745343
pitch_types,rpm,mean,2026.0,14,FA,193,2305.616619704067,,,,,0.8794827871384895,0.8794827871384895,2.052126503323142,3.5179311485539584
pitch_types,rpm,mean,2026.0,1,CU,261,2522.951794987282,,,,,0.2396987795305817,0.2396987795305817,0.559297152238024,0.958795118122327
pitch_types,rpm,mean,2026.0,11,SI,283,2151.32048617133,,,,,1.727965438490641,1.727965438490641,4.031919356478163,6.911861753962566
pitch_types,rpm,mean,2026.0,1,CH,397,1688.1465766876477,,,,,0.280489592424141,0.280489592424141,0.6544757156563291,1.1219583696965645
pitch_types,rpm,mean,2026.0,16,CH,1,1822.8266189774552,,,,,0.5118483076324348,0.5118483076324348,1.1943127178090147,2.0473932305297398
pitch_types,rpm,mean,2026.0,16,SI,1,2175.78550373067,,,,,1.0649886585339303,1.0649886585339303,2.484973536579171,4.259954634135721
pitch_types,rpm,mean,2026.0,1,SI,460,2173.523520652146,,,,,1.3154859868144713,1.3154859868144713,3.0694673025670998,5.261943947257885
pitch_types,rpm,mean,2026.0,14,SL,155,2407.298190841043,,,,,0.6500852691779367,0.6500852691779367,1.5168656280818524,2.600341076711747
pitch_types,rpm,mean,2026.0,1,HC,32,2399.468370750935,,,,,0.5047911141620615,0.5047911141620615,1.17784593304481,2.019164456648246
pitch_types,rpm,mean,2026.0,11,CH,254,1692.784542877163,,,,,0.4180504223146625,0.4180504223146625,0.9754509854008792,1.6722016892586502
pitch_types,rpm,mean,2026.0,16,FA,15,2260.743204134749,,,,,0.6448074103625271,0.6448074103625271,1.50455062417923,2.579229641450109
pitch_types,rpm,mean,2026.0,1,SW,337,2536.435751843744,,,,,0.4446610189829893,0.4446610189829893,1.0375423776269752,1.7786440759319575
pitch_types,rpm,mean,2026.0,1,SL,708,2366.0334216313327,,,,,0.4122616152345166,0.4122616152345166,0.9619437688805388,1.6490464609380666
pitch_types,rpm,mean,2026.0,1,FA,856,2256.8756820287467,,,,,0.2700198557596231,0.2700198557596231,0.6300463301057873,1.0800794230384925
pitch_types,rpm,mean,2026.0,14,FS,11,1143.2043004730456,,,,,0.6687425391326369,0.6687425391326369,1.5603992579761528,2.674970156530548
pitch_types,rpm,mean,2026.0,11,FS,54,1142.450186584445,,,,,0.4270003398655438,0.4270003398655438,0.9963341263529356,1.7080013594621757
pitch_types,rpm,mean,2026.0,14,CU,35,2495.5501098843556,,,,,0.5292721898877171,0.5292721898877171,1.23496844307134,2.1170887595508683
pitch_types,rpm,mean,2026.0,14,SI,44,2226.3265839145547,,,,,1.004519859376506,1.004519859376506,2.343879671878514,4.018079437506024
pitch_types,rpm,mean,2026.0,11,HC,19,2318.647463226322,,,,,1.749383835349567,1.749383835349567,4.0818956158156565,6.997535341398269
pitch_types,rpm,mean,2026.0,11,CU,159,2452.0869522026474,,,,,0.6469993574046488,0.6469993574046488,1.509665167277514,2.5879974296185955
pitch_types,rpm,mean,2026.0,11,SL,475,2344.0029267689474,,,,,0.9303299777724044,0.9303299777724044,2.1707699481356104,3.721319911089618
pitch_types,rpm,mean,2026.0,16,SL,3,2381.2361560045533,,,,,0.4360046110870905,0.4360046110870905,1.0173440925365445,1.744018444348362
pitch_types,axis,mean,2026.0,1,CH,397,198.88743618819322,,,,,0.0259156012293735,0.0259156012293735,0.0604697362018716,0.1036624049174943
pitch_types,axis,mean,2026.0,11,HC,19,194.54411225654218,,,,,0.7929283960579053,0.7929283960579053,1.8501662574684457,3.1717135842316213
pitch_types,axis,mean,2026.0,11,FS,54,219.72952175099024,,,,,0.0877724230194831,0.0877724230194831,0.204802320378794,0.3510896920779327
pitch_types,axis,mean,2026.0,16,FA,15,203.18665923237364,,,,,0.0612159892519925,0.0612159892519925,0.1428373082546492,0.2448639570079702
pitch_types,axis,mean,2026.0,1,SL,708,162.57616176420365,,,,,0.5303157149444073,0.5303157149444073,1.2374033348702838,2.1212628597776293
pitch_types,axis,mean,2026.0,16,CH,1,212.56678497088197,,,,,0.0363458387893584,0.0363458387893584,0.0848069571751696,0.1453833551574336
pitch_types,axis,mean,2026.0,1,SW,336,126.80070611696038,,,,,0.0343190152592569,0.0343190152592569,0.0800777022715994,0.1372760610370276
pitch_types,axis,mean,2026.0,1,FA,856,195.05375059629012,,,,,0.0424240369419296,0.0424240369419296,0.0989894195311691,0.1696961477677186
pitch_types,axis,mean,2026.0,11,SL,475,165.36762542986938,,,,,1.0577860939361816,1.0577860939361816,2.468167552517757,4.231144375744727
pitch_types,axis,mean,2026.0,11,CU,159,114.5307893240397,,,,,0.1171421259551052,0.1171421259551052,0.2733316272285788,0.4685685038204208
pitch_types,axis,mean,2026.0,14,SL,155,155.16541239054695,,,,,0.8986862678724625,0.8986862678724625,2.096934625035746,3.5947450714898506
pitch_types,axis,mean,2026.0,14,CH,56,211.82869165476674,,,,,0.0318622055907518,0.0318622055907518,0.074345146378421,0.1274488223630074
pitch_types,axis,mean,2026.0,11,FA,549,198.40891744076322,,,,,0.1227994272730359,0.1227994272730359,0.2865319969704172,0.4911977090921439
pitch_types,axis,mean,2026.0,16,SL,3,134.60753337755338,,,,,0.4944505735671449,0.4944505735671449,1.1537180049900049,1.97780229426858
pitch_types,axis,mean,2026.0,16,SI,1,208.5535639452912,,,,,0.0659915016875909,0.0659915016875909,0.1539801706043787,0.2639660067503636
pitch_types,axis,mean,2026.0,14,FA,193,201.76358414437433,,,,,0.1243455993828707,0.1243455993828707,0.2901397318933651,0.4973823975314831
pitch_types,axis,mean,2026.0,11,CH,254,207.6430305276539,,,,,0.0598986592975625,0.0598986592975625,0.1397635383609792,0.23959463719025
pitch_types,axis,mean,2026.0,14,CU,35,97.22913668074989,,,,,0.1360429297266513,0.1360429297266513,0.3174335026955199,0.5441717189066055
pitch_types,axis,mean,2026.0,11,SW,231,120.78264714146144,,,,,0.0876946854852632,0.0876946854852632,0.2046209327989475,0.3507787419410529
pitch_types,axis,mean,2026.0,14,SI,43,212.5603541357816,,,,,0.0956419144404454,0.0956419144404454,0.2231644670277059,0.3825676577617817
pitch_types,axis,mean,2026.0,14,FS,11,220.1085265736573,,,,,0.4361390708845463,0.4361390708845463,1.0176578320639411,1.7445562835381854
pitch_types,axis,mean,2026.0,14,SW,33,100.0729496112335,,,,,0.2590337442341441,0.2590337442341441,0.6044120698796697,1.0361349769365766
pitch_types,axis,mean,2026.0,11,SI,283,200.84666357249154,,,,,0.1130773146131722,0.1130773146131722,0.2638470674307352,0.4523092584526891
pitch_types,axis,mean,2026.0,1,FS,80,222.40103570620062,,,,,0.086632877759784,0.086632877759784,0.202143381439496,0.346531511039136
pitch_types,axis,mean,2026.0,1,CU,261,119.82774818853906,,,,,0.0267097845602692,0.0267097845602692,0.0623228306406283,0.1068391382410771
pitch_types,axis,mean,2026.0,1,SI,460,196.17404054529226,,,,,0.0610610616028473,0.0610610616028473,0.1424758104066438,0.2442442464113894
pitch_types,axis,mean,2026.0,1,HC,32,186.72556307010765,,,,,0.1990441861581661,0.1990441861581661,0.4644364343690542,0.7961767446326645
pitch_types,spin_efficiency,mean,2026.0,11,FA,549,0.6879811838880376,,,,,0.7780259695908821,0.7780259695908821,1.8153939290453915,3.1121038783635284
pitch_types,spin_efficiency,mean,2026.0,1,SI,460,0.7679945828957018,,,,,1.032930204831299,1.032930204831299,2.410170477939697,4.131720819325196
pitch_types,spin_efficiency,mean,2026.0,1,HC,32,0.33215558225541286,,,,,0.4137075555036488,0.4137075555036488,0.965317629508514,1.6548302220145956
pitch_types,spin_efficiency,mean,2026.0,14,FS,11,0.6321698822264668,,,,,2.966068711497354,2.966068711497354,6.920826993493825,11.864274845989415
pitch_types,spin_efficiency,mean,2026.0,16,SL,3,0.1774865795390081,,,,,0.9628538556826386,0.9628538556826386,2.2466589965928234,3.851415422730555
pitch_types,spin_efficiency,mean,2026.0,1,CH,397,0.71451867631308,,,,,1.213750536258475,1.213750536258475,2.8320845846031086,4.8550021450339
pitch_types,spin_efficiency,mean,2026.0,14,CH,57,0.6841028149327684,,,,,1.5863450517074444,1.5863450517074444,3.7014717873173706,6.345380206829779
pitch_types,spin_efficiency,mean,2026.0,14,CU,35,0.4513500863392382,,,,,0.5775271596066693,0.5775271596066693,1.3475633724155618,2.3101086384266774
pitch_types,spin_efficiency,mean,2026.0,1,SW,337,0.4318827122795561,,,,,1.3906425952114052,1.3906425952114052,3.2448327221599453,5.562570380845621
pitch_types,spin_efficiency,mean,2026.0,16,SI,1,0.740040179680941,,,,,1.1097616964969237,1.1097616964969237,2.5894439584928213,4.439046785987694
pitch_types,spin_efficiency,mean,2026.0,11,SI,283,0.7299681570957101,,,,,1.3643012614918426,1.3643012614918426,3.1833696101476323,5.45720504596737
pitch_types,spin_efficiency,mean,2026.0,1,FA,856,0.6966517780102608,,,,,0.6045794442611098,0.6045794442611098,1.4106853699425894,2.418317777044439
pitch_types,spin_efficiency,mean,2026.0,1,CU,261,0.49873749923747074,,,,,0.4324672005548868,0.4324672005548868,1.0090901346280694,1.7298688022195474
pitch_types,spin_efficiency,mean,2026.0,11,SL,475,0.16128170802926226,,,,,1.4849266773373908,1.4849266773373908,3.464828913787245,5.939706709349563
pitch_types,spin_efficiency,mean,2026.0,1,SL,708,0.1641940188743727,,,,,1.1605852696730428,1.1605852696730428,2.708032295903766,4.642341078692171
pitch_types,spin_efficiency,mean,2026.0,11,CH,254,0.6901993626033393,,,,,1.4529900704415923,1.4529900704415923,3.3903101643637155,5.811960281766369
pitch_types,spin_efficiency,mean,2026.0,14,FA,193,0.7692231360563277,,,,,0.712997303081625,0.712997303081625,1.663660373857125,2.8519892123265
pitch_types,spin_efficiency,mean,2026.0,14,SW,33,0.3782909959761259,,,,,2.631262610109686,2.631262610109686,6.1396127569226,10.525050440438743
pitch_types,spin_efficiency,mean,2026.0,16,FA,15,0.694137157097442,,,,,0.593876219914686,0.593876219914686,1.3857111798009338,2.3755048796587444
pitch_types,spin_efficiency,mean,2026.0,11,SW,231,0.4207567426259216,,,,,1.767819400649081,1.767819400649081,4.124911934847856,7.071277602596324
pitch_types,spin_efficiency,mean,2026.0,1,FS,80,0.6508077981133708,,,,,2.193744401811632,2.193744401811632,5.118736937560475,8.774977607246528
pitch_types,spin_efficiency,mean,2026.0,14,SI,44,0.7286253102710422,,,,,1.4838262603947725,1.4838262603947725,3.4622612742544687,5.93530504157909
pitch_types,spin_efficiency,mean,2026.0,11,FS,54,0.6296595622974202,,,,,3.135519319379474,3.135519319379474,7.316211745218772,12.542077277517896
pitch_types,spin_efficiency,mean,2026.0,11,CU,159,0.48843016133413353,,,,,0.5662107343524742,0.5662107343524742,1.3211583801557731,2.2648429374098966
pitch_types,spin_efficiency,mean,2026.0,11,HC,19,0.3149574912484479,,,,,0.8024378668506994,0.8024378668506994,1.872355022651632,3.2097514674027976
pitch_types,spin_efficiency,mean,2026.0,16,CH,1,0.6478573727579408,,,,,4.211280447448461,4.211280447448461,9.82632104404641,16.845121789793843
pitch_types,spin_efficiency,mean,2026.0,14,SL,155,0.1532976736128825,,,,,1.396722279455362,1.396722279455362,3.2590186520625117,5.586889117821449
pitch_types,primary_loc_adj_vaa,mean,2026.0,1,FA,863,-0.2573376393113945,,,,,0.0007582580914771,0.0007582580914771,0.0017692688801134,0.0030330323659087
pitch_types,primary_loc_adj_vaa,mean,2026.0,1,CU,260,-0.25795884829451243,,,,,0.0112081544360966,0.0112081544360966,0.0261523603508921,0.0448326177443865
pitch_types,primary_loc_adj_vaa,mean,2026.0,16,FA,15,0.058497379546268415,,,,,0.0171107710029645,0.0171107710029645,0.0399251323402505,0.0684430840118581
pitch_types,primary_loc_adj_vaa,mean,2026.0,1,SW,338,-0.26191108971349647,,,,,0.0243582237703022,0.0243582237703022,0.0568358554640385,0.0974328950812089
pitch_types,primary_loc_adj_vaa,mean,2026.0,14,SL,155,-0.18040582010630385,,,,,0.014845793337101,0.014845793337101,0.0346401844532357,0.0593831733484041
pitch_types,primary_loc_adj_vaa,mean,2026.0,14,CU,35,-0.13803250795761265,,,,,0.009800533107889,0.009800533107889,0.0228679105850744,0.0392021324315561
pitch_types,primary_loc_adj_vaa,mean,2026.0,11,HC,19,0.3497927235844885,,,,,0.0267507477129339,0.0267507477129339,0.0624184113301791,0.1070029908517357
pitch_types,primary_loc_adj_vaa,mean,2026.0,11,SL,473,-0.08468955755483094,,,,,0.0183212110313966,0.0183212110313966,0.042749492406592,0.0732848441255864
pitch_types,primary_loc_adj_vaa,mean,2026.0,16,CH,1,0.3371327644732149,,,,,0.018416149431869,0.018416149431869,0.0429710153410278,0.0736645977274763
pitch_types,primary_loc_adj_vaa,mean,2026.0,11,FS,55,0.05719806704150179,,,,,0.0158795444822099,0.0158795444822099,0.0370522704584899,0.0635181779288398
pitch_types,primary_loc_adj_vaa,mean,2026.0,16,SI,1,0.2966571032667127,,,,,0.035576069826291,0.035576069826291,0.0830108295946792,0.1423042793051643
pitch_types,primary_loc_adj_vaa,mean,2026.0,1,FS,80,-0.2793379035360024,,,,,0.0069423486952111,0.0069423486952111,0.0161988136221592,0.0277693947808444
pitch_types,primary_loc_adj_vaa,mean,2026.0,14,SW,33,-0.19088214547914154,,,,,0.0146243249790847,0.0146243249790847,0.0341234249511978,0.0584972999163391
pitch_types,primary_loc_adj_vaa,mean,2026.0,11,CU,158,-0.006347504679015201,,,,,0.0071583905194185,0.0071583905194185,0.0167029112119765,0.028633562077674
pitch_types,primary_loc_adj_vaa,mean,2026.0,1,SI,460,-0.15961046186635988,,,,,0.0338355864964198,0.0338355864964198,0.0789497018249796,0.1353423459856794
pitch_types,primary_loc_adj_vaa,mean,2026.0,11,FA,553,0.028524809719001846,,,,,0.0014600471839721,0.0014600471839721,0.0034067767626017,0.0058401887358887
pitch_types,primary_loc_adj_vaa,mean,2026.0,11,CH,253,-0.02851057379520148,,,,,0.0067970041069491,0.0067970041069491,0.0158596762495479,0.0271880164277964
pitch_types,primary_loc_adj_vaa,mean,2026.0,1,CH,399,-0.23046543437369424,,,,,0.0025430808171902,0.0025430808171902,0.0059338552401106,0.0101723232687611
pitch_types,primary_loc_adj_vaa,mean,2026.0,11,SI,284,-0.0006290767248302981,,,,,0.0412031655780612,0.0412031655780612,0.0961407196821429,0.164812662312245
pitch_types,primary_loc_adj_vaa,mean,2026.0,14,SI,44,-0.15510532786551637,,,,,0.0172507907987194,0.0172507907987194,0.040251845197012,0.0690031631948778
pitch_types,primary_loc_adj_vaa,mean,2026.0,1,SL,710,-0.23222457633100546,,,,,0.0142759390856322,0.0142759390856322,0.0333105245331418,0.0571037563425288
pitch_types,primary_loc_adj_vaa,mean,2026.0,16,CU,11,0.1802031327851392,,,,,0.0413541477843023,0.0413541477843023,0.0964930114967054,0.1654165911372093
pitch_types,primary_loc_adj_vaa,mean,2026.0,14,CH,57,-0.05149764510311777,,,,,0.0011719414069184,0.0011719414069184,0.0027345299494763,0.0046877656276737
pitch_types,primary_loc_adj_vaa,mean,2026.0,16,SL,3,0.1129408786705454,,,,,0.0263612441570678,0.0263612441570678,0.061509569699825,0.1054449766282716
pitch_types,primary_loc_adj_vaa,mean,2026.0,14,FA,193,-0.12393744846456829,,,,,0.0025202231936503,0.0025202231936503,0.0058805207851841,0.0100808927746014
pitch_types,primary_loc_adj_vaa,mean,2026.0,14,FS,11,-0.17519003522754606,,,,,0.0038400288324677,0.0038400288324677,0.0089600672757581,0.0153601153298711
pitch_types,primary_loc_adj_vaa,mean,2026.0,1,HC,32,0.024535752992817968,,,,,0.0126969713249989,0.0126969713249989,0.0296262664249975,0.0507878852999957
pitch_types,primary_loc_adj_vaa,mean,2026.0,11,SW,232,-0.10636456646690981,,,,,0.0282777639951607,0.0282777639951607,0.0659814493220418,0.1131110559806431
pitch_types,primary_velo,mean,2026.0,1,FS,80,94.61267585236467,,,,,0.0040927298502139,0.0040927298502139,0.0095497029838325,0.0163709194008557
pitch_types,primary_velo,mean,2026.0,11,CH,253,92.96516637561254,,,,,0.0020125586941252,0.0020125586941252,0.0046959702862921,0.0080502347765008
pitch_types,primary_velo,mean,2026.0,11,SI,284,93.36797790448796,,,,,0.0151836622927202,0.0151836622927202,0.0354285453496804,0.0607346491708808
pitch_types,primary_velo,mean,2026.0,14,CH,57,92.55037686000139,,,,,0.0018516847741262,0.0018516847741262,0.0043205978062946,0.007406739096505
pitch_types,primary_velo,mean,2026.0,14,FA,193,92.91543859556907,,,,,0.0033575452597599,0.0033575452597599,0.0078342722727731,0.0134301810390397
pitch_types,primary_velo,mean,2026.0,16,SL,3,92.08715806870276,,,,,0.0182490447954808,0.0182490447954808,0.0425811045227885,0.0729961791819232
pitch_types,primary_velo,mean,2026.0,16,SI,1,92.62795255786898,,,,,0.0153991104698593,0.0153991104698593,0.035931257763005,0.0615964418794372
pitch_types,primary_velo,mean,2026.0,16,CU,11,91.76499502551611,,,,,0.0296127573714055,0.0296127573714055,0.069096433866613,0.1184510294856223
pitch_types,primary_velo,mean,2026.0,14,FS,11,92.90615830666047,,,,,0.0024364309374717,0.0024364309374717,0.0056850055207674,0.009745723749887
pitch_types,primary_velo,mean,2026.0,14,SW,33,92.58641822197119,,,,,0.0089253198419996,0.0089253198419996,0.0208257462979991,0.0357012793679986
pitch_types,primary_velo,mean,2026.0,11,SL,473,93.65563936793028,,,,,0.005659855952337,0.005659855952337,0.0132063305554531,0.0226394238093481
pitch_types,primary_velo,mean,2026.0,1,CH,399,93.96494050444994,,,,,0.001589458139711,0.001589458139711,0.0037087356593257,0.0063578325588441
pitch_types,primary_velo,mean,2026.0,1,SW,338,93.97009528805484,,,,,0.0071567808402618,0.0071567808402618,0.0166991552939442,0.0286271233610472
pitch_types,primary_velo,mean,2026.0,11,FA,553,93.02757436382817,,,,,0.0009790325717682,0.0009790325717682,0.002284409334126,0.0039161302870731
pitch_types,primary_velo,mean,2026.0,1,CU,260,94.28045726296482,,,,,0.0043666871186382,0.0043666871186382,0.0101889366101559,0.0174667484745531
pitch_types,primary_velo,mean,2026.0,16,CH,1,91.35827074185352,,,,,0.0102173301886485,0.0102173301886485,0.0238404371068466,0.0408693207545942
pitch_types,primary_velo,mean,2026.0,1,FA,863,94.14130574912646,,,,,0.0003960735547392,0.0003960735547392,0.0009241716277248,0.0015842942189569
pitch_types,primary_velo,mean,2026.0,11,CU,158,93.1501648307145,,,,,0.0043412737893673,0.0043412737893673,0.0101296388418571,0.0173650951574694
pitch_types,primary_velo,mean,2026.0,14,CU,35,92.78354452428454,,,,,0.0086074669962118,0.0086074669962118,0.0200840896578275,0.0344298679848472
pitch_types,primary_velo,mean,2026.0,11,SW,232,93.15462204161953,,,,,0.0101420216552898,0.0101420216552898,0.0236647171956762,0.0405680866211593
pitch_types,primary_velo,mean,2026.0,1,SL,710,94.3146047959029,,,,,0.0039955308245454,0.0039955308245454,0.0093229052572727,0.0159821232981819
pitch_types,primary_velo,mean,2026.0,16,FA,15,92.2104939530354,,,,,0.0170802090283552,0.0170802090283552,0.0398538210661621,0.0683208361134208
pitch_types,primary_velo,mean,2026.0,14,SI,44,93.3310402031622,,,,,0.0100991361712283,0.0100991361712283,0.0235646510661995,0.0403965446849135
pitch_types,primary_velo,mean,2026.0,11,FS,55,93.41541099687085,,,,,0.0030529634804886,0.0030529634804886,0.0071235814544735,0.0122118539219546
pitch_types,primary_velo,mean,2026.0,11,HC,19,91.29885485390888,,,,,0.0165410271434521,0.0165410271434521,0.0385957300013883,0.0661641085738086
pitch_types,primary_velo,mean,2026.0,14,SL,155,93.22299421692856,,,,,0.0076510619336764,0.0076510619336764,0.0178524778452449,0.0306042477347056
pitch_types,primary_velo,mean,2026.0,1,SI,460,94.06651172691869,,,,,0.0080169468602707,0.0080169468602707,0.0187062093406316,0.0320677874410828
pitch_types,primary_velo,mean,2026.0,1,HC,32,92.91763572627252,,,,,0.0061969343503671,0.0061969343503671,0.01445951348419,0.0247877374014686
pitch_types,primary_rpm,mean,2026.0,11,SW,230,2245.923416697691,,,,,0.0192911723510008,0.0192911723510008,0.0450127354856685,0.0771646894040033
pitch_types,primary_rpm,mean,2026.0,1,SI,460,2245.0733875603732,,,,,0.0190294660217158,0.0190294660217158,0.0444020873840035,0.0761178640868632
pitch_types,primary_rpm,mean,2026.0,11,HC,19,2324.000867504807,,,,,0.010986202831251,0.010986202831251,0.0256344732729191,0.0439448113250042
pitch_types,primary_rpm,mean,2026.0,11,FS,55,2204.521559973542,,,,,0.0100199963102703,0.0100199963102703,0.0233799913906308,0.0400799852410814
pitch_types,primary_rpm,mean,2026.0,1,CU,260,2276.7444971930267,,,,,0.0081759089931981,0.0081759089931981,0.019077120984129,0.0327036359727926
pitch_types,primary_rpm,mean,2026.0,16,CU,11,2261.6068684898,,,,,0.028473507074427,0.028473507074427,0.066438183173663,0.1138940282977081
pitch_types,primary_rpm,mean,2026.0,11,SI,283,2228.741483240753,,,,,0.0367091283609405,0.0367091283609405,0.0856546328421946,0.1468365134437623
pitch_types,primary_rpm,mean,2026.0,1,HC,32,2378.3542626622266,,,,,0.0076072740687059,0.0076072740687059,0.0177503061603139,0.0304290962748238
pitch_types,primary_rpm,mean,2026.0,14,CU,35,2305.9866822523686,,,,,0.0115932965445397,0.0115932965445397,0.0270510252705927,0.046373186178159
pitch_types,primary_rpm,mean,2026.0,1,FA,863,2256.881259906679,,,,,0.0018202398535776,0.0018202398535776,0.0042472263250144,0.0072809594143105
pitch_types,primary_rpm,mean,2026.0,1,SW,338,2265.079324853302,,,,,0.0065559443526515,0.0065559443526515,0.0152972034895202,0.0262237774106062
pitch_types,primary_rpm,mean,2026.0,1,SL,710,2255.355192755498,,,,,0.0077902108017707,0.0077902108017707,0.0181771585374651,0.0311608432070831
pitch_types,primary_rpm,mean,2026.0,14,FA,193,2305.7495849988654,,,,,0.0082327915351302,0.0082327915351302,0.0192098469153038,0.0329311661405208
pitch_types,primary_rpm,mean,2026.0,16,SI,1,2204.046190926779,,,,,0.0412904276118042,0.0412904276118042,0.0963443310942099,0.165161710447217
pitch_types,primary_rpm,mean,2026.0,11,FA,551,2234.1782771302733,,,,,0.007769500667266,0.007769500667266,0.0181288348902874,0.0310780026690642
pitch_types,primary_rpm,mean,2026.0,1,CH,399,2248.837204681678,,,,,0.0031451102435897,0.0031451102435897,0.007338590568376,0.0125804409743589
pitch_types,primary_rpm,mean,2026.0,11,CU,158,2250.401792242347,,,,,0.0168493156704502,0.0168493156704502,0.0393150698977171,0.0673972626818008
pitch_types,primary_rpm,mean,2026.0,16,FA,15,2261.0953360893072,,,,,0.0333764721862428,0.0333764721862428,0.0778784351012333,0.1335058887449714
pitch_types,primary_rpm,mean,2026.0,14,FS,11,2260.689355442632,,,,,0.005852434035116,0.005852434035116,0.0136556794152706,0.023409736140464
pitch_types,primary_rpm,mean,2026.0,16,SL,3,2240.523225875278,,,,,0.0101508398634568,0.0101508398634568,0.0236852930147326,0.0406033594538273
pitch_types,primary_rpm,mean,2026.0,14,CH,57,2285.584513479987,,,,,0.00589914157389,0.00589914157389,0.0137646636724101,0.0235965662955602
pitch_types,primary_rpm,mean,2026.0,14,SL,155,2319.9739093599314,,,,,0.0159247733867718,0.0159247733867718,0.0371578045691342,0.0636990935470872
pitch_types,primary_rpm,mean,2026.0,11,CH,251,2227.7106592376367,,,,,0.0082447077846521,0.0082447077846521,0.0192376514975217,0.0329788311386087
pitch_types,primary_rpm,mean,2026.0,11,SL,472,2244.8594236079252,,,,,0.0165191371217277,0.0165191371217277,0.0385446532840314,0.066076548486911
pitch_types,primary_rpm,mean,2026.0,16,CH,1,2227.882318757561,,,,,0.0223895170268912,0.0223895170268912,0.0522422063960796,0.089558068107565
pitch_types,primary_rpm,mean,2026.0,14,SI,44,2304.356353752663,,,,,0.0332176338690713,0.0332176338690713,0.0775078123611664,0.1328705354762853
pitch_types,primary_rpm,mean,2026.0,1,FS,80,2267.0076421903614,,,,,0.0288991217799718,0.0288991217799718,0.0674312841532677,0.1155964871198875
pitch_types,primary_rpm,mean,2026.0,14,SW,33,2314.2629265125825,,,,,0.0147927231822912,0.0147927231822912,0.0345163540920128,0.0591708927291649
pitch_types,primary_axis,mean,2026.0,11,FA,551,198.40303527905976,,,,,0.001495175138117,0.001495175138117,0.0034887419889397,0.0059807005524681
pitch_types,primary_axis,mean,2026.0,11,HC,19,196.00529090793495,,,,,0.0085412390981501,0.0085412390981501,0.0199295578956836,0.0341649563926005
pitch_types,primary_axis,mean,2026.0,11,SW,230,199.33073272715114,,,,,0.0023872404399374,0.0023872404399374,0.0055702276931873,0.0095489617597497
pitch_types,primary_axis,mean,2026.0,14,SL,155,203.68846296967905,,,,,0.0016043007857581,0.0016043007857581,0.0037433685001022,0.0064172031430325
pitch_types,primary_axis,mean,2026.0,16,FA,15,202.73683731286695,,,,,0.0023290159451546,0.0023290159451546,0.0054343705386941,0.0093160637806185
pitch_types,primary_axis,mean,2026.0,16,SL,3,207.54533453940155,,,,,0.0017657283589247,0.0017657283589247,0.004120032837491,0.0070629134356989
pitch_types,primary_axis,mean,2026.0,14,SI,43,210.35169353017747,,,,,0.001634582992134,0.001634582992134,0.003814026981646,0.006538331968536
pitch_types,primary_axis,mean,2026.0,14,FA,193,201.76735402629643,,,,,0.0015260151379071,0.0015260151379071,0.00356070198845,0.0061040605516285
pitch_types,primary_axis,mean,2026.0,1,HC,32,187.22935426259988,,,,,0.0021463958726706,0.0021463958726706,0.0050082570362314,0.0085855834906824
pitch_types,primary_axis,mean,2026.0,16,SI,1,211.7248381296746,,,,,0.0019432842185488,0.0019432842185488,0.0045343298432806,0.0077731368741953
pitch_types,primary_axis,mean,2026.0,14,FS,11,201.78715170214693,,,,,0.0009713386114343,0.0009713386114343,0.0022664567600134,0.0038853544457373
pitch_types,primary_axis,mean,2026.0,11,CH,251,195.97627757164489,,,,,0.0015041753939559,0.0015041753939559,0.0035097425858972,0.0060167015758237
pitch_types,primary_axis,mean,2026.0,1,FS,80,204.52201817921897,,,,,0.0010887911179604,0.0010887911179604,0.0025405126085743,0.0043551644718417
pitch_types,primary_axis,mean,2026.0,16,CU,11,190.907599264433,,,,,0.0007507459442149,0.0007507459442149,0.0017517405365016,0.0030029837768599
pitch_types,primary_axis,mean,2026.0,1,SI,460,194.94723454325484,,,,,0.0010768871853402,0.0010768871853402,0.002512736765794,0.0043075487413611
pitch_types,primary_axis,mean,2026.0,14,CH,56,200.01965514551523,,,,,0.0009362382015924,0.0009362382015924,0.0021845558037156,0.0037449528063697
pitch_types,primary_axis,mean,2026.0,1,CH,399,190.35318382328967,,,,,0.0003750729101223,0.0003750729101223,0.0008751701236187,0.0015002916404893
pitch_types,primary_axis,mean,2026.0,11,CU,158,194.33986441781573,,,,,0.0028054038138049,0.0028054038138049,0.0065459422322114,0.0112216152552196
pitch_types,primary_axis,mean,2026.0,1,SL,710,195.80709066252066,,,,,0.0008072043727981,0.0008072043727981,0.0018834768698623,0.0032288174911925
pitch_types,primary_axis,mean,2026.0,11,SL,472,197.75925770934373,,,,,0.0019749524884917,0.0019749524884917,0.0046082224731473,0.0078998099539668
pitch_types,primary_axis,mean,2026.0,1,SW,337,197.2073090844632,,,,,0.0011679678376574,0.0011679678376574,0.0027252582878673,0.0046718713506297
pitch_types,primary_axis,mean,2026.0,11,FS,55,202.95067133483798,,,,,0.001132119508647,0.001132119508647,0.0026416121868432,0.0045284780345883
pitch_types,primary_axis,mean,2026.0,16,CH,1,204.62047846569692,,,,,0.0003199707041679,0.0003199707041679,0.0007465983097252,0.0012798828166718
pitch_types,primary_axis,mean,2026.0,11,SI,283,198.7666075037125,,,,,0.0042769309454035,0.0042769309454035,0.009979505539275,0.0171077237816143
pitch_types,primary_axis,mean,2026.0,14,CU,35,200.96058025539605,,,,,0.0018731525068327,0.0018731525068327,0.0043706891826098,0.0074926100273311
pitch_types,primary_axis,mean,2026.0,14,SW,33,209.27527122879883,,,,,0.0023235709022767,0.0023235709022767,0.0054216654386458,0.0092942836091071
pitch_types,primary_axis,mean,2026.0,1,CU,260,194.17925713923785,,,,,0.0008591891691684,0.0008591891691684,0.0020047747280596,0.0034367566766736
pitch_types,primary_axis,mean,2026.0,1,FA,863,195.04646264879017,,,,,0.0007432335958634,0.0007432335958634,0.0017342117236813,0.0029729343834537
pitch_types,primary_hbreak,mean,2026.0,16,FA,15,-5.785794530691094,,,,,0.0069702355680158,0.0069702355680158,0.0162638829920369,0.0278809422720633
pitch_types,primary_hbreak,mean,2026.0,16,SI,1,-8.299693601200746,,,,,0.0096204261252213,0.0096204261252213,0.0224476609588497,0.0384817045008852
pitch_types,primary_hbreak,mean,2026.0,1,SW,338,-4.039617368923186,,,,,0.0023708637917441,0.0023708637917441,0.0055320155140697,0.0094834551669767
pitch_types,primary_hbreak,mean,2026.0,11,CH,253,-3.9034304223717706,,,,,0.0019825333085898,0.0019825333085898,0.0046259110533764,0.0079301332343595
pitch_types,primary_hbreak,mean,2026.0,11,CU,158,-3.3209056659380503,,,,,0.003896473722349,0.003896473722349,0.0090917720188144,0.0155858948893962
pitch_types,primary_hbreak,mean,2026.0,14,FA,193,-6.204141564692654,,,,,0.0020053733520934,0.0020053733520934,0.004679204488218,0.0080214934083737
pitch_types,primary_hbreak,mean,2026.0,1,CU,260,-3.3318829654406,,,,,0.0020596857316871,0.0020596857316871,0.0048059333739367,0.0082387429267486
pitch_types,primary_hbreak,mean,2026.0,14,SI,44,-8.044436974770818,,,,,0.0054328777962082,0.0054328777962082,0.0126767148578193,0.0217315111848331
pitch_types,primary_hbreak,mean,2026.0,11,SW,232,-4.283758919846028,,,,,0.0050473330064229,0.0050473330064229,0.0117771103483203,0.0201893320256919
pitch_types,primary_hbreak,mean,2026.0,14,CH,57,-5.618764941985617,,,,,0.0012218904099737,0.0012218904099737,0.002851077623272,0.0048875616398948
pitch_types,primary_hbreak,mean,2026.0,11,FS,55,-5.66335249846513,,,,,0.0019195827842043,0.0019195827842043,0.0044790264964769,0.0076783311368175
pitch_types,primary_hbreak,mean,2026.0,1,CH,399,-2.6514864107627654,,,,,0.0011023840545671,0.0011023840545671,0.0025722294606567,0.0044095362182687
pitch_types,primary_hbreak,mean,2026.0,1,SL,710,-3.6763344072124036,,,,,0.0021321899371312,0.0021321899371312,0.0049751098533062,0.0085287597485249
pitch_types,primary_hbreak,mean,2026.0,1,FS,80,-5.96069859739219,,,,,0.0020931601234354,0.0020931601234354,0.004884040288016,0.0083726404937417
pitch_types,primary_hbreak,mean,2026.0,16,CH,1,-5.7926030184586335,,,,,0.0023095394963708,0.0023095394963708,0.005388925491532,0.0092381579854834
pitch_types,primary_hbreak,mean,2026.0,1,FA,863,-3.689412446442063,,,,,0.001348648296079,0.001348648296079,0.0031468460241843,0.005394593184316
pitch_types,primary_hbreak,mean,2026.0,11,HC,19,-0.9416727768103367,,,,,0.0662508324060954,0.0662508324060954,0.1545852756142227,0.2650033296243819
pitch_types,primary_hbreak,mean,2026.0,14,SL,155,-6.660610851985139,,,,,0.0026394182442547,0.0026394182442547,0.0061586425699276,0.0105576729770188
pitch_types,primary_hbreak,mean,2026.0,14,FS,11,-6.830206006600656,,,,,0.0012504007741294,0.0012504007741294,0.0029176018063019,0.0050016030965176
pitch_types,primary_hbreak,mean,2026.0,14,CU,35,-5.686480147509518,,,,,0.0015887350678678,0.0015887350678678,0.0037070484916915,0.0063549402714712
pitch_types,primary_hbreak,mean,2026.0,11,FA,553,-4.401416727764231,,,,,0.0014405367324042,0.0014405367324042,0.00336125237561,0.0057621469296171
pitch_types,primary_hbreak,mean,2026.0,1,SI,460,-3.3191222910860256,,,,,0.0046078385516301,0.0046078385516301,0.010751623287137,0.0184313542065206
pitch_types,primary_hbreak,mean,2026.0,11,SL,473,-4.357683577803833,,,,,0.0061943957609224,0.0061943957609224,0.014453590108819,0.0247775830436897
pitch_types,primary_hbreak,mean,2026.0,16,CU,11,-3.407390513400508,,,,,0.0030062980802118,0.0030062980802118,0.0070146955204943,0.0120251923208474
pitch_types,primary_hbreak,mean,2026.0,11,SI,284,-4.233967600403303,,,,,0.012165675233804,0.012165675233804,0.0283865755455428,0.0486627009352163
pitch_types,primary_hbreak,mean,2026.0,14,SW,33,-7.6283965956292406,,,,,0.0032377129356956,0.0032377129356956,0.007554663516623,0.0129508517427824
pitch_types,primary_hbreak,mean,2026.0,1,HC,32,0.11203839107877178,,,,,0.0234178776455451,0.0234178776455451,0.0546417145062719,0.0936715105821805
pitch_types,primary_hbreak,mean,2026.0,16,SL,3,-6.564989554145962,,,,,0.0087096306874342,0.0087096306874342,0.0203224716040133,0.0348385227497371
pitch_types,primary_vbreak,mean,2026.0,16,SL,3,12.39867095243052,,,,,0.0426562218999818,0.0426562218999818,0.0995311844332909,0.1706248875999272
pitch_types,primary_vbreak,mean,2026.0,1,CH,399,13.556307960899288,,,,,0.0063304011745781,0.0063304011745781,0.0147709360740157,0.0253216046983127
pitch_types,primary_vbreak,mean,2026.0,11,CH,253,13.257622441341793,,,,,0.0336504881299265,0.0336504881299265,0.0785178056364952,0.1346019525197062
pitch_types,primary_vbreak,mean,2026.0,11,FA,553,13.781994779183243,,,,,0.0054030262358532,0.0054030262358532,0.0126070612169909,0.0216121049434131
pitch_types,primary_vbreak,mean,2026.0,11,SI,284,11.525914612318243,,,,,0.0510647622724558,0.0510647622724558,0.1191511119690635,0.2042590490898232
pitch_types,primary_vbreak,mean,2026.0,16,CU,11,13.387555835645946,,,,,0.0225440152899951,0.0225440152899951,0.0526027023433221,0.0901760611599807
pitch_types,primary_vbreak,mean,2026.0,1,HC,32,11.423345537184298,,,,,0.0168062187628895,0.0168062187628895,0.0392145104467423,0.0672248750515582
pitch_types,primary_vbreak,mean,2026.0,16,SI,1,9.691185730164374,,,,,0.0374522119288453,0.0374522119288453,0.087388494500639,0.1498088477153812
pitch_types,primary_vbreak,mean,2026.0,14,SW,33,13.208002871275848,,,,,0.0189679889784596,0.0189679889784596,0.044258640949739,0.0758719559138384
pitch_types,primary_vbreak,mean,2026.0,1,FA,863,14.11762318470503,,,,,0.0048160920711036,0.0048160920711036,0.0112375481659084,0.0192643682844144
pitch_types,primary_vbreak,mean,2026.0,11,FS,55,14.199092208889917,,,,,0.0205557657823325,0.0205557657823325,0.0479634534921093,0.0822230631293303
pitch_types,primary_vbreak,mean,2026.0,14,CH,57,14.521567620873318,,,,,0.0110590908267241,0.0110590908267241,0.0258045452623563,0.0442363633068965
pitch_types,primary_vbreak,mean,2026.0,14,SL,155,14.531651701761097,,,,,0.0125257713513105,0.0125257713513105,0.0292267998197246,0.0501030854052422
pitch_types,primary_vbreak,mean,2026.0,14,SI,44,12.231517482573713,,,,,0.024301719142182,0.024301719142182,0.056704011331758,0.0972068765687281
pitch_types,primary_vbreak,mean,2026.0,16,CH,1,11.835768206270629,,,,,0.0210115289526999,0.0210115289526999,0.0490269008896332,0.0840461158107999
pitch_types,primary_vbreak,mean,2026.0,11,SL,473,13.37567727913503,,,,,0.0248623933973055,0.0248623933973055,0.0580122512603795,0.099449573589222
pitch_types,primary_vbreak,mean,2026.0,14,FS,11,15.717631324586701,,,,,0.005040459823361,0.005040459823361,0.0117610729211758,0.0201618392934443
pitch_types,primary_vbreak,mean,2026.0,14,FA,193,14.670575668428894,,,,,0.0104805343813811,0.0104805343813811,0.0244545802232225,0.0419221375255244
pitch_types,primary_vbreak,mean,2026.0,1,FS,80,14.691601827309727,,,,,0.0101148609274049,0.0101148609274049,0.0236013421639448,0.0404594437096197
pitch_types,primary_vbreak,mean,2026.0,1,SW,338,11.702838583631006,,,,,0.0179102932475888,0.0179102932475888,0.0417906842443739,0.0716411729903553
pitch_types,primary_vbreak,mean,2026.0,1,CU,260,14.044375212206305,,,,,0.0064635442802628,0.0064635442802628,0.0150816033206132,0.0258541771210513
pitch_types,primary_vbreak,mean,2026.0,11,HC,19,9.662749189522923,,,,,0.0084489304172236,0.0084489304172236,0.0197141709735218,0.0337957216688945
pitch_types,primary_vbreak,mean,2026.0,16,FA,15,13.015790340702965,,,,,0.0226836744202038,0.0226836744202038,0.0529285736471422,0.0907346976808153
pitch_types,primary_vbreak,mean,2026.0,11,SW,232,11.918714133116465,,,,,0.0301158657109106,0.0301158657109106,0.0702703533254581,0.1204634628436424
pitch_types,primary_vbreak,mean,2026.0,1,SI,460,11.526290876509561,,,,,0.0228845059029444,0.0228845059029444,0.0533971804402036,0.0915380236117777
pitch_types,primary_vbreak,mean,2026.0,1,SL,710,13.584394385337728,,,,,0.0084952887295482,0.0084952887295482,0.0198223403689458,0.0339811549181929
pitch_types,primary_vbreak,mean,2026.0,11,CU,158,13.957843242503754,,,,,0.008656182138877,0.008656182138877,0.0201977583240463,0.034624728555508
pitch_types,primary_vbreak,mean,2026.0,14,CU,35,15.271330476740282,,,,,0.0125102919951971,0.0125102919951971,0.0291906813221266,0.0500411679807886
pitch_types,primary_z_release,mean,2026.0,16,SL,3,1.5434941370623625,,,,,0.1582190586167069,0.1582190586167069,0.3691778034389827,0.6328762344668276
pitch_types,primary_z_release,mean,2026.0,1,HC,32,1.4148361343872473,,,,,0.0509720326628923,0.0509720326628923,0.1189347428800821,0.2038881306515693
pitch_types,primary_z_release,mean,2026.0,14,FA,193,1.8651453976575507,,,,,0.0092650914123262,0.0092650914123262,0.0216185466287613,0.0370603656493051
pitch_types,primary_z_release,mean,2026.0,1,FA,859,1.7863271831946892,,,,,0.0035283424556172,0.0035283424556172,0.0082327990631068,0.0141133698224689
pitch_types,primary_z_release,mean,2026.0,11,FS,55,2.04508947989756,,,,,0.0405286960453861,0.0405286960453861,0.0945669574392343,0.1621147841815446
pitch_types,primary_z_release,mean,2026.0,11,HC,19,1.0969219891020237,,,,,0.0205118217569756,0.0205118217569756,0.0478609174329432,0.0820472870279027
pitch_types,primary_z_release,mean,2026.0,14,SL,155,1.8979709129545486,,,,,0.0263967176071367,0.0263967176071367,0.0615923410833189,0.1055868704285468
pitch_types,primary_z_release,mean,2026.0,16,CH,1,1.4348239852846851,,,,,0.0344759885738563,0.0344759885738563,0.0804439733389981,0.1379039542954254
pitch_types,primary_z_release,mean,2026.0,16,SI,1,1.3476741228353462,,,,,0.2201900565772071,0.2201900565772071,0.5137767986801499,0.8807602263088286
pitch_types,primary_z_release,mean,2026.0,1,SI,457,1.4518571034690764,,,,,0.0292647545770021,0.0292647545770021,0.0682844273463382,0.1170590183080085
pitch_types,primary_z_release,mean,2026.0,11,SL,470,1.7920169577772398,,,,,0.0284533471573269,0.0284533471573269,0.0663911433670963,0.1138133886293079
pitch_types,primary_z_release,mean,2026.0,14,SW,33,1.4963687363688865,,,,,0.0350466492048248,0.0350466492048248,0.081775514811258,0.1401865968192994
pitch_types,primary_z_release,mean,2026.0,1,CU,259,1.8363410935746776,,,,,0.0285560597122811,0.0285560597122811,0.0666308059953226,0.1142242388491245
pitch_types,primary_z_release,mean,2026.0,11,CU,158,1.867381415872203,,,,,0.0236533256699464,0.0236533256699464,0.0551910932298751,0.0946133026797859
pitch_types,primary_z_release,mean,2026.0,16,FA,15,1.6442325765509347,,,,,0.1006997910928384,0.1006997910928384,0.2349661792166229,0.4027991643713536
pitch_types,primary_z_release,mean,2026.0,16,CU,11,1.7601406499345595,,,,,0.1115238964542411,0.1115238964542411,0.2602224250598959,0.4460955858169645
pitch_types,primary_z_release,mean,2026.0,11,SI,283,1.4746123571223275,,,,,0.0312494872095941,0.0312494872095941,0.0729154701557196,0.1249979488383764
pitch_types,primary_z_release,mean,2026.0,14,FS,11,2.0601825267918077,,,,,0.0164195761117421,0.0164195761117421,0.0383123442607316,0.0656783044469686
pitch_types,primary_z_release,mean,2026.0,11,SW,230,1.397327878330936,,,,,0.0174155693369493,0.0174155693369493,0.0406363284528817,0.0696622773477972
pitch_types,primary_z_release,mean,2026.0,1,SW,334,1.3712804948689388,,,,,0.0189346701876092,0.0189346701876092,0.0441808971044215,0.0757386807504369
pitch_types,primary_z_release,mean,2026.0,14,CU,35,1.9663023995674567,,,,,0.029814385599791,0.029814385599791,0.0695668997328457,0.1192575423991641
pitch_types,primary_z_release,mean,2026.0,11,CH,253,1.6329025503233452,,,,,0.0135317738378105,0.0135317738378105,0.0315741389548911,0.054127095351242
pitch_types,primary_z_release,mean,2026.0,11,FA,553,1.7042406456811934,,,,,0.0088619650227103,0.0088619650227103,0.0206779183863241,0.0354478600908414
pitch_types,primary_z_release,mean,2026.0,1,SL,709,1.8130294622727114,,,,,0.0224213660266659,0.0224213660266659,0.0523165207288871,0.0896854641066636
pitch_types,primary_z_release,mean,2026.0,1,FS,80,2.0084771650812425,,,,,0.0101420129356094,0.0101420129356094,0.0236646968497553,0.0405680517424376
pitch_types,primary_z_release,mean,2026.0,14,CH,57,1.7976890548316877,,,,,0.005510391528832,0.005510391528832,0.0128575802339414,0.0220415661153281
pitch_types,primary_z_release,mean,2026.0,14,SI,44,1.5314711485650976,,,,,0.0302599646512928,0.0302599646512928,0.0706065841863499,0.1210398586051713
pitch_types,primary_z_release,mean,2026.0,1,CH,399,1.7009153681752063,,,,,0.022083846743553,0.022083846743553,0.0515289757349571,0.0883353869742121
pitch_types,primary_x_release,mean,2026.0,1,SI,457,-1.0812548769731958,,,,,0.0069884007085022,0.0069884007085022,0.0163062683198386,0.0279536028340091
pitch_types,primary_x_release,mean,2026.0,11,FA,553,-1.368121120428053,,,,,0.0030538166037756,0.0030538166037756,0.0071255720754765,0.0122152664151027
pitch_types,primary_x_release,mean,2026.0,11,HC,19,-1.7948048614733665,,,,,0.003645314595223,0.003645314595223,0.0085057340555205,0.0145812583808923
pitch_types,primary_x_release,mean,2026.0,14,CU,35,-1.6017230991166078,,,,,0.0031892785387864,0.0031892785387864,0.007441649923835,0.0127571141551457
pitch_types,primary_x_release,mean,2026.0,11,SI,283,-1.3859970049517627,,,,,0.0043838864217863,0.0043838864217863,0.0102290683175013,0.0175355456871452
pitch_types,primary_x_release,mean,2026.0,14,FS,11,-1.7471933771988286,,,,,0.0020198039168379,0.0020198039168379,0.0047128758059552,0.0080792156673518
pitch_types,primary_x_release,mean,2026.0,1,SL,709,-1.2308744586580018,,,,,0.0049847768057713,0.0049847768057713,0.011631145880133,0.0199391072230852
pitch_types,primary_x_release,mean,2026.0,14,CH,57,-1.4189593849463047,,,,,0.0025735890682733,0.0025735890682733,0.0060050411593044,0.0102943562730933
pitch_types,primary_x_release,mean,2026.0,14,SL,155,-1.7358635368871063,,,,,0.00356564551156,0.00356564551156,0.0083198395269733,0.01426258204624
pitch_types,primary_x_release,mean,2026.0,11,SW,230,-1.4619850529427583,,,,,0.00348791113808,0.00348791113808,0.0081384593221868,0.0139516445523203
pitch_types,primary_x_release,mean,2026.0,11,FS,55,-1.7800984945045333,,,,,0.0067934734188751,0.0067934734188751,0.0158514379773752,0.0271738936755004
pitch_types,primary_x_release,mean,2026.0,1,FS,80,-1.7845033974821196,,,,,0.0172991055990257,0.0172991055990257,0.04036457973106,0.069196422396103
pitch_types,primary_x_release,mean,2026.0,14,SW,33,-2.080256509226553,,,,,0.0050774345954836,0.0050774345954836,0.0118473473894618,0.0203097383819346
pitch_types,primary_x_release,mean,2026.0,14,FA,193,-1.6034795575210143,,,,,0.0030002366069975,0.0030002366069975,0.0070005520829942,0.0120009464279901
pitch_types,primary_x_release,mean,2026.0,16,SI,1,-1.9880077721500728,,,,,0.0172666619862884,0.0172666619862884,0.0402888779680063,0.0690666479451538
pitch_types,primary_x_release,mean,2026.0,16,CH,1,-0.9953711112846576,,,,,0.0066036768630887,0.0066036768630887,0.0154085793472069,0.0264147074523548
pitch_types,primary_x_release,mean,2026.0,1,HC,32,-0.9219626424053963,,,,,0.0109608074782805,0.0109608074782805,0.0255752174493213,0.0438432299131223
pitch_types,primary_x_release,mean,2026.0,1,FA,859,-1.1489575969312038,,,,,0.0041370373547199,0.0041370373547199,0.0096530871610131,0.0165481494188796
pitch_types,primary_x_release,mean,2026.0,1,CU,259,-1.1832958785359413,,,,,0.0071590741037218,0.0071590741037218,0.0167045062420177,0.0286362964148875
pitch_types,primary_x_release,mean,2026.0,11,CU,158,-1.158497683267196,,,,,0.0033439336515863,0.0033439336515863,0.0078025118537015,0.0133757346063455
pitch_types,primary_x_release,mean,2026.0,16,CU,11,-0.694868572905948,,,,,0.0055615777398405,0.0055615777398405,0.0129770147262945,0.022246310959362
pitch_types,primary_x_release,mean,2026.0,1,CH,399,-0.7624677742933883,,,,,0.0028323442647144,0.0028323442647144,0.0066088032843337,0.0113293770588578
pitch_types,primary_x_release,mean,2026.0,16,FA,15,-1.506371367679721,,,,,0.0108622987752063,0.0108622987752063,0.0253453638088147,0.0434491951008252
pitch_types,primary_x_release,mean,2026.0,11,SL,470,-1.3631910446310653,,,,,0.0038413712604837,0.0038413712604837,0.0089631996077954,0.015365485041935
pitch_types,primary_x_release,mean,2026.0,1,SW,334,-1.2843780069809778,,,,,0.005305121169779,0.005305121169779,0.0123786160628177,0.0212204846791162
pitch_types,primary_x_release,mean,2026.0,16,SL,3,-1.6865899403190798,,,,,0.0170184556890448,0.0170184556890448,0.0397097299411047,0.0680738227561795
pitch_types,primary_x_release,mean,2026.0,11,CH,253,-1.1303921814738658,,,,,0.0023830980314712,0.0023830980314712,0.0055605620734329,0.009532392125885
pitch_types,primary_x_release,mean,2026.0,14,SI,44,-2.16254159856069,,,,,0.0052475843215198,0.0052475843215198,0.0122443634168796,0.0209903372860793
pitchers,pred_v13,mean,2026.0,1,,640,-0.01459164,,,,,115.557722,115.557722,269.634685,462.230889
